<?xml version='1.0' encoding='UTF-8' standalone='yes' ?>
<gpx version="1.1" creator="OsmAnd 5.3.10" xmlns="http://www.topografix.com/GPX/1/1" xmlns:osmand="https://osmand.net/docs/technical/osmand-file-formats/osmand-gpx" xmlns:gpxtpx="https://www8.garmin.com/xmlschemas/TrackPointExtensionv1.xsd" xmlns:xsi="http://www.w3.org/2001/XMLSchema-instance" xsi:schemaLocation="http://www.topografix.com/GPX/1/1 https://www.topografix.com/GPX/1/1/gpx.xsd">
  <metadata>
    <name>2026-06-02_20-00_Tue tayancani</name>
  </metadata>
  <trk>
    <trkseg>
      <trkpt lat="-13.5732274" lon="-71.2859622">
        <ele>4489.3</ele>
        <time>2026-06-03T01:00:00Z</time>
        <hdop>3.7</hdop>
        <extensions>
          <osmand:speed>0.2</osmand:speed>
        </extensions>
      </trkpt>
      <trkpt lat="-13.5731884" lon="-71.2859171">
        <ele>4488.3</ele>
        <time>2026-06-03T01:00:15Z</time>
        <hdop>3</hdop>
        <extensions>
          <osmand:speed>0.2</osmand:speed>
        </extensions>
      </trkpt>
      <trkpt lat="-13.5732022" lon="-71.2859109">
        <ele>4488.4</ele>
        <time>2026-06-03T01:00:30Z</time>
        <hdop>3</hdop>
        <extensions>
          <osmand:speed>0.1</osmand:speed>
        </extensions>
      </trkpt>
      <trkpt lat="-13.5731903" lon="-71.285932">
        <ele>4488.5</ele>
        <time>2026-06-03T01:00:46Z</time>
        <hdop>3</hdop>
        <extensions>
          <osmand:speed>0</osmand:speed>
        </extensions>
      </trkpt>
      <trkpt lat="-13.5732084" lon="-71.2858304">
        <ele>4487.7</ele>
        <time>2026-06-03T01:01:01Z</time>
        <hdop>3</hdop>
        <extensions>
          <osmand:speed>0.6</osmand:speed>
        </extensions>
      </trkpt>
      <trkpt lat="-13.5732152" lon="-71.2857878">
        <ele>4486.3</ele>
        <time>2026-06-03T01:01:17Z</time>
        <hdop>3</hdop>
        <extensions>
          <osmand:speed>0.1</osmand:speed>
        </extensions>
      </trkpt>
      <trkpt lat="-13.5732041" lon="-71.2857502">
        <ele>4485.6</ele>
        <time>2026-06-03T01:01:33Z</time>
        <hdop>3</hdop>
        <extensions>
          <osmand:speed>0.1</osmand:speed>
        </extensions>
      </trkpt>
      <trkpt lat="-13.5732771" lon="-71.2857931">
        <ele>4485.5</ele>
        <time>2026-06-03T01:01:48Z</time>
        <hdop>3</hdop>
        <extensions>
          <osmand:speed>0.7</osmand:speed>
        </extensions>
      </trkpt>
      <trkpt lat="-13.5733002" lon="-71.2858195">
        <ele>4485.4</ele>
        <time>2026-06-03T01:02:04Z</time>
        <hdop>3</hdop>
        <extensions>
          <osmand:speed>0</osmand:speed>
        </extensions>
      </trkpt>
      <trkpt lat="-13.5733033" lon="-71.2858193">
        <ele>4485.4</ele>
        <time>2026-06-03T01:02:19Z</time>
        <hdop>3</hdop>
        <extensions>
          <osmand:speed>0</osmand:speed>
        </extensions>
      </trkpt>
      <trkpt lat="-13.5733046" lon="-71.2858216">
        <ele>4485.4</ele>
        <time>2026-06-03T01:02:35Z</time>
        <hdop>3</hdop>
        <extensions>
          <osmand:speed>0.1</osmand:speed>
        </extensions>
      </trkpt>
      <trkpt lat="-13.5733089" lon="-71.2858428">
        <ele>4486</ele>
        <time>2026-06-03T01:02:51Z</time>
        <hdop>3</hdop>
        <extensions>
          <osmand:speed>0.1</osmand:speed>
        </extensions>
      </trkpt>
      <trkpt lat="-13.5733403" lon="-71.2858782">
        <ele>4485.7</ele>
        <time>2026-06-03T01:03:06Z</time>
        <hdop>3</hdop>
        <extensions>
          <osmand:speed>0.5</osmand:speed>
        </extensions>
      </trkpt>
      <trkpt lat="-13.5734194" lon="-71.2859407">
        <ele>4485.3</ele>
        <time>2026-06-03T01:03:21Z</time>
        <hdop>3</hdop>
        <extensions>
          <osmand:speed>0.8</osmand:speed>
        </extensions>
      </trkpt>
      <trkpt lat="-13.5734981" lon="-71.2860182">
        <ele>4482.1</ele>
        <time>2026-06-03T01:03:37Z</time>
        <hdop>3</hdop>
        <extensions>
          <osmand:speed>0.9</osmand:speed>
        </extensions>
      </trkpt>
      <trkpt lat="-13.5736088" lon="-71.2860758">
        <ele>4478.9</ele>
        <time>2026-06-03T01:03:52Z</time>
        <hdop>3</hdop>
        <extensions>
          <osmand:speed>1</osmand:speed>
        </extensions>
      </trkpt>
      <trkpt lat="-13.573748" lon="-71.2861719">
        <ele>4481.2</ele>
        <time>2026-06-03T01:04:07Z</time>
        <hdop>3</hdop>
        <extensions>
          <osmand:speed>1.1</osmand:speed>
        </extensions>
      </trkpt>
      <trkpt lat="-13.5738783" lon="-71.2862302">
        <ele>4479.5</ele>
        <time>2026-06-03T01:04:23Z</time>
        <hdop>3</hdop>
        <extensions>
          <osmand:speed>1.1</osmand:speed>
        </extensions>
      </trkpt>
      <trkpt lat="-13.5739957" lon="-71.2863101">
        <ele>4476.2</ele>
        <time>2026-06-03T01:04:38Z</time>
        <hdop>3</hdop>
        <extensions>
          <osmand:speed>1</osmand:speed>
        </extensions>
      </trkpt>
      <trkpt lat="-13.5740074" lon="-71.2863644">
        <ele>4473.9</ele>
        <time>2026-06-03T01:04:53Z</time>
        <hdop>3</hdop>
        <extensions>
          <osmand:speed>0.5</osmand:speed>
        </extensions>
      </trkpt>
      <trkpt lat="-13.5740509" lon="-71.2864379">
        <ele>4472.5</ele>
        <time>2026-06-03T01:05:09Z</time>
        <hdop>3</hdop>
        <extensions>
          <osmand:speed>0.7</osmand:speed>
        </extensions>
      </trkpt>
      <trkpt lat="-13.5741091" lon="-71.2864805">
        <ele>4472.5</ele>
        <time>2026-06-03T01:05:24Z</time>
        <hdop>3</hdop>
        <extensions>
          <osmand:speed>0.8</osmand:speed>
        </extensions>
      </trkpt>
      <trkpt lat="-13.5742698" lon="-71.28655">
        <ele>4474</ele>
        <time>2026-06-03T01:05:39Z</time>
        <hdop>3</hdop>
        <extensions>
          <osmand:speed>1.1</osmand:speed>
        </extensions>
      </trkpt>
      <trkpt lat="-13.5744104" lon="-71.2865988">
        <ele>4473.8</ele>
        <time>2026-06-03T01:05:54Z</time>
        <hdop>3</hdop>
        <extensions>
          <osmand:speed>1.1</osmand:speed>
        </extensions>
      </trkpt>
      <trkpt lat="-13.5745548" lon="-71.2866541">
        <ele>4470.5</ele>
        <time>2026-06-03T01:06:10Z</time>
        <hdop>3</hdop>
        <extensions>
          <osmand:speed>1.1</osmand:speed>
        </extensions>
      </trkpt>
      <trkpt lat="-13.5747036" lon="-71.2867271">
        <ele>4468.2</ele>
        <time>2026-06-03T01:06:25Z</time>
        <hdop>3</hdop>
        <extensions>
          <osmand:speed>1.2</osmand:speed>
        </extensions>
      </trkpt>
      <trkpt lat="-13.5748618" lon="-71.2868275">
        <ele>4469</ele>
        <time>2026-06-03T01:06:40Z</time>
        <hdop>3</hdop>
        <extensions>
          <osmand:speed>1.2</osmand:speed>
        </extensions>
      </trkpt>
      <trkpt lat="-13.5750527" lon="-71.2869055">
        <ele>4469.9</ele>
        <time>2026-06-03T01:06:56Z</time>
        <hdop>3</hdop>
        <extensions>
          <osmand:speed>1.4</osmand:speed>
        </extensions>
      </trkpt>
      <trkpt lat="-13.5751999" lon="-71.2869697">
        <ele>4468.1</ele>
        <time>2026-06-03T01:07:11Z</time>
        <hdop>3</hdop>
        <extensions>
          <osmand:speed>1.3</osmand:speed>
        </extensions>
      </trkpt>
      <trkpt lat="-13.5753763" lon="-71.2870197">
        <ele>4464.7</ele>
        <time>2026-06-03T01:07:26Z</time>
        <hdop>3</hdop>
        <extensions>
          <osmand:speed>1.3</osmand:speed>
        </extensions>
      </trkpt>
      <trkpt lat="-13.5755398" lon="-71.287094">
        <ele>4463.9</ele>
        <time>2026-06-03T01:07:42Z</time>
        <hdop>3</hdop>
        <extensions>
          <osmand:speed>1.3</osmand:speed>
        </extensions>
      </trkpt>
      <trkpt lat="-13.5757096" lon="-71.2871403">
        <ele>4464.3</ele>
        <time>2026-06-03T01:07:57Z</time>
        <hdop>3</hdop>
        <extensions>
          <osmand:speed>1.3</osmand:speed>
        </extensions>
      </trkpt>
      <trkpt lat="-13.5757622" lon="-71.287157">
        <ele>4462.9</ele>
        <time>2026-06-03T01:08:12Z</time>
        <hdop>3</hdop>
        <extensions>
          <osmand:speed>0</osmand:speed>
        </extensions>
      </trkpt>
      <trkpt lat="-13.5758496" lon="-71.2871935">
        <ele>4460.2</ele>
        <time>2026-06-03T01:08:27Z</time>
        <hdop>3</hdop>
        <extensions>
          <osmand:speed>0.6</osmand:speed>
        </extensions>
      </trkpt>
      <trkpt lat="-13.5759596" lon="-71.2872398">
        <ele>4460.8</ele>
        <time>2026-06-03T01:08:43Z</time>
        <hdop>3</hdop>
        <extensions>
          <osmand:speed>1.1</osmand:speed>
        </extensions>
      </trkpt>
      <trkpt lat="-13.576134" lon="-71.2872969">
        <ele>4460.3</ele>
        <time>2026-06-03T01:08:58Z</time>
        <hdop>3</hdop>
        <extensions>
          <osmand:speed>1.2</osmand:speed>
        </extensions>
      </trkpt>
      <trkpt lat="-13.5763149" lon="-71.2873409">
        <ele>4460.5</ele>
        <time>2026-06-03T01:09:14Z</time>
        <hdop>3</hdop>
        <extensions>
          <osmand:speed>1.2</osmand:speed>
        </extensions>
      </trkpt>
      <trkpt lat="-13.5764804" lon="-71.2873185">
        <ele>4463.1</ele>
        <time>2026-06-03T01:09:29Z</time>
        <hdop>3</hdop>
        <extensions>
          <osmand:speed>1.1</osmand:speed>
        </extensions>
      </trkpt>
      <trkpt lat="-13.5766455" lon="-71.2873255">
        <ele>4463</ele>
        <time>2026-06-03T01:09:44Z</time>
        <hdop>3</hdop>
        <extensions>
          <osmand:speed>1.2</osmand:speed>
        </extensions>
      </trkpt>
      <trkpt lat="-13.5768174" lon="-71.2873305">
        <ele>4460.6</ele>
        <time>2026-06-03T01:09:59Z</time>
        <hdop>3</hdop>
        <extensions>
          <osmand:speed>1.2</osmand:speed>
        </extensions>
      </trkpt>
      <trkpt lat="-13.5769682" lon="-71.2873644">
        <ele>4459.2</ele>
        <time>2026-06-03T01:10:15Z</time>
        <hdop>3</hdop>
        <extensions>
          <osmand:speed>1.1</osmand:speed>
        </extensions>
      </trkpt>
      <trkpt lat="-13.5771303" lon="-71.2873807">
        <ele>4458.1</ele>
        <time>2026-06-03T01:10:30Z</time>
        <hdop>3</hdop>
        <extensions>
          <osmand:speed>1.2</osmand:speed>
        </extensions>
      </trkpt>
      <trkpt lat="-13.577285" lon="-71.2873844">
        <ele>4455.5</ele>
        <time>2026-06-03T01:10:45Z</time>
        <hdop>3</hdop>
        <extensions>
          <osmand:speed>1.2</osmand:speed>
        </extensions>
      </trkpt>
      <trkpt lat="-13.5774432" lon="-71.2873726">
        <ele>4455</ele>
        <time>2026-06-03T01:11:00Z</time>
        <hdop>3</hdop>
        <extensions>
          <osmand:speed>1.1</osmand:speed>
        </extensions>
      </trkpt>
      <trkpt lat="-13.5776123" lon="-71.2873768">
        <ele>4454.3</ele>
        <time>2026-06-03T01:11:16Z</time>
        <hdop>3</hdop>
        <extensions>
          <osmand:speed>1.2</osmand:speed>
        </extensions>
      </trkpt>
      <trkpt lat="-13.577779" lon="-71.2873565">
        <ele>4454.1</ele>
        <time>2026-06-03T01:11:31Z</time>
        <hdop>3</hdop>
        <extensions>
          <osmand:speed>1.2</osmand:speed>
        </extensions>
      </trkpt>
      <trkpt lat="-13.5779184" lon="-71.2873626">
        <ele>4450.5</ele>
        <time>2026-06-03T01:11:46Z</time>
        <hdop>3</hdop>
        <extensions>
          <osmand:speed>1.1</osmand:speed>
        </extensions>
      </trkpt>
      <trkpt lat="-13.5780649" lon="-71.2873886">
        <ele>4450.3</ele>
        <time>2026-06-03T01:12:01Z</time>
        <hdop>3</hdop>
        <extensions>
          <osmand:speed>1.1</osmand:speed>
        </extensions>
      </trkpt>
      <trkpt lat="-13.5782094" lon="-71.2874407">
        <ele>4451</ele>
        <time>2026-06-03T01:12:17Z</time>
        <hdop>3</hdop>
        <extensions>
          <osmand:speed>1.1</osmand:speed>
        </extensions>
      </trkpt>
      <trkpt lat="-13.5783533" lon="-71.2874946">
        <ele>4449.8</ele>
        <time>2026-06-03T01:12:32Z</time>
        <hdop>3</hdop>
        <extensions>
          <osmand:speed>1.1</osmand:speed>
        </extensions>
      </trkpt>
      <trkpt lat="-13.5785074" lon="-71.2875406">
        <ele>4450.3</ele>
        <time>2026-06-03T01:12:47Z</time>
        <hdop>3</hdop>
        <extensions>
          <osmand:speed>1.1</osmand:speed>
        </extensions>
      </trkpt>
      <trkpt lat="-13.5786458" lon="-71.2876171">
        <ele>4448.9</ele>
        <time>2026-06-03T01:13:03Z</time>
        <hdop>3</hdop>
        <extensions>
          <osmand:speed>1.2</osmand:speed>
        </extensions>
      </trkpt>
      <trkpt lat="-13.5787925" lon="-71.2876552">
        <ele>4448.1</ele>
        <time>2026-06-03T01:13:18Z</time>
        <hdop>3</hdop>
        <extensions>
          <osmand:speed>1.2</osmand:speed>
        </extensions>
      </trkpt>
      <trkpt lat="-13.57895" lon="-71.2877171">
        <ele>4446</ele>
        <time>2026-06-03T01:13:33Z</time>
        <hdop>3</hdop>
        <extensions>
          <osmand:speed>1.2</osmand:speed>
        </extensions>
      </trkpt>
      <trkpt lat="-13.5790859" lon="-71.2877533">
        <ele>4447</ele>
        <time>2026-06-03T01:13:48Z</time>
        <hdop>3</hdop>
        <extensions>
          <osmand:speed>1.1</osmand:speed>
        </extensions>
      </trkpt>
      <trkpt lat="-13.5792433" lon="-71.2877721">
        <ele>4446.2</ele>
        <time>2026-06-03T01:14:03Z</time>
        <hdop>3</hdop>
        <extensions>
          <osmand:speed>1.1</osmand:speed>
        </extensions>
      </trkpt>
      <trkpt lat="-13.5793984" lon="-71.2878294">
        <ele>4445.8</ele>
        <time>2026-06-03T01:14:19Z</time>
        <hdop>3</hdop>
        <extensions>
          <osmand:speed>1.2</osmand:speed>
        </extensions>
      </trkpt>
      <trkpt lat="-13.5795286" lon="-71.2878853">
        <ele>4444.4</ele>
        <time>2026-06-03T01:14:34Z</time>
        <hdop>3</hdop>
        <extensions>
          <osmand:speed>1.1</osmand:speed>
        </extensions>
      </trkpt>
      <trkpt lat="-13.5796554" lon="-71.2879341">
        <ele>4444.2</ele>
        <time>2026-06-03T01:14:49Z</time>
        <hdop>3</hdop>
        <extensions>
          <osmand:speed>0.9</osmand:speed>
        </extensions>
      </trkpt>
      <trkpt lat="-13.5797664" lon="-71.2879861">
        <ele>4443.4</ele>
        <time>2026-06-03T01:15:05Z</time>
        <hdop>3</hdop>
        <extensions>
          <osmand:speed>1.1</osmand:speed>
        </extensions>
      </trkpt>
      <trkpt lat="-13.5799215" lon="-71.2880693">
        <ele>4446</ele>
        <time>2026-06-03T01:15:20Z</time>
        <hdop>3</hdop>
        <extensions>
          <osmand:speed>1.2</osmand:speed>
        </extensions>
      </trkpt>
      <trkpt lat="-13.5800515" lon="-71.288139">
        <ele>4445.5</ele>
        <time>2026-06-03T01:15:35Z</time>
        <hdop>3</hdop>
        <extensions>
          <osmand:speed>1.1</osmand:speed>
        </extensions>
      </trkpt>
      <trkpt lat="-13.5801816" lon="-71.28823">
        <ele>4444.1</ele>
        <time>2026-06-03T01:15:50Z</time>
        <hdop>3</hdop>
        <extensions>
          <osmand:speed>1.1</osmand:speed>
        </extensions>
      </trkpt>
      <trkpt lat="-13.5803083" lon="-71.288334">
        <ele>4443.6</ele>
        <time>2026-06-03T01:16:05Z</time>
        <hdop>3</hdop>
        <extensions>
          <osmand:speed>1.1</osmand:speed>
        </extensions>
      </trkpt>
      <trkpt lat="-13.5804347" lon="-71.288415">
        <ele>4444.4</ele>
        <time>2026-06-03T01:16:20Z</time>
        <hdop>3</hdop>
        <extensions>
          <osmand:speed>1.2</osmand:speed>
        </extensions>
      </trkpt>
      <trkpt lat="-13.580565" lon="-71.288489">
        <ele>4444.2</ele>
        <time>2026-06-03T01:16:35Z</time>
        <hdop>3</hdop>
        <extensions>
          <osmand:speed>1.1</osmand:speed>
        </extensions>
      </trkpt>
      <trkpt lat="-13.580722" lon="-71.2885125">
        <ele>4442.8</ele>
        <time>2026-06-03T01:16:51Z</time>
        <hdop>3</hdop>
        <extensions>
          <osmand:speed>1</osmand:speed>
        </extensions>
      </trkpt>
      <trkpt lat="-13.5808644" lon="-71.2885381">
        <ele>4445.7</ele>
        <time>2026-06-03T01:17:06Z</time>
        <hdop>3</hdop>
        <extensions>
          <osmand:speed>1</osmand:speed>
        </extensions>
      </trkpt>
      <trkpt lat="-13.5809911" lon="-71.2886015">
        <ele>4447.7</ele>
        <time>2026-06-03T01:17:21Z</time>
        <hdop>3</hdop>
        <extensions>
          <osmand:speed>1.1</osmand:speed>
        </extensions>
      </trkpt>
      <trkpt lat="-13.5811162" lon="-71.2886972">
        <ele>4448.7</ele>
        <time>2026-06-03T01:17:37Z</time>
        <hdop>3</hdop>
        <extensions>
          <osmand:speed>1.1</osmand:speed>
        </extensions>
      </trkpt>
      <trkpt lat="-13.581223" lon="-71.2887776">
        <ele>4449.3</ele>
        <time>2026-06-03T01:17:52Z</time>
        <hdop>3</hdop>
        <extensions>
          <osmand:speed>1.1</osmand:speed>
        </extensions>
      </trkpt>
      <trkpt lat="-13.5813633" lon="-71.2888196">
        <ele>4448</ele>
        <time>2026-06-03T01:18:07Z</time>
        <hdop>3</hdop>
        <extensions>
          <osmand:speed>1</osmand:speed>
        </extensions>
      </trkpt>
      <trkpt lat="-13.5814839" lon="-71.2888659">
        <ele>4447.3</ele>
        <time>2026-06-03T01:18:23Z</time>
        <hdop>3</hdop>
        <extensions>
          <osmand:speed>1.1</osmand:speed>
        </extensions>
      </trkpt>
      <trkpt lat="-13.5815367" lon="-71.2888852">
        <ele>4445.4</ele>
        <time>2026-06-03T01:18:38Z</time>
        <hdop>3</hdop>
        <extensions>
          <osmand:speed>0</osmand:speed>
        </extensions>
      </trkpt>
      <trkpt lat="-13.5816175" lon="-71.2889142">
        <ele>4446.6</ele>
        <time>2026-06-03T01:18:54Z</time>
        <hdop>3</hdop>
        <extensions>
          <osmand:speed>0.5</osmand:speed>
        </extensions>
      </trkpt>
      <trkpt lat="-13.5816853" lon="-71.2889559">
        <ele>4447.7</ele>
        <time>2026-06-03T01:19:09Z</time>
        <hdop>3</hdop>
        <extensions>
          <osmand:speed>0.7</osmand:speed>
        </extensions>
      </trkpt>
      <trkpt lat="-13.5816932" lon="-71.2889554">
        <ele>4447.1</ele>
        <time>2026-06-03T01:19:25Z</time>
        <hdop>3</hdop>
        <extensions>
          <osmand:speed>0</osmand:speed>
        </extensions>
      </trkpt>
      <trkpt lat="-13.581741" lon="-71.2890121">
        <ele>4447.6</ele>
        <time>2026-06-03T01:19:40Z</time>
        <hdop>3</hdop>
        <extensions>
          <osmand:speed>0.6</osmand:speed>
        </extensions>
      </trkpt>
      <trkpt lat="-13.5818172" lon="-71.2890891">
        <ele>4449.2</ele>
        <time>2026-06-03T01:19:56Z</time>
        <hdop>3</hdop>
        <extensions>
          <osmand:speed>0.6</osmand:speed>
        </extensions>
      </trkpt>
      <trkpt lat="-13.5818447" lon="-71.2890974">
        <ele>4449.7</ele>
        <time>2026-06-03T01:20:11Z</time>
        <hdop>3</hdop>
        <extensions>
          <osmand:speed>0.1</osmand:speed>
        </extensions>
      </trkpt>
      <trkpt lat="-13.581924" lon="-71.2891216">
        <ele>4448.4</ele>
        <time>2026-06-03T01:20:27Z</time>
        <hdop>3</hdop>
        <extensions>
          <osmand:speed>0.7</osmand:speed>
        </extensions>
      </trkpt>
      <trkpt lat="-13.5820106" lon="-71.2891495">
        <ele>4447.3</ele>
        <time>2026-06-03T01:20:42Z</time>
        <hdop>3</hdop>
        <extensions>
          <osmand:speed>0.3</osmand:speed>
        </extensions>
      </trkpt>
      <trkpt lat="-13.5820925" lon="-71.2892226">
        <ele>4447.5</ele>
        <time>2026-06-03T01:20:57Z</time>
        <hdop>3</hdop>
        <extensions>
          <osmand:speed>0.7</osmand:speed>
        </extensions>
      </trkpt>
      <trkpt lat="-13.582214" lon="-71.2892711">
        <ele>4449.4</ele>
        <time>2026-06-03T01:21:13Z</time>
        <hdop>3</hdop>
        <extensions>
          <osmand:speed>0.9</osmand:speed>
        </extensions>
      </trkpt>
      <trkpt lat="-13.5822992" lon="-71.289345">
        <ele>4449.6</ele>
        <time>2026-06-03T01:21:28Z</time>
        <hdop>3</hdop>
        <extensions>
          <osmand:speed>0.8</osmand:speed>
        </extensions>
      </trkpt>
      <trkpt lat="-13.5824012" lon="-71.2894079">
        <ele>4451</ele>
        <time>2026-06-03T01:21:43Z</time>
        <hdop>3</hdop>
        <extensions>
          <osmand:speed>0.9</osmand:speed>
        </extensions>
      </trkpt>
      <trkpt lat="-13.5825231" lon="-71.2894627">
        <ele>4447.9</ele>
        <time>2026-06-03T01:21:58Z</time>
        <hdop>3</hdop>
        <extensions>
          <osmand:speed>1</osmand:speed>
        </extensions>
      </trkpt>
      <trkpt lat="-13.5826408" lon="-71.2895401">
        <ele>4452.4</ele>
        <time>2026-06-03T01:22:14Z</time>
        <hdop>3</hdop>
        <extensions>
          <osmand:speed>0.8</osmand:speed>
        </extensions>
      </trkpt>
      <trkpt lat="-13.5827215" lon="-71.2895841">
        <ele>4451.2</ele>
        <time>2026-06-03T01:22:29Z</time>
        <hdop>3</hdop>
        <extensions>
          <osmand:speed>0.8</osmand:speed>
        </extensions>
      </trkpt>
      <trkpt lat="-13.5828331" lon="-71.2896454">
        <ele>4448.6</ele>
        <time>2026-06-03T01:22:44Z</time>
        <hdop>3</hdop>
        <extensions>
          <osmand:speed>1.1</osmand:speed>
        </extensions>
      </trkpt>
      <trkpt lat="-13.5829496" lon="-71.2897004">
        <ele>4448.4</ele>
        <time>2026-06-03T01:23:00Z</time>
        <hdop>3</hdop>
        <extensions>
          <osmand:speed>0.9</osmand:speed>
        </extensions>
      </trkpt>
      <trkpt lat="-13.5830828" lon="-71.2897503">
        <ele>4448.7</ele>
        <time>2026-06-03T01:23:15Z</time>
        <hdop>3</hdop>
        <extensions>
          <osmand:speed>1</osmand:speed>
        </extensions>
      </trkpt>
      <trkpt lat="-13.5831608" lon="-71.2898053">
        <ele>4450.4</ele>
        <time>2026-06-03T01:23:30Z</time>
        <hdop>3</hdop>
        <extensions>
          <osmand:speed>0.8</osmand:speed>
        </extensions>
      </trkpt>
      <trkpt lat="-13.5832233" lon="-71.2898622">
        <ele>4450.3</ele>
        <time>2026-06-03T01:23:45Z</time>
        <hdop>3</hdop>
        <extensions>
          <osmand:speed>0.8</osmand:speed>
        </extensions>
      </trkpt>
      <trkpt lat="-13.5833457" lon="-71.2899334">
        <ele>4449.7</ele>
        <time>2026-06-03T01:24:00Z</time>
        <hdop>3</hdop>
        <extensions>
          <osmand:speed>1</osmand:speed>
        </extensions>
      </trkpt>
      <trkpt lat="-13.58345" lon="-71.29004">
        <ele>4449.8</ele>
        <time>2026-06-03T01:24:16Z</time>
        <hdop>3</hdop>
        <extensions>
          <osmand:speed>1</osmand:speed>
        </extensions>
      </trkpt>
      <trkpt lat="-13.5835249" lon="-71.2901176">
        <ele>4450.1</ele>
        <time>2026-06-03T01:24:31Z</time>
        <hdop>3</hdop>
        <extensions>
          <osmand:speed>0.6</osmand:speed>
        </extensions>
      </trkpt>
      <trkpt lat="-13.5835718" lon="-71.2901837">
        <ele>4448.3</ele>
        <time>2026-06-03T01:24:46Z</time>
        <hdop>3</hdop>
        <extensions>
          <osmand:speed>0.9</osmand:speed>
        </extensions>
      </trkpt>
      <trkpt lat="-13.5836721" lon="-71.2903128">
        <ele>4447.4</ele>
        <time>2026-06-03T01:25:01Z</time>
        <hdop>3</hdop>
        <extensions>
          <osmand:speed>1</osmand:speed>
        </extensions>
      </trkpt>
      <trkpt lat="-13.5837479" lon="-71.2903968">
        <ele>4450.6</ele>
        <time>2026-06-03T01:25:17Z</time>
        <hdop>3</hdop>
        <extensions>
          <osmand:speed>0.9</osmand:speed>
        </extensions>
      </trkpt>
      <trkpt lat="-13.5838067" lon="-71.2905158">
        <ele>4452.5</ele>
        <time>2026-06-03T01:25:32Z</time>
        <hdop>3</hdop>
        <extensions>
          <osmand:speed>1.1</osmand:speed>
        </extensions>
      </trkpt>
      <trkpt lat="-13.5838923" lon="-71.2906373">
        <ele>4452</ele>
        <time>2026-06-03T01:25:47Z</time>
        <hdop>3</hdop>
        <extensions>
          <osmand:speed>1</osmand:speed>
        </extensions>
      </trkpt>
      <trkpt lat="-13.5839387" lon="-71.2907618">
        <ele>4452.5</ele>
        <time>2026-06-03T01:26:02Z</time>
        <hdop>3</hdop>
        <extensions>
          <osmand:speed>1</osmand:speed>
        </extensions>
      </trkpt>
      <trkpt lat="-13.5839609" lon="-71.2908858">
        <ele>4455</ele>
        <time>2026-06-03T01:26:18Z</time>
        <hdop>3</hdop>
        <extensions>
          <osmand:speed>0.9</osmand:speed>
        </extensions>
      </trkpt>
      <trkpt lat="-13.5839756" lon="-71.2909785">
        <ele>4455.2</ele>
        <time>2026-06-03T01:26:33Z</time>
        <hdop>3</hdop>
        <extensions>
          <osmand:speed>0.8</osmand:speed>
        </extensions>
      </trkpt>
      <trkpt lat="-13.5839731" lon="-71.2910922">
        <ele>4455.3</ele>
        <time>2026-06-03T01:26:49Z</time>
        <hdop>3</hdop>
        <extensions>
          <osmand:speed>0.9</osmand:speed>
        </extensions>
      </trkpt>
      <trkpt lat="-13.5839407" lon="-71.2912238">
        <ele>4454.8</ele>
        <time>2026-06-03T01:27:04Z</time>
        <hdop>3</hdop>
        <extensions>
          <osmand:speed>1.1</osmand:speed>
        </extensions>
      </trkpt>
      <trkpt lat="-13.583906" lon="-71.2913454">
        <ele>4454</ele>
        <time>2026-06-03T01:27:19Z</time>
        <hdop>3</hdop>
        <extensions>
          <osmand:speed>1</osmand:speed>
        </extensions>
      </trkpt>
      <trkpt lat="-13.5838711" lon="-71.2914309">
        <ele>4453.1</ele>
        <time>2026-06-03T01:27:34Z</time>
        <hdop>3</hdop>
        <extensions>
          <osmand:speed>0.5</osmand:speed>
        </extensions>
      </trkpt>
      <trkpt lat="-13.5838399" lon="-71.2915236">
        <ele>4454.4</ele>
        <time>2026-06-03T01:27:50Z</time>
        <hdop>3</hdop>
        <extensions>
          <osmand:speed>0.8</osmand:speed>
        </extensions>
      </trkpt>
      <trkpt lat="-13.5838326" lon="-71.2916643">
        <ele>4457.5</ele>
        <time>2026-06-03T01:28:05Z</time>
        <hdop>3</hdop>
        <extensions>
          <osmand:speed>1</osmand:speed>
        </extensions>
      </trkpt>
      <trkpt lat="-13.5838352" lon="-71.2918264">
        <ele>4458.1</ele>
        <time>2026-06-03T01:28:21Z</time>
        <hdop>3</hdop>
        <extensions>
          <osmand:speed>1.2</osmand:speed>
        </extensions>
      </trkpt>
      <trkpt lat="-13.583826" lon="-71.2919694">
        <ele>4456</ele>
        <time>2026-06-03T01:28:36Z</time>
        <hdop>3</hdop>
        <extensions>
          <osmand:speed>1.1</osmand:speed>
        </extensions>
      </trkpt>
      <trkpt lat="-13.583852" lon="-71.2921205">
        <ele>4458.1</ele>
        <time>2026-06-03T01:28:51Z</time>
        <hdop>3</hdop>
        <extensions>
          <osmand:speed>1.1</osmand:speed>
        </extensions>
      </trkpt>
      <trkpt lat="-13.5838945" lon="-71.292293">
        <ele>4458.8</ele>
        <time>2026-06-03T01:29:06Z</time>
        <hdop>3</hdop>
        <extensions>
          <osmand:speed>1.1</osmand:speed>
        </extensions>
      </trkpt>
      <trkpt lat="-13.5839465" lon="-71.2924179">
        <ele>4458.3</ele>
        <time>2026-06-03T01:29:22Z</time>
        <hdop>3</hdop>
        <extensions>
          <osmand:speed>0.7</osmand:speed>
        </extensions>
      </trkpt>
      <trkpt lat="-13.5839658" lon="-71.2924985">
        <ele>4457.4</ele>
        <time>2026-06-03T01:29:38Z</time>
        <hdop>3</hdop>
        <extensions>
          <osmand:speed>0.9</osmand:speed>
        </extensions>
      </trkpt>
      <trkpt lat="-13.5839851" lon="-71.2925749">
        <ele>4456.5</ele>
        <time>2026-06-03T01:29:53Z</time>
        <hdop>3</hdop>
        <extensions>
          <osmand:speed>0.7</osmand:speed>
        </extensions>
      </trkpt>
      <trkpt lat="-13.5840085" lon="-71.2926884">
        <ele>4455.2</ele>
        <time>2026-06-03T01:30:08Z</time>
        <hdop>3</hdop>
        <extensions>
          <osmand:speed>0.9</osmand:speed>
        </extensions>
      </trkpt>
      <trkpt lat="-13.5839949" lon="-71.2927958">
        <ele>4457.7</ele>
        <time>2026-06-03T01:30:23Z</time>
        <hdop>3</hdop>
        <extensions>
          <osmand:speed>0.9</osmand:speed>
        </extensions>
      </trkpt>
      <trkpt lat="-13.5840209" lon="-71.2929406">
        <ele>4457.9</ele>
        <time>2026-06-03T01:30:39Z</time>
        <hdop>3</hdop>
        <extensions>
          <osmand:speed>1.1</osmand:speed>
        </extensions>
      </trkpt>
      <trkpt lat="-13.5840463" lon="-71.2930937">
        <ele>4458.8</ele>
        <time>2026-06-03T01:30:54Z</time>
        <hdop>3</hdop>
        <extensions>
          <osmand:speed>1.1</osmand:speed>
        </extensions>
      </trkpt>
      <trkpt lat="-13.5840759" lon="-71.293263">
        <ele>4459.1</ele>
        <time>2026-06-03T01:31:09Z</time>
        <hdop>3</hdop>
        <extensions>
          <osmand:speed>1.2</osmand:speed>
        </extensions>
      </trkpt>
      <trkpt lat="-13.5841233" lon="-71.2933543">
        <ele>4460.2</ele>
        <time>2026-06-03T01:31:24Z</time>
        <hdop>3</hdop>
        <extensions>
          <osmand:speed>0.7</osmand:speed>
        </extensions>
      </trkpt>
      <trkpt lat="-13.5842088" lon="-71.2934414">
        <ele>4460.5</ele>
        <time>2026-06-03T01:31:40Z</time>
        <hdop>3</hdop>
        <extensions>
          <osmand:speed>0.9</osmand:speed>
        </extensions>
      </trkpt>
      <trkpt lat="-13.5842656" lon="-71.293548">
        <ele>4459.7</ele>
        <time>2026-06-03T01:31:55Z</time>
        <hdop>3</hdop>
        <extensions>
          <osmand:speed>0.9</osmand:speed>
        </extensions>
      </trkpt>
      <trkpt lat="-13.5843387" lon="-71.2936519">
        <ele>4460.5</ele>
        <time>2026-06-03T01:32:10Z</time>
        <hdop>3</hdop>
        <extensions>
          <osmand:speed>1</osmand:speed>
        </extensions>
      </trkpt>
      <trkpt lat="-13.5844312" lon="-71.2937839">
        <ele>4456.4</ele>
        <time>2026-06-03T01:32:26Z</time>
        <hdop>3</hdop>
        <extensions>
          <osmand:speed>1.2</osmand:speed>
        </extensions>
      </trkpt>
      <trkpt lat="-13.5845117" lon="-71.2938928">
        <ele>4453.8</ele>
        <time>2026-06-03T01:32:41Z</time>
        <hdop>3</hdop>
        <extensions>
          <osmand:speed>0.7</osmand:speed>
        </extensions>
      </trkpt>
      <trkpt lat="-13.5845071" lon="-71.2938898">
        <ele>4454.5</ele>
        <time>2026-06-03T01:32:56Z</time>
        <hdop>3</hdop>
        <extensions>
          <osmand:speed>0.1</osmand:speed>
        </extensions>
      </trkpt>
      <trkpt lat="-13.5845365" lon="-71.2939962">
        <ele>4453.8</ele>
        <time>2026-06-03T01:33:11Z</time>
        <hdop>3</hdop>
        <extensions>
          <osmand:speed>1</osmand:speed>
        </extensions>
      </trkpt>
      <trkpt lat="-13.5845679" lon="-71.2940422">
        <ele>4454.2</ele>
        <time>2026-06-03T01:33:27Z</time>
        <hdop>3</hdop>
        <extensions>
          <osmand:speed>0.1</osmand:speed>
        </extensions>
      </trkpt>
      <trkpt lat="-13.584569" lon="-71.2940434">
        <ele>4454.2</ele>
        <time>2026-06-03T01:33:43Z</time>
        <hdop>3</hdop>
        <extensions>
          <osmand:speed>0.1</osmand:speed>
        </extensions>
      </trkpt>
      <trkpt lat="-13.5845694" lon="-71.2940448">
        <ele>4453</ele>
        <time>2026-06-03T01:33:58Z</time>
        <hdop>3</hdop>
        <extensions>
          <osmand:speed>0.2</osmand:speed>
        </extensions>
      </trkpt>
      <trkpt lat="-13.5845908" lon="-71.2941204">
        <ele>4450.9</ele>
        <time>2026-06-03T01:34:14Z</time>
        <hdop>3</hdop>
        <extensions>
          <osmand:speed>0.1</osmand:speed>
        </extensions>
      </trkpt>
      <trkpt lat="-13.5846061" lon="-71.2941585">
        <ele>4450.8</ele>
        <time>2026-06-03T01:34:30Z</time>
        <hdop>3</hdop>
        <extensions>
          <osmand:speed>0.3</osmand:speed>
        </extensions>
      </trkpt>
      <trkpt lat="-13.5846382" lon="-71.2942265">
        <ele>4450.4</ele>
        <time>2026-06-03T01:34:46Z</time>
        <hdop>3</hdop>
        <extensions>
          <osmand:speed>0.5</osmand:speed>
        </extensions>
      </trkpt>
      <trkpt lat="-13.5846533" lon="-71.294263">
        <ele>4450.7</ele>
        <time>2026-06-03T01:35:01Z</time>
        <hdop>3</hdop>
        <extensions>
          <osmand:speed>0</osmand:speed>
        </extensions>
      </trkpt>
      <trkpt lat="-13.5846494" lon="-71.2942609">
        <ele>4450.7</ele>
        <time>2026-06-03T01:35:16Z</time>
        <hdop>3</hdop>
        <extensions>
          <osmand:speed>0.1</osmand:speed>
        </extensions>
      </trkpt>
      <trkpt lat="-13.5846813" lon="-71.2943155">
        <ele>4450.5</ele>
        <time>2026-06-03T01:35:31Z</time>
        <hdop>3</hdop>
        <extensions>
          <osmand:speed>0.7</osmand:speed>
        </extensions>
      </trkpt>
      <trkpt lat="-13.5847056" lon="-71.294376">
        <ele>4446.6</ele>
        <time>2026-06-03T01:35:47Z</time>
        <hdop>3</hdop>
        <extensions>
          <osmand:speed>0</osmand:speed>
        </extensions>
      </trkpt>
      <trkpt lat="-13.5847049" lon="-71.2943811">
        <ele>4445.6</ele>
        <time>2026-06-03T01:36:02Z</time>
        <hdop>3</hdop>
        <extensions>
          <osmand:speed>0.1</osmand:speed>
        </extensions>
      </trkpt>
      <trkpt lat="-13.5847321" lon="-71.2944327">
        <ele>4447.4</ele>
        <time>2026-06-03T01:36:17Z</time>
        <hdop>3</hdop>
        <extensions>
          <osmand:speed>0.6</osmand:speed>
        </extensions>
      </trkpt>
      <trkpt lat="-13.5847492" lon="-71.2944834">
        <ele>4445.7</ele>
        <time>2026-06-03T01:36:33Z</time>
        <hdop>3</hdop>
        <extensions>
          <osmand:speed>0.1</osmand:speed>
        </extensions>
      </trkpt>
      <trkpt lat="-13.5847433" lon="-71.2944823">
        <ele>4445.6</ele>
        <time>2026-06-03T01:36:49Z</time>
        <hdop>3</hdop>
        <extensions>
          <osmand:speed>0</osmand:speed>
        </extensions>
      </trkpt>
      <trkpt lat="-13.5847432" lon="-71.2944761">
        <ele>4445.1</ele>
        <time>2026-06-03T01:37:04Z</time>
        <hdop>3</hdop>
        <extensions>
          <osmand:speed>0.1</osmand:speed>
        </extensions>
      </trkpt>
      <trkpt lat="-13.5847491" lon="-71.2944901">
        <ele>4444.3</ele>
        <time>2026-06-03T01:37:20Z</time>
        <hdop>3</hdop>
        <extensions>
          <osmand:speed>0.2</osmand:speed>
        </extensions>
      </trkpt>
      <trkpt lat="-13.5848195" lon="-71.2945752">
        <ele>4443.1</ele>
        <time>2026-06-03T01:37:35Z</time>
        <hdop>3</hdop>
        <extensions>
          <osmand:speed>0.7</osmand:speed>
        </extensions>
      </trkpt>
      <trkpt lat="-13.5848136" lon="-71.2945988">
        <ele>4443.1</ele>
        <time>2026-06-03T01:37:51Z</time>
        <hdop>3</hdop>
        <extensions>
          <osmand:speed>0.1</osmand:speed>
        </extensions>
      </trkpt>
      <trkpt lat="-13.5848403" lon="-71.2946721">
        <ele>4442.2</ele>
        <time>2026-06-03T01:38:06Z</time>
        <hdop>3</hdop>
        <extensions>
          <osmand:speed>0.6</osmand:speed>
        </extensions>
      </trkpt>
      <trkpt lat="-13.584856" lon="-71.2947161">
        <ele>4441.5</ele>
        <time>2026-06-03T01:38:21Z</time>
        <hdop>3</hdop>
        <extensions>
          <osmand:speed>0.4</osmand:speed>
        </extensions>
      </trkpt>
      <trkpt lat="-13.5848633" lon="-71.294753">
        <ele>4441</ele>
        <time>2026-06-03T01:38:36Z</time>
        <hdop>3</hdop>
        <extensions>
          <osmand:speed>0.5</osmand:speed>
        </extensions>
      </trkpt>
      <trkpt lat="-13.5848848" lon="-71.2948009">
        <ele>4439.2</ele>
        <time>2026-06-03T01:38:52Z</time>
        <hdop>3</hdop>
        <extensions>
          <osmand:speed>0.4</osmand:speed>
        </extensions>
      </trkpt>
      <trkpt lat="-13.5849171" lon="-71.2948521">
        <ele>4439.1</ele>
        <time>2026-06-03T01:39:07Z</time>
        <hdop>3</hdop>
        <extensions>
          <osmand:speed>0.7</osmand:speed>
        </extensions>
      </trkpt>
      <trkpt lat="-13.5849777" lon="-71.2948862">
        <ele>4435.6</ele>
        <time>2026-06-03T01:39:22Z</time>
        <hdop>3</hdop>
        <extensions>
          <osmand:speed>0.7</osmand:speed>
        </extensions>
      </trkpt>
      <trkpt lat="-13.5849964" lon="-71.294902">
        <ele>4434.3</ele>
        <time>2026-06-03T01:39:37Z</time>
        <hdop>3</hdop>
        <extensions>
          <osmand:speed>0.6</osmand:speed>
        </extensions>
      </trkpt>
      <trkpt lat="-13.5850662" lon="-71.294937">
        <ele>4432.5</ele>
        <time>2026-06-03T01:39:52Z</time>
        <hdop>3</hdop>
        <extensions>
          <osmand:speed>0.7</osmand:speed>
        </extensions>
      </trkpt>
      <trkpt lat="-13.5850042" lon="-71.2950218">
        <ele>4429.1</ele>
        <time>2026-06-03T01:40:08Z</time>
        <hdop>3</hdop>
        <extensions>
          <osmand:speed>1</osmand:speed>
        </extensions>
      </trkpt>
      <trkpt lat="-13.5849836" lon="-71.2950534">
        <ele>4425.6</ele>
        <time>2026-06-03T01:40:23Z</time>
        <hdop>3</hdop>
        <extensions>
          <osmand:speed>0</osmand:speed>
        </extensions>
      </trkpt>
      <trkpt lat="-13.5849816" lon="-71.2951136">
        <ele>4425.1</ele>
        <time>2026-06-03T01:40:39Z</time>
        <hdop>3</hdop>
        <extensions>
          <osmand:speed>0.4</osmand:speed>
        </extensions>
      </trkpt>
      <trkpt lat="-13.5849658" lon="-71.2951835">
        <ele>4423</ele>
        <time>2026-06-03T01:40:54Z</time>
        <hdop>3</hdop>
        <extensions>
          <osmand:speed>0.7</osmand:speed>
        </extensions>
      </trkpt>
      <trkpt lat="-13.5849986" lon="-71.2952118">
        <ele>4422.5</ele>
        <time>2026-06-03T01:41:09Z</time>
        <hdop>3</hdop>
        <extensions>
          <osmand:speed>0.5</osmand:speed>
        </extensions>
      </trkpt>
      <trkpt lat="-13.5849142" lon="-71.2952624">
        <ele>4419.7</ele>
        <time>2026-06-03T01:41:25Z</time>
        <hdop>3</hdop>
        <extensions>
          <osmand:speed>0.9</osmand:speed>
        </extensions>
      </trkpt>
      <trkpt lat="-13.5848547" lon="-71.2952513">
        <ele>4418.8</ele>
        <time>2026-06-03T01:41:40Z</time>
        <hdop>3</hdop>
        <extensions>
          <osmand:speed>0.7</osmand:speed>
        </extensions>
      </trkpt>
      <trkpt lat="-13.584813" lon="-71.2952651">
        <ele>4417.3</ele>
        <time>2026-06-03T01:41:56Z</time>
        <hdop>3</hdop>
        <extensions>
          <osmand:speed>0.1</osmand:speed>
        </extensions>
      </trkpt>
      <trkpt lat="-13.5847069" lon="-71.295334">
        <ele>4412.5</ele>
        <time>2026-06-03T01:42:12Z</time>
        <hdop>3</hdop>
        <extensions>
          <osmand:speed>0.9</osmand:speed>
        </extensions>
      </trkpt>
      <trkpt lat="-13.5846958" lon="-71.2953519">
        <ele>4412.5</ele>
        <time>2026-06-03T01:42:27Z</time>
        <hdop>3</hdop>
        <extensions>
          <osmand:speed>0.1</osmand:speed>
        </extensions>
      </trkpt>
      <trkpt lat="-13.5847325" lon="-71.2954184">
        <ele>4412.9</ele>
        <time>2026-06-03T01:42:42Z</time>
        <hdop>3</hdop>
        <extensions>
          <osmand:speed>0.6</osmand:speed>
        </extensions>
      </trkpt>
      <trkpt lat="-13.5847542" lon="-71.2954941">
        <ele>4415.4</ele>
        <time>2026-06-03T01:42:58Z</time>
        <hdop>3</hdop>
        <extensions>
          <osmand:speed>0.6</osmand:speed>
        </extensions>
      </trkpt>
      <trkpt lat="-13.5847561" lon="-71.295601">
        <ele>4418.9</ele>
        <time>2026-06-03T01:43:13Z</time>
        <hdop>3</hdop>
        <extensions>
          <osmand:speed>0.7</osmand:speed>
        </extensions>
      </trkpt>
      <trkpt lat="-13.5847686" lon="-71.2956775">
        <ele>4421.3</ele>
        <time>2026-06-03T01:43:28Z</time>
        <hdop>3</hdop>
        <extensions>
          <osmand:speed>0.6</osmand:speed>
        </extensions>
      </trkpt>
      <trkpt lat="-13.5847681" lon="-71.2957447">
        <ele>4422.6</ele>
        <time>2026-06-03T01:43:43Z</time>
        <hdop>3</hdop>
        <extensions>
          <osmand:speed>0.6</osmand:speed>
        </extensions>
      </trkpt>
      <trkpt lat="-13.5847808" lon="-71.2957991">
        <ele>4422.7</ele>
        <time>2026-06-03T01:43:59Z</time>
        <hdop>3</hdop>
        <extensions>
          <osmand:speed>0.5</osmand:speed>
        </extensions>
      </trkpt>
      <trkpt lat="-13.5847942" lon="-71.2958673">
        <ele>4424.7</ele>
        <time>2026-06-03T01:44:14Z</time>
        <hdop>3</hdop>
        <extensions>
          <osmand:speed>0.6</osmand:speed>
        </extensions>
      </trkpt>
      <trkpt lat="-13.5848022" lon="-71.2959255">
        <ele>4426.2</ele>
        <time>2026-06-03T01:44:30Z</time>
        <hdop>3</hdop>
        <extensions>
          <osmand:speed>0.3</osmand:speed>
        </extensions>
      </trkpt>
      <trkpt lat="-13.5848051" lon="-71.2959976">
        <ele>4426.9</ele>
        <time>2026-06-03T01:44:45Z</time>
        <hdop>3</hdop>
        <extensions>
          <osmand:speed>0.4</osmand:speed>
        </extensions>
      </trkpt>
      <trkpt lat="-13.5848232" lon="-71.2960497">
        <ele>4431.4</ele>
        <time>2026-06-03T01:45:00Z</time>
        <hdop>3</hdop>
        <extensions>
          <osmand:speed>0.5</osmand:speed>
        </extensions>
      </trkpt>
      <trkpt lat="-13.5848398" lon="-71.2961084">
        <ele>4431.2</ele>
        <time>2026-06-03T01:45:15Z</time>
        <hdop>3</hdop>
        <extensions>
          <osmand:speed>0.6</osmand:speed>
        </extensions>
      </trkpt>
      <trkpt lat="-13.5848592" lon="-71.2961694">
        <ele>4433.3</ele>
        <time>2026-06-03T01:45:30Z</time>
        <hdop>3</hdop>
        <extensions>
          <osmand:speed>0.5</osmand:speed>
        </extensions>
      </trkpt>
      <trkpt lat="-13.584862" lon="-71.2962228">
        <ele>4434.2</ele>
        <time>2026-06-03T01:45:45Z</time>
        <hdop>3</hdop>
        <extensions>
          <osmand:speed>0.5</osmand:speed>
        </extensions>
      </trkpt>
      <trkpt lat="-13.5848754" lon="-71.2962507">
        <ele>4435.7</ele>
        <time>2026-06-03T01:46:01Z</time>
        <hdop>3</hdop>
        <extensions>
          <osmand:speed>0.2</osmand:speed>
        </extensions>
      </trkpt>
      <trkpt lat="-13.584915" lon="-71.2963182">
        <ele>4437.4</ele>
        <time>2026-06-03T01:46:16Z</time>
        <hdop>3</hdop>
        <extensions>
          <osmand:speed>0.5</osmand:speed>
        </extensions>
      </trkpt>
      <trkpt lat="-13.5849481" lon="-71.2963443">
        <ele>4438.4</ele>
        <time>2026-06-03T01:46:32Z</time>
        <hdop>3</hdop>
        <extensions>
          <osmand:speed>0.1</osmand:speed>
        </extensions>
      </trkpt>
      <trkpt lat="-13.584979" lon="-71.2963411">
        <ele>4437.4</ele>
        <time>2026-06-03T01:46:47Z</time>
        <hdop>3</hdop>
        <extensions>
          <osmand:speed>0.1</osmand:speed>
        </extensions>
      </trkpt>
      <trkpt lat="-13.5850632" lon="-71.2963457">
        <ele>4440.1</ele>
        <time>2026-06-03T01:47:02Z</time>
        <hdop>3</hdop>
        <extensions>
          <osmand:speed>0.6</osmand:speed>
        </extensions>
      </trkpt>
      <trkpt lat="-13.5851322" lon="-71.2963442">
        <ele>4444.2</ele>
        <time>2026-06-03T01:47:18Z</time>
        <hdop>3</hdop>
        <extensions>
          <osmand:speed>0.6</osmand:speed>
        </extensions>
      </trkpt>
      <trkpt lat="-13.5851034" lon="-71.2964156">
        <ele>4444.5</ele>
        <time>2026-06-03T01:47:33Z</time>
        <hdop>3</hdop>
        <extensions>
          <osmand:speed>0.6</osmand:speed>
        </extensions>
      </trkpt>
      <trkpt lat="-13.5850669" lon="-71.2964793">
        <ele>4446.8</ele>
        <time>2026-06-03T01:47:49Z</time>
        <hdop>3</hdop>
        <extensions>
          <osmand:speed>0.5</osmand:speed>
        </extensions>
      </trkpt>
      <trkpt lat="-13.5850317" lon="-71.2965669">
        <ele>4448.5</ele>
        <time>2026-06-03T01:48:04Z</time>
        <hdop>3</hdop>
        <extensions>
          <osmand:speed>0.6</osmand:speed>
        </extensions>
      </trkpt>
      <trkpt lat="-13.5850117" lon="-71.2966023">
        <ele>4451</ele>
        <time>2026-06-03T01:48:19Z</time>
        <hdop>3</hdop>
        <extensions>
          <osmand:speed>0.5</osmand:speed>
        </extensions>
      </trkpt>
      <trkpt lat="-13.5849899" lon="-71.296668">
        <ele>4452.5</ele>
        <time>2026-06-03T01:48:34Z</time>
        <hdop>3</hdop>
        <extensions>
          <osmand:speed>0.6</osmand:speed>
        </extensions>
      </trkpt>
      <trkpt lat="-13.5849353" lon="-71.2967277">
        <ele>4454.5</ele>
        <time>2026-06-03T01:48:50Z</time>
        <hdop>3</hdop>
        <extensions>
          <osmand:speed>0.6</osmand:speed>
        </extensions>
      </trkpt>
      <trkpt lat="-13.5849277" lon="-71.2968044">
        <ele>4455.7</ele>
        <time>2026-06-03T01:49:05Z</time>
        <hdop>3</hdop>
        <extensions>
          <osmand:speed>0.6</osmand:speed>
        </extensions>
      </trkpt>
      <trkpt lat="-13.5849275" lon="-71.2968552">
        <ele>4453.9</ele>
        <time>2026-06-03T01:49:20Z</time>
        <hdop>3</hdop>
        <extensions>
          <osmand:speed>0.5</osmand:speed>
        </extensions>
      </trkpt>
      <trkpt lat="-13.5848917" lon="-71.2969012">
        <ele>4456.7</ele>
        <time>2026-06-03T01:49:35Z</time>
        <hdop>3</hdop>
        <extensions>
          <osmand:speed>0.5</osmand:speed>
        </extensions>
      </trkpt>
      <trkpt lat="-13.5848443" lon="-71.2969709">
        <ele>4458.6</ele>
        <time>2026-06-03T01:49:50Z</time>
        <hdop>3</hdop>
        <extensions>
          <osmand:speed>0.6</osmand:speed>
        </extensions>
      </trkpt>
      <trkpt lat="-13.5848115" lon="-71.2970379">
        <ele>4459.6</ele>
        <time>2026-06-03T01:50:05Z</time>
        <hdop>3</hdop>
        <extensions>
          <osmand:speed>0.6</osmand:speed>
        </extensions>
      </trkpt>
      <trkpt lat="-13.5847767" lon="-71.2970754">
        <ele>4461.6</ele>
        <time>2026-06-03T01:50:21Z</time>
        <hdop>3</hdop>
        <extensions>
          <osmand:speed>0.4</osmand:speed>
        </extensions>
      </trkpt>
      <trkpt lat="-13.5847382" lon="-71.2971306">
        <ele>4464.2</ele>
        <time>2026-06-03T01:50:36Z</time>
        <hdop>3</hdop>
        <extensions>
          <osmand:speed>0.5</osmand:speed>
        </extensions>
      </trkpt>
      <trkpt lat="-13.5847466" lon="-71.2971296">
        <ele>4463.8</ele>
        <time>2026-06-03T01:50:51Z</time>
        <hdop>3</hdop>
        <extensions>
          <osmand:speed>0.1</osmand:speed>
        </extensions>
      </trkpt>
      <trkpt lat="-13.5846828" lon="-71.2972023">
        <ele>4464.7</ele>
        <time>2026-06-03T01:51:07Z</time>
        <hdop>3</hdop>
        <extensions>
          <osmand:speed>0.8</osmand:speed>
        </extensions>
      </trkpt>
      <trkpt lat="-13.5846375" lon="-71.2972567">
        <ele>4467.2</ele>
        <time>2026-06-03T01:51:23Z</time>
        <hdop>3</hdop>
        <extensions>
          <osmand:speed>0.7</osmand:speed>
        </extensions>
      </trkpt>
      <trkpt lat="-13.5846163" lon="-71.2973005">
        <ele>4469.8</ele>
        <time>2026-06-03T01:51:39Z</time>
        <hdop>3</hdop>
        <extensions>
          <osmand:speed>0.5</osmand:speed>
        </extensions>
      </trkpt>
      <trkpt lat="-13.5845578" lon="-71.2973241">
        <ele>4470.4</ele>
        <time>2026-06-03T01:51:54Z</time>
        <hdop>3</hdop>
        <extensions>
          <osmand:speed>0.8</osmand:speed>
        </extensions>
      </trkpt>
      <trkpt lat="-13.5845139" lon="-71.2973577">
        <ele>4471.8</ele>
        <time>2026-06-03T01:52:09Z</time>
        <hdop>3</hdop>
        <extensions>
          <osmand:speed>0.6</osmand:speed>
        </extensions>
      </trkpt>
      <trkpt lat="-13.5844738" lon="-71.2974145">
        <ele>4474.1</ele>
        <time>2026-06-03T01:52:24Z</time>
        <hdop>3</hdop>
        <extensions>
          <osmand:speed>0.6</osmand:speed>
        </extensions>
      </trkpt>
      <trkpt lat="-13.5844491" lon="-71.2974603">
        <ele>4474.3</ele>
        <time>2026-06-03T01:52:40Z</time>
        <hdop>3</hdop>
        <extensions>
          <osmand:speed>0.6</osmand:speed>
        </extensions>
      </trkpt>
      <trkpt lat="-13.5844414" lon="-71.2974782">
        <ele>4476.1</ele>
        <time>2026-06-03T01:52:55Z</time>
        <hdop>3</hdop>
        <extensions>
          <osmand:speed>0</osmand:speed>
        </extensions>
      </trkpt>
      <trkpt lat="-13.5844433" lon="-71.2974783">
        <ele>4476.1</ele>
        <time>2026-06-03T01:53:11Z</time>
        <hdop>1.4</hdop>
      </trkpt>
      <trkpt lat="-13.5844401" lon="-71.2975831">
        <ele>4474.7</ele>
        <time>2026-06-03T01:53:27Z</time>
        <hdop>1.5</hdop>
        <extensions>
          <osmand:speed>0.5</osmand:speed>
        </extensions>
      </trkpt>
      <trkpt lat="-13.5844264" lon="-71.2975909">
        <ele>4474.6</ele>
        <time>2026-06-03T01:53:42Z</time>
        <hdop>1.5</hdop>
        <extensions>
          <osmand:speed>0.3</osmand:speed>
        </extensions>
      </trkpt>
      <trkpt lat="-13.5843976" lon="-71.2976624">
        <ele>4476.4</ele>
        <time>2026-06-03T01:53:58Z</time>
        <hdop>1.8</hdop>
        <extensions>
          <osmand:speed>0.4</osmand:speed>
        </extensions>
      </trkpt>
      <trkpt lat="-13.5843711" lon="-71.2977169">
        <ele>4477.7</ele>
        <time>2026-06-03T01:54:14Z</time>
        <hdop>3</hdop>
        <extensions>
          <osmand:speed>0.6</osmand:speed>
        </extensions>
      </trkpt>
      <trkpt lat="-13.58435" lon="-71.2977897">
        <ele>4480.1</ele>
        <time>2026-06-03T01:54:29Z</time>
        <hdop>3</hdop>
        <extensions>
          <osmand:speed>0.4</osmand:speed>
        </extensions>
      </trkpt>
      <trkpt lat="-13.5843537" lon="-71.2977838">
        <ele>4479.3</ele>
        <time>2026-06-03T01:54:45Z</time>
        <hdop>3</hdop>
        <extensions>
          <osmand:speed>0</osmand:speed>
        </extensions>
      </trkpt>
      <trkpt lat="-13.5843536" lon="-71.2977851">
        <ele>4479.3</ele>
        <time>2026-06-03T01:55:01Z</time>
        <hdop>3</hdop>
        <extensions>
          <osmand:speed>0.1</osmand:speed>
        </extensions>
      </trkpt>
      <trkpt lat="-13.5843218" lon="-71.2978749">
        <ele>4478</ele>
        <time>2026-06-03T01:55:16Z</time>
        <hdop>3</hdop>
        <extensions>
          <osmand:speed>0.6</osmand:speed>
        </extensions>
      </trkpt>
      <trkpt lat="-13.5843033" lon="-71.2979">
        <ele>4480.6</ele>
        <time>2026-06-03T01:55:32Z</time>
        <hdop>2.3</hdop>
        <extensions>
          <osmand:speed>0.3</osmand:speed>
        </extensions>
      </trkpt>
      <trkpt lat="-13.584275" lon="-71.29796">
        <ele>4479.2</ele>
        <time>2026-06-03T01:55:48Z</time>
        <hdop>1.5</hdop>
        <extensions>
          <osmand:speed>0.6</osmand:speed>
        </extensions>
      </trkpt>
      <trkpt lat="-13.5842817" lon="-71.2979533">
        <ele>4480</ele>
        <time>2026-06-03T01:56:04Z</time>
        <hdop>1.5</hdop>
        <extensions>
          <osmand:speed>0</osmand:speed>
        </extensions>
      </trkpt>
      <trkpt lat="-13.5842617" lon="-71.29798">
        <ele>4480.9</ele>
        <time>2026-06-03T01:56:20Z</time>
        <hdop>1.4</hdop>
        <extensions>
          <osmand:speed>0</osmand:speed>
        </extensions>
      </trkpt>
      <trkpt lat="-13.5842331" lon="-71.2980964">
        <ele>4483.6</ele>
        <time>2026-06-03T01:56:36Z</time>
        <hdop>1.5</hdop>
        <extensions>
          <osmand:speed>0.7</osmand:speed>
        </extensions>
      </trkpt>
      <trkpt lat="-13.5842115" lon="-71.2981803">
        <ele>4485.5</ele>
        <time>2026-06-03T01:56:51Z</time>
        <hdop>3</hdop>
        <extensions>
          <osmand:speed>0.6</osmand:speed>
        </extensions>
      </trkpt>
      <trkpt lat="-13.5841725" lon="-71.2982489">
        <ele>4485.2</ele>
        <time>2026-06-03T01:57:07Z</time>
        <hdop>3</hdop>
        <extensions>
          <osmand:speed>0.6</osmand:speed>
        </extensions>
      </trkpt>
      <trkpt lat="-13.5841295" lon="-71.2982973">
        <ele>4485.7</ele>
        <time>2026-06-03T01:57:22Z</time>
        <hdop>3</hdop>
        <extensions>
          <osmand:speed>0.6</osmand:speed>
        </extensions>
      </trkpt>
      <trkpt lat="-13.5840985" lon="-71.2983666">
        <ele>4489.4</ele>
        <time>2026-06-03T01:57:38Z</time>
        <hdop>3</hdop>
        <extensions>
          <osmand:speed>0.6</osmand:speed>
        </extensions>
      </trkpt>
      <trkpt lat="-13.584101" lon="-71.2984101">
        <ele>4492.3</ele>
        <time>2026-06-03T01:57:53Z</time>
        <hdop>3</hdop>
        <extensions>
          <osmand:speed>0.3</osmand:speed>
        </extensions>
      </trkpt>
      <trkpt lat="-13.5840502" lon="-71.2984605">
        <ele>4492.1</ele>
        <time>2026-06-03T01:58:08Z</time>
        <hdop>3</hdop>
        <extensions>
          <osmand:speed>0.5</osmand:speed>
        </extensions>
      </trkpt>
      <trkpt lat="-13.5840367" lon="-71.298495">
        <ele>4492.6</ele>
        <time>2026-06-03T01:58:24Z</time>
        <hdop>1.5</hdop>
        <extensions>
          <osmand:speed>0.4</osmand:speed>
        </extensions>
      </trkpt>
      <trkpt lat="-13.5840083" lon="-71.29854">
        <ele>4494.8</ele>
        <time>2026-06-03T01:58:39Z</time>
        <hdop>1.5</hdop>
        <extensions>
          <osmand:speed>0.5</osmand:speed>
        </extensions>
      </trkpt>
      <trkpt lat="-13.583975" lon="-71.2985937">
        <ele>4495.9</ele>
        <time>2026-06-03T01:58:55Z</time>
        <hdop>1.5</hdop>
        <extensions>
          <osmand:speed>0.6</osmand:speed>
        </extensions>
      </trkpt>
      <trkpt lat="-13.5839546" lon="-71.2986483">
        <ele>4496.2</ele>
        <time>2026-06-03T01:59:11Z</time>
        <hdop>1.5</hdop>
        <extensions>
          <osmand:speed>0.4</osmand:speed>
        </extensions>
      </trkpt>
      <trkpt lat="-13.5839265" lon="-71.2987234">
        <ele>4497</ele>
        <time>2026-06-03T01:59:26Z</time>
        <hdop>1.5</hdop>
        <extensions>
          <osmand:speed>0.6</osmand:speed>
        </extensions>
      </trkpt>
      <trkpt lat="-13.583872" lon="-71.2987851">
        <ele>4499.7</ele>
        <time>2026-06-03T01:59:42Z</time>
        <hdop>1.5</hdop>
        <extensions>
          <osmand:speed>0.7</osmand:speed>
        </extensions>
      </trkpt>
      <trkpt lat="-13.5838751" lon="-71.2988543">
        <ele>4500.2</ele>
        <time>2026-06-03T01:59:57Z</time>
        <hdop>3</hdop>
        <extensions>
          <osmand:speed>0.6</osmand:speed>
        </extensions>
      </trkpt>
      <trkpt lat="-13.5838699" lon="-71.298965">
        <ele>4504</ele>
        <time>2026-06-03T02:00:12Z</time>
        <hdop>3</hdop>
        <extensions>
          <osmand:speed>1</osmand:speed>
        </extensions>
      </trkpt>
      <trkpt lat="-13.5838698" lon="-71.2990791">
        <ele>4503.9</ele>
        <time>2026-06-03T02:00:28Z</time>
        <hdop>3</hdop>
        <extensions>
          <osmand:speed>0.8</osmand:speed>
        </extensions>
      </trkpt>
      <trkpt lat="-13.583858" lon="-71.2991573">
        <ele>4504.3</ele>
        <time>2026-06-03T02:00:43Z</time>
        <hdop>3</hdop>
        <extensions>
          <osmand:speed>0.7</osmand:speed>
        </extensions>
      </trkpt>
      <trkpt lat="-13.5838639" lon="-71.2992432">
        <ele>4506.6</ele>
        <time>2026-06-03T02:00:58Z</time>
        <hdop>3</hdop>
        <extensions>
          <osmand:speed>0.7</osmand:speed>
        </extensions>
      </trkpt>
      <trkpt lat="-13.5838508" lon="-71.2992693">
        <ele>4505.6</ele>
        <time>2026-06-03T02:01:14Z</time>
        <hdop>3</hdop>
        <extensions>
          <osmand:speed>0.1</osmand:speed>
        </extensions>
      </trkpt>
      <trkpt lat="-13.5838401" lon="-71.2993233">
        <ele>4504.2</ele>
        <time>2026-06-03T02:01:29Z</time>
        <hdop>3</hdop>
        <extensions>
          <osmand:speed>0.1</osmand:speed>
        </extensions>
      </trkpt>
      <trkpt lat="-13.5838365" lon="-71.2993748">
        <ele>4505.8</ele>
        <time>2026-06-03T02:01:44Z</time>
        <hdop>3</hdop>
        <extensions>
          <osmand:speed>0.7</osmand:speed>
        </extensions>
      </trkpt>
      <trkpt lat="-13.5838405" lon="-71.2994807">
        <ele>4506.2</ele>
        <time>2026-06-03T02:01:59Z</time>
        <hdop>3</hdop>
        <extensions>
          <osmand:speed>0.7</osmand:speed>
        </extensions>
      </trkpt>
      <trkpt lat="-13.5838308" lon="-71.2995672">
        <ele>4507.5</ele>
        <time>2026-06-03T02:02:15Z</time>
        <hdop>3</hdop>
        <extensions>
          <osmand:speed>0.6</osmand:speed>
        </extensions>
      </trkpt>
      <trkpt lat="-13.5838076" lon="-71.2996692">
        <ele>4509.7</ele>
        <time>2026-06-03T02:02:30Z</time>
        <hdop>3</hdop>
        <extensions>
          <osmand:speed>0.7</osmand:speed>
        </extensions>
      </trkpt>
      <trkpt lat="-13.583789" lon="-71.2997503">
        <ele>4512.5</ele>
        <time>2026-06-03T02:02:45Z</time>
        <hdop>3</hdop>
        <extensions>
          <osmand:speed>0.7</osmand:speed>
        </extensions>
      </trkpt>
      <trkpt lat="-13.5837536" lon="-71.299843">
        <ele>4512.1</ele>
        <time>2026-06-03T02:03:00Z</time>
        <hdop>3</hdop>
        <extensions>
          <osmand:speed>0.6</osmand:speed>
        </extensions>
      </trkpt>
      <trkpt lat="-13.5837284" lon="-71.2999287">
        <ele>4513.4</ele>
        <time>2026-06-03T02:03:16Z</time>
        <hdop>3</hdop>
        <extensions>
          <osmand:speed>0.6</osmand:speed>
        </extensions>
      </trkpt>
      <trkpt lat="-13.5837123" lon="-71.3000157">
        <ele>4515.6</ele>
        <time>2026-06-03T02:03:31Z</time>
        <hdop>3</hdop>
        <extensions>
          <osmand:speed>0.7</osmand:speed>
        </extensions>
      </trkpt>
      <trkpt lat="-13.5837022" lon="-71.3001148">
        <ele>4517.5</ele>
        <time>2026-06-03T02:03:46Z</time>
        <hdop>3</hdop>
        <extensions>
          <osmand:speed>0.8</osmand:speed>
        </extensions>
      </trkpt>
      <trkpt lat="-13.5836637" lon="-71.3001943">
        <ele>4516.9</ele>
        <time>2026-06-03T02:04:01Z</time>
        <hdop>3</hdop>
        <extensions>
          <osmand:speed>0.7</osmand:speed>
        </extensions>
      </trkpt>
      <trkpt lat="-13.5836257" lon="-71.3002704">
        <ele>4517.5</ele>
        <time>2026-06-03T02:04:17Z</time>
        <hdop>3</hdop>
        <extensions>
          <osmand:speed>0.7</osmand:speed>
        </extensions>
      </trkpt>
      <trkpt lat="-13.5835886" lon="-71.3003529">
        <ele>4516.7</ele>
        <time>2026-06-03T02:04:32Z</time>
        <hdop>3</hdop>
        <extensions>
          <osmand:speed>0.7</osmand:speed>
        </extensions>
      </trkpt>
      <trkpt lat="-13.5835544" lon="-71.300394">
        <ele>4518.2</ele>
        <time>2026-06-03T02:04:47Z</time>
        <hdop>3</hdop>
        <extensions>
          <osmand:speed>0.5</osmand:speed>
        </extensions>
      </trkpt>
      <trkpt lat="-13.5835078" lon="-71.300454">
        <ele>4520.1</ele>
        <time>2026-06-03T02:05:02Z</time>
        <hdop>3</hdop>
        <extensions>
          <osmand:speed>0.6</osmand:speed>
        </extensions>
      </trkpt>
      <trkpt lat="-13.5834973" lon="-71.3005566">
        <ele>4523.6</ele>
        <time>2026-06-03T02:05:18Z</time>
        <hdop>3</hdop>
        <extensions>
          <osmand:speed>0.7</osmand:speed>
        </extensions>
      </trkpt>
      <trkpt lat="-13.5834527" lon="-71.3006271">
        <ele>4523.9</ele>
        <time>2026-06-03T02:05:33Z</time>
        <hdop>3</hdop>
        <extensions>
          <osmand:speed>0.7</osmand:speed>
        </extensions>
      </trkpt>
      <trkpt lat="-13.583412" lon="-71.300698">
        <ele>4524.5</ele>
        <time>2026-06-03T02:05:48Z</time>
        <hdop>3</hdop>
        <extensions>
          <osmand:speed>0.6</osmand:speed>
        </extensions>
      </trkpt>
      <trkpt lat="-13.5833856" lon="-71.3007777">
        <ele>4525.7</ele>
        <time>2026-06-03T02:06:04Z</time>
        <hdop>3</hdop>
        <extensions>
          <osmand:speed>0.7</osmand:speed>
        </extensions>
      </trkpt>
      <trkpt lat="-13.5833685" lon="-71.3008488">
        <ele>4527.8</ele>
        <time>2026-06-03T02:06:19Z</time>
        <hdop>3</hdop>
        <extensions>
          <osmand:speed>0.6</osmand:speed>
        </extensions>
      </trkpt>
      <trkpt lat="-13.5833878" lon="-71.3009338">
        <ele>4527.2</ele>
        <time>2026-06-03T02:06:34Z</time>
        <hdop>3</hdop>
        <extensions>
          <osmand:speed>0.7</osmand:speed>
        </extensions>
      </trkpt>
      <trkpt lat="-13.5833998" lon="-71.3010352">
        <ele>4528.3</ele>
        <time>2026-06-03T02:06:50Z</time>
        <hdop>3</hdop>
        <extensions>
          <osmand:speed>0.7</osmand:speed>
        </extensions>
      </trkpt>
      <trkpt lat="-13.583393" lon="-71.3011067">
        <ele>4529.9</ele>
        <time>2026-06-03T02:07:05Z</time>
        <hdop>3</hdop>
        <extensions>
          <osmand:speed>0.7</osmand:speed>
        </extensions>
      </trkpt>
      <trkpt lat="-13.5834028" lon="-71.3011889">
        <ele>4531.7</ele>
        <time>2026-06-03T02:07:20Z</time>
        <hdop>3</hdop>
        <extensions>
          <osmand:speed>0.6</osmand:speed>
        </extensions>
      </trkpt>
      <trkpt lat="-13.583398" lon="-71.3012622">
        <ele>4532.7</ele>
        <time>2026-06-03T02:07:36Z</time>
        <hdop>3</hdop>
        <extensions>
          <osmand:speed>0.6</osmand:speed>
        </extensions>
      </trkpt>
      <trkpt lat="-13.5834127" lon="-71.3013395">
        <ele>4532.1</ele>
        <time>2026-06-03T02:07:51Z</time>
        <hdop>3</hdop>
        <extensions>
          <osmand:speed>0.7</osmand:speed>
        </extensions>
      </trkpt>
      <trkpt lat="-13.5834377" lon="-71.3014279">
        <ele>4534.5</ele>
        <time>2026-06-03T02:08:06Z</time>
        <hdop>3</hdop>
        <extensions>
          <osmand:speed>0.7</osmand:speed>
        </extensions>
      </trkpt>
      <trkpt lat="-13.5834405" lon="-71.3015148">
        <ele>4535.1</ele>
        <time>2026-06-03T02:08:22Z</time>
        <hdop>3</hdop>
        <extensions>
          <osmand:speed>0.6</osmand:speed>
        </extensions>
      </trkpt>
      <trkpt lat="-13.5834485" lon="-71.3015844">
        <ele>4536.7</ele>
        <time>2026-06-03T02:08:37Z</time>
        <hdop>3</hdop>
        <extensions>
          <osmand:speed>0.7</osmand:speed>
        </extensions>
      </trkpt>
      <trkpt lat="-13.5834644" lon="-71.3016494">
        <ele>4536.9</ele>
        <time>2026-06-03T02:08:52Z</time>
        <hdop>3</hdop>
        <extensions>
          <osmand:speed>0.5</osmand:speed>
        </extensions>
      </trkpt>
      <trkpt lat="-13.5835031" lon="-71.3017145">
        <ele>4537.4</ele>
        <time>2026-06-03T02:09:07Z</time>
        <hdop>3</hdop>
        <extensions>
          <osmand:speed>0.5</osmand:speed>
        </extensions>
      </trkpt>
      <trkpt lat="-13.5835154" lon="-71.301777">
        <ele>4538.1</ele>
        <time>2026-06-03T02:09:22Z</time>
        <hdop>3</hdop>
        <extensions>
          <osmand:speed>0.5</osmand:speed>
        </extensions>
      </trkpt>
      <trkpt lat="-13.5835184" lon="-71.3018477">
        <ele>4540.1</ele>
        <time>2026-06-03T02:09:38Z</time>
        <hdop>3</hdop>
        <extensions>
          <osmand:speed>0.5</osmand:speed>
        </extensions>
      </trkpt>
      <trkpt lat="-13.5835226" lon="-71.3018801">
        <ele>4539.6</ele>
        <time>2026-06-03T02:09:53Z</time>
        <hdop>3</hdop>
        <extensions>
          <osmand:speed>0.4</osmand:speed>
        </extensions>
      </trkpt>
      <trkpt lat="-13.5835301" lon="-71.3019316">
        <ele>4541.9</ele>
        <time>2026-06-03T02:10:08Z</time>
        <hdop>3</hdop>
        <extensions>
          <osmand:speed>0.3</osmand:speed>
        </extensions>
      </trkpt>
      <trkpt lat="-13.5835245" lon="-71.3019666">
        <ele>4540.7</ele>
        <time>2026-06-03T02:10:24Z</time>
        <hdop>3</hdop>
        <extensions>
          <osmand:speed>0.4</osmand:speed>
        </extensions>
      </trkpt>
      <trkpt lat="-13.5835391" lon="-71.3019739">
        <ele>4542.4</ele>
        <time>2026-06-03T02:10:39Z</time>
        <hdop>3</hdop>
        <extensions>
          <osmand:speed>0.1</osmand:speed>
        </extensions>
      </trkpt>
      <trkpt lat="-13.5835374" lon="-71.3019733">
        <ele>4542.4</ele>
        <time>2026-06-03T02:10:54Z</time>
        <hdop>3</hdop>
        <extensions>
          <osmand:speed>0</osmand:speed>
        </extensions>
      </trkpt>
      <trkpt lat="-13.5835377" lon="-71.3019715">
        <ele>4542.4</ele>
        <time>2026-06-03T02:11:10Z</time>
        <hdop>3</hdop>
        <extensions>
          <osmand:speed>0.1</osmand:speed>
        </extensions>
      </trkpt>
      <trkpt lat="-13.5835377" lon="-71.3019711">
        <ele>4542.4</ele>
        <time>2026-06-03T02:11:26Z</time>
        <hdop>3</hdop>
        <extensions>
          <osmand:speed>0.1</osmand:speed>
        </extensions>
      </trkpt>
      <trkpt lat="-13.5835372" lon="-71.3019721">
        <ele>4542.4</ele>
        <time>2026-06-03T02:11:42Z</time>
        <hdop>3</hdop>
        <extensions>
          <osmand:speed>0.1</osmand:speed>
        </extensions>
      </trkpt>
      <trkpt lat="-13.5835521" lon="-71.3019549">
        <ele>4541.2</ele>
        <time>2026-06-03T02:11:58Z</time>
        <hdop>3</hdop>
        <extensions>
          <osmand:speed>0.1</osmand:speed>
        </extensions>
      </trkpt>
      <trkpt lat="-13.5835275" lon="-71.3018947">
        <ele>4541.7</ele>
        <time>2026-06-03T02:12:13Z</time>
        <hdop>3</hdop>
        <extensions>
          <osmand:speed>0.4</osmand:speed>
        </extensions>
      </trkpt>
      <trkpt lat="-13.5835179" lon="-71.3019018">
        <ele>4541.1</ele>
        <time>2026-06-03T02:12:29Z</time>
        <hdop>3</hdop>
        <extensions>
          <osmand:speed>0.1</osmand:speed>
        </extensions>
      </trkpt>
      <trkpt lat="-13.5835451" lon="-71.3019577">
        <ele>4540.1</ele>
        <time>2026-06-03T02:12:44Z</time>
        <hdop>3</hdop>
        <extensions>
          <osmand:speed>0.7</osmand:speed>
        </extensions>
      </trkpt>
      <trkpt lat="-13.5835905" lon="-71.3020498">
        <ele>4542.9</ele>
        <time>2026-06-03T02:13:00Z</time>
        <hdop>3</hdop>
        <extensions>
          <osmand:speed>0.7</osmand:speed>
        </extensions>
      </trkpt>
      <trkpt lat="-13.5836189" lon="-71.302152">
        <ele>4541.9</ele>
        <time>2026-06-03T02:13:15Z</time>
        <hdop>3</hdop>
        <extensions>
          <osmand:speed>0.7</osmand:speed>
        </extensions>
      </trkpt>
      <trkpt lat="-13.5836751" lon="-71.3022236">
        <ele>4544.6</ele>
        <time>2026-06-03T02:13:30Z</time>
        <hdop>3</hdop>
        <extensions>
          <osmand:speed>0.7</osmand:speed>
        </extensions>
      </trkpt>
      <trkpt lat="-13.5837103" lon="-71.3022889">
        <ele>4546.7</ele>
        <time>2026-06-03T02:13:46Z</time>
        <hdop>3</hdop>
        <extensions>
          <osmand:speed>0.3</osmand:speed>
        </extensions>
      </trkpt>
      <trkpt lat="-13.5836924" lon="-71.3022866">
        <ele>4546.4</ele>
        <time>2026-06-03T02:14:02Z</time>
        <hdop>3</hdop>
        <extensions>
          <osmand:speed>0</osmand:speed>
        </extensions>
      </trkpt>
      <trkpt lat="-13.5837078" lon="-71.3023398">
        <ele>4547.2</ele>
        <time>2026-06-03T02:14:17Z</time>
        <hdop>3</hdop>
        <extensions>
          <osmand:speed>0.7</osmand:speed>
        </extensions>
      </trkpt>
      <trkpt lat="-13.5837299" lon="-71.3023677">
        <ele>4546.6</ele>
        <time>2026-06-03T02:14:33Z</time>
        <hdop>3</hdop>
        <extensions>
          <osmand:speed>0</osmand:speed>
        </extensions>
      </trkpt>
      <trkpt lat="-13.5837302" lon="-71.3024357">
        <ele>4546.3</ele>
        <time>2026-06-03T02:14:48Z</time>
        <hdop>3</hdop>
        <extensions>
          <osmand:speed>0.5</osmand:speed>
        </extensions>
      </trkpt>
      <trkpt lat="-13.5837224" lon="-71.3024551">
        <ele>4545.9</ele>
        <time>2026-06-03T02:15:04Z</time>
        <hdop>3</hdop>
        <extensions>
          <osmand:speed>0</osmand:speed>
        </extensions>
      </trkpt>
      <trkpt lat="-13.5837429" lon="-71.302465">
        <ele>4547.2</ele>
        <time>2026-06-03T02:15:19Z</time>
        <hdop>3</hdop>
        <extensions>
          <osmand:speed>0.3</osmand:speed>
        </extensions>
      </trkpt>
      <trkpt lat="-13.5837786" lon="-71.3025191">
        <ele>4546.5</ele>
        <time>2026-06-03T02:15:35Z</time>
        <hdop>3</hdop>
        <extensions>
          <osmand:speed>0.4</osmand:speed>
        </extensions>
      </trkpt>
      <trkpt lat="-13.5837972" lon="-71.3025592">
        <ele>4547.8</ele>
        <time>2026-06-03T02:15:50Z</time>
        <hdop>3</hdop>
        <extensions>
          <osmand:speed>0</osmand:speed>
        </extensions>
      </trkpt>
      <trkpt lat="-13.5838308" lon="-71.3025836">
        <ele>4550</ele>
        <time>2026-06-03T02:16:05Z</time>
        <hdop>3</hdop>
        <extensions>
          <osmand:speed>0.1</osmand:speed>
        </extensions>
      </trkpt>
      <trkpt lat="-13.5838312" lon="-71.3025861">
        <ele>4549.7</ele>
        <time>2026-06-03T02:16:21Z</time>
        <hdop>3</hdop>
        <extensions>
          <osmand:speed>0</osmand:speed>
        </extensions>
      </trkpt>
      <trkpt lat="-13.5838294" lon="-71.3025861">
        <ele>4549.7</ele>
        <time>2026-06-03T02:16:37Z</time>
        <hdop>3</hdop>
        <extensions>
          <osmand:speed>0.1</osmand:speed>
        </extensions>
      </trkpt>
      <trkpt lat="-13.5838293" lon="-71.3025869">
        <ele>4549.7</ele>
        <time>2026-06-03T02:16:53Z</time>
        <hdop>3</hdop>
        <extensions>
          <osmand:speed>0.1</osmand:speed>
        </extensions>
      </trkpt>
      <trkpt lat="-13.5838302" lon="-71.3025862">
        <ele>4549.7</ele>
        <time>2026-06-03T02:17:09Z</time>
        <hdop>3</hdop>
        <extensions>
          <osmand:speed>0.1</osmand:speed>
        </extensions>
      </trkpt>
      <trkpt lat="-13.5838325" lon="-71.302586">
        <ele>4549.7</ele>
        <time>2026-06-03T02:17:25Z</time>
        <hdop>3</hdop>
        <extensions>
          <osmand:speed>0.1</osmand:speed>
        </extensions>
      </trkpt>
      <trkpt lat="-13.5838321" lon="-71.3025853">
        <ele>4549.7</ele>
        <time>2026-06-03T02:17:41Z</time>
        <hdop>3</hdop>
        <extensions>
          <osmand:speed>0.1</osmand:speed>
        </extensions>
      </trkpt>
      <trkpt lat="-13.5838314" lon="-71.3025838">
        <ele>4549.7</ele>
        <time>2026-06-03T02:17:56Z</time>
        <hdop>3</hdop>
        <extensions>
          <osmand:speed>0.1</osmand:speed>
        </extensions>
      </trkpt>
      <trkpt lat="-13.5838304" lon="-71.3025833">
        <ele>4549.7</ele>
        <time>2026-06-03T02:18:12Z</time>
        <hdop>3</hdop>
        <extensions>
          <osmand:speed>0.1</osmand:speed>
        </extensions>
      </trkpt>
      <trkpt lat="-13.5838305" lon="-71.3025825">
        <ele>4549.7</ele>
        <time>2026-06-03T02:18:28Z</time>
        <hdop>3</hdop>
        <extensions>
          <osmand:speed>0.1</osmand:speed>
        </extensions>
      </trkpt>
      <trkpt lat="-13.5838311" lon="-71.302583">
        <ele>4549.7</ele>
        <time>2026-06-03T02:18:44Z</time>
        <hdop>3</hdop>
        <extensions>
          <osmand:speed>0.1</osmand:speed>
        </extensions>
      </trkpt>
      <trkpt lat="-13.5838313" lon="-71.3025843">
        <ele>4549.7</ele>
        <time>2026-06-03T02:19:00Z</time>
        <hdop>3</hdop>
        <extensions>
          <osmand:speed>0.1</osmand:speed>
        </extensions>
      </trkpt>
      <trkpt lat="-13.583832" lon="-71.3025836">
        <ele>4549.7</ele>
        <time>2026-06-03T02:19:16Z</time>
        <hdop>3</hdop>
        <extensions>
          <osmand:speed>0.1</osmand:speed>
        </extensions>
      </trkpt>
      <trkpt lat="-13.5838307" lon="-71.3025852">
        <ele>4549.7</ele>
        <time>2026-06-03T02:19:32Z</time>
        <hdop>3</hdop>
        <extensions>
          <osmand:speed>0.1</osmand:speed>
        </extensions>
      </trkpt>
      <trkpt lat="-13.5838303" lon="-71.3025858">
        <ele>4549.7</ele>
        <time>2026-06-03T02:19:48Z</time>
        <hdop>3</hdop>
        <extensions>
          <osmand:speed>0.1</osmand:speed>
        </extensions>
      </trkpt>
      <trkpt lat="-13.5838307" lon="-71.302584">
        <ele>4549.7</ele>
        <time>2026-06-03T02:20:04Z</time>
        <hdop>3</hdop>
        <extensions>
          <osmand:speed>0.1</osmand:speed>
        </extensions>
      </trkpt>
      <trkpt lat="-13.5838316" lon="-71.3025832">
        <ele>4549.7</ele>
        <time>2026-06-03T02:20:19Z</time>
        <hdop>3</hdop>
        <extensions>
          <osmand:speed>0.1</osmand:speed>
        </extensions>
      </trkpt>
      <trkpt lat="-13.5838324" lon="-71.3025851">
        <ele>4549.7</ele>
        <time>2026-06-03T02:20:35Z</time>
        <hdop>3</hdop>
        <extensions>
          <osmand:speed>0.1</osmand:speed>
        </extensions>
      </trkpt>
      <trkpt lat="-13.5838341" lon="-71.3025853">
        <ele>4549.7</ele>
        <time>2026-06-03T02:20:51Z</time>
        <hdop>3</hdop>
        <extensions>
          <osmand:speed>0.1</osmand:speed>
        </extensions>
      </trkpt>
      <trkpt lat="-13.583833" lon="-71.3025854">
        <ele>4549.7</ele>
        <time>2026-06-03T02:21:06Z</time>
        <hdop>3</hdop>
        <extensions>
          <osmand:speed>0.1</osmand:speed>
        </extensions>
      </trkpt>
      <trkpt lat="-13.5838329" lon="-71.3025868">
        <ele>4549.7</ele>
        <time>2026-06-03T02:21:22Z</time>
        <hdop>3</hdop>
        <extensions>
          <osmand:speed>0.1</osmand:speed>
        </extensions>
      </trkpt>
      <trkpt lat="-13.5838322" lon="-71.3025854">
        <ele>4549.7</ele>
        <time>2026-06-03T02:21:38Z</time>
        <hdop>3</hdop>
        <extensions>
          <osmand:speed>0.1</osmand:speed>
        </extensions>
      </trkpt>
      <trkpt lat="-13.5838311" lon="-71.3025844">
        <ele>4549.7</ele>
        <time>2026-06-03T02:21:54Z</time>
        <hdop>3</hdop>
        <extensions>
          <osmand:speed>0.1</osmand:speed>
        </extensions>
      </trkpt>
      <trkpt lat="-13.5838307" lon="-71.3025848">
        <ele>4549.7</ele>
        <time>2026-06-03T02:22:09Z</time>
        <hdop>3</hdop>
        <extensions>
          <osmand:speed>0.1</osmand:speed>
        </extensions>
      </trkpt>
      <trkpt lat="-13.5838327" lon="-71.302584">
        <ele>4549.7</ele>
        <time>2026-06-03T02:22:25Z</time>
        <hdop>3</hdop>
        <extensions>
          <osmand:speed>0.1</osmand:speed>
        </extensions>
      </trkpt>
      <trkpt lat="-13.5838316" lon="-71.3025854">
        <ele>4549.7</ele>
        <time>2026-06-03T02:22:41Z</time>
        <hdop>3</hdop>
        <extensions>
          <osmand:speed>0.1</osmand:speed>
        </extensions>
      </trkpt>
      <trkpt lat="-13.5838311" lon="-71.3025856">
        <ele>4549.7</ele>
        <time>2026-06-03T02:22:56Z</time>
        <hdop>3</hdop>
        <extensions>
          <osmand:speed>0.1</osmand:speed>
        </extensions>
      </trkpt>
      <trkpt lat="-13.5838315" lon="-71.3025847">
        <ele>4549.7</ele>
        <time>2026-06-03T02:23:12Z</time>
        <hdop>3</hdop>
        <extensions>
          <osmand:speed>0</osmand:speed>
        </extensions>
      </trkpt>
      <trkpt lat="-13.5838317" lon="-71.302585">
        <ele>4549.7</ele>
        <time>2026-06-03T02:23:28Z</time>
        <hdop>1.4</hdop>
      </trkpt>
      <trkpt lat="-13.5837917" lon="-71.30261">
        <ele>4549.1</ele>
        <time>2026-06-03T02:23:44Z</time>
        <hdop>1.5</hdop>
        <extensions>
          <osmand:speed>0.5</osmand:speed>
        </extensions>
      </trkpt>
      <trkpt lat="-13.5838269" lon="-71.3026886">
        <ele>4545.6</ele>
        <time>2026-06-03T02:23:59Z</time>
        <hdop>1.6</hdop>
        <extensions>
          <osmand:speed>0.9</osmand:speed>
        </extensions>
      </trkpt>
      <trkpt lat="-13.5838951" lon="-71.3027942">
        <ele>4545.3</ele>
        <time>2026-06-03T02:24:14Z</time>
        <hdop>2.9</hdop>
        <extensions>
          <osmand:speed>1</osmand:speed>
        </extensions>
      </trkpt>
      <trkpt lat="-13.5839867" lon="-71.3028962">
        <ele>4542.9</ele>
        <time>2026-06-03T02:24:29Z</time>
        <hdop>3</hdop>
        <extensions>
          <osmand:speed>1</osmand:speed>
        </extensions>
      </trkpt>
      <trkpt lat="-13.5840854" lon="-71.3030059">
        <ele>4544.2</ele>
        <time>2026-06-03T02:24:44Z</time>
        <hdop>3</hdop>
        <extensions>
          <osmand:speed>1.1</osmand:speed>
        </extensions>
      </trkpt>
      <trkpt lat="-13.5841529" lon="-71.3031087">
        <ele>4542.7</ele>
        <time>2026-06-03T02:25:00Z</time>
        <hdop>3</hdop>
        <extensions>
          <osmand:speed>1</osmand:speed>
        </extensions>
      </trkpt>
      <trkpt lat="-13.5841837" lon="-71.3032398">
        <ele>4541.1</ele>
        <time>2026-06-03T02:25:15Z</time>
        <hdop>3</hdop>
        <extensions>
          <osmand:speed>1.1</osmand:speed>
        </extensions>
      </trkpt>
      <trkpt lat="-13.584181" lon="-71.3033633">
        <ele>4539.2</ele>
        <time>2026-06-03T02:25:30Z</time>
        <hdop>3</hdop>
        <extensions>
          <osmand:speed>1</osmand:speed>
        </extensions>
      </trkpt>
      <trkpt lat="-13.584164" lon="-71.3034711">
        <ele>4539.1</ele>
        <time>2026-06-03T02:25:45Z</time>
        <hdop>3</hdop>
        <extensions>
          <osmand:speed>0.9</osmand:speed>
        </extensions>
      </trkpt>
      <trkpt lat="-13.584105" lon="-71.3035806">
        <ele>4541.8</ele>
        <time>2026-06-03T02:26:00Z</time>
        <hdop>3</hdop>
        <extensions>
          <osmand:speed>0.8</osmand:speed>
        </extensions>
      </trkpt>
      <trkpt lat="-13.5841448" lon="-71.3037057">
        <ele>4541.7</ele>
        <time>2026-06-03T02:26:15Z</time>
        <hdop>3</hdop>
        <extensions>
          <osmand:speed>1</osmand:speed>
        </extensions>
      </trkpt>
      <trkpt lat="-13.5841721" lon="-71.3038293">
        <ele>4538.3</ele>
        <time>2026-06-03T02:26:31Z</time>
        <hdop>3</hdop>
        <extensions>
          <osmand:speed>0.8</osmand:speed>
        </extensions>
      </trkpt>
      <trkpt lat="-13.5841868" lon="-71.303942">
        <ele>4540.3</ele>
        <time>2026-06-03T02:26:46Z</time>
        <hdop>3</hdop>
        <extensions>
          <osmand:speed>0.8</osmand:speed>
        </extensions>
      </trkpt>
      <trkpt lat="-13.5842078" lon="-71.3039927">
        <ele>4538.4</ele>
        <time>2026-06-03T02:27:02Z</time>
        <hdop>3</hdop>
        <extensions>
          <osmand:speed>0.3</osmand:speed>
        </extensions>
      </trkpt>
      <trkpt lat="-13.5841905" lon="-71.3041049">
        <ele>4537.3</ele>
        <time>2026-06-03T02:27:17Z</time>
        <hdop>3</hdop>
        <extensions>
          <osmand:speed>0.5</osmand:speed>
        </extensions>
      </trkpt>
      <trkpt lat="-13.5841705" lon="-71.3041684">
        <ele>4538.6</ele>
        <time>2026-06-03T02:27:32Z</time>
        <hdop>3</hdop>
        <extensions>
          <osmand:speed>0.6</osmand:speed>
        </extensions>
      </trkpt>
      <trkpt lat="-13.5841438" lon="-71.3042315">
        <ele>4539.4</ele>
        <time>2026-06-03T02:27:47Z</time>
        <hdop>3</hdop>
        <extensions>
          <osmand:speed>0.6</osmand:speed>
        </extensions>
      </trkpt>
      <trkpt lat="-13.5841979" lon="-71.3043038">
        <ele>4537.7</ele>
        <time>2026-06-03T02:28:03Z</time>
        <hdop>3</hdop>
        <extensions>
          <osmand:speed>0.8</osmand:speed>
        </extensions>
      </trkpt>
      <trkpt lat="-13.5841651" lon="-71.3043525">
        <ele>4537.4</ele>
        <time>2026-06-03T02:28:19Z</time>
        <hdop>3</hdop>
        <extensions>
          <osmand:speed>0.2</osmand:speed>
        </extensions>
      </trkpt>
      <trkpt lat="-13.5841152" lon="-71.3044259">
        <ele>4539.6</ele>
        <time>2026-06-03T02:28:34Z</time>
        <hdop>3</hdop>
        <extensions>
          <osmand:speed>0.8</osmand:speed>
        </extensions>
      </trkpt>
      <trkpt lat="-13.5840606" lon="-71.3045154">
        <ele>4542.1</ele>
        <time>2026-06-03T02:28:49Z</time>
        <hdop>3</hdop>
        <extensions>
          <osmand:speed>0.8</osmand:speed>
        </extensions>
      </trkpt>
      <trkpt lat="-13.5840203" lon="-71.304608">
        <ele>4544</ele>
        <time>2026-06-03T02:29:05Z</time>
        <hdop>3</hdop>
        <extensions>
          <osmand:speed>0.8</osmand:speed>
        </extensions>
      </trkpt>
      <trkpt lat="-13.583988" lon="-71.3047108">
        <ele>4544.8</ele>
        <time>2026-06-03T02:29:20Z</time>
        <hdop>3</hdop>
        <extensions>
          <osmand:speed>0.8</osmand:speed>
        </extensions>
      </trkpt>
      <trkpt lat="-13.5839612" lon="-71.304805">
        <ele>4545</ele>
        <time>2026-06-03T02:29:36Z</time>
        <hdop>3</hdop>
        <extensions>
          <osmand:speed>0.8</osmand:speed>
        </extensions>
      </trkpt>
      <trkpt lat="-13.5839196" lon="-71.3049046">
        <ele>4547</ele>
        <time>2026-06-03T02:29:51Z</time>
        <hdop>3</hdop>
        <extensions>
          <osmand:speed>0.9</osmand:speed>
        </extensions>
      </trkpt>
      <trkpt lat="-13.5839109" lon="-71.3049823">
        <ele>4547.5</ele>
        <time>2026-06-03T02:30:06Z</time>
        <hdop>3</hdop>
        <extensions>
          <osmand:speed>0.7</osmand:speed>
        </extensions>
      </trkpt>
      <trkpt lat="-13.58388" lon="-71.3050489">
        <ele>4548</ele>
        <time>2026-06-03T02:30:21Z</time>
        <hdop>3</hdop>
        <extensions>
          <osmand:speed>0.6</osmand:speed>
        </extensions>
      </trkpt>
      <trkpt lat="-13.583881" lon="-71.3051546">
        <ele>4548.5</ele>
        <time>2026-06-03T02:30:36Z</time>
        <hdop>3</hdop>
        <extensions>
          <osmand:speed>0.9</osmand:speed>
        </extensions>
      </trkpt>
      <trkpt lat="-13.5838696" lon="-71.3052882">
        <ele>4548.9</ele>
        <time>2026-06-03T02:30:52Z</time>
        <hdop>3</hdop>
        <extensions>
          <osmand:speed>1</osmand:speed>
        </extensions>
      </trkpt>
      <trkpt lat="-13.5838816" lon="-71.3053998">
        <ele>4547.6</ele>
        <time>2026-06-03T02:31:07Z</time>
        <hdop>3</hdop>
        <extensions>
          <osmand:speed>0.9</osmand:speed>
        </extensions>
      </trkpt>
      <trkpt lat="-13.5838624" lon="-71.3055086">
        <ele>4546.4</ele>
        <time>2026-06-03T02:31:22Z</time>
        <hdop>3</hdop>
        <extensions>
          <osmand:speed>1</osmand:speed>
        </extensions>
      </trkpt>
      <trkpt lat="-13.5838236" lon="-71.3056583">
        <ele>4544.1</ele>
        <time>2026-06-03T02:31:38Z</time>
        <hdop>3</hdop>
        <extensions>
          <osmand:speed>1.2</osmand:speed>
        </extensions>
      </trkpt>
      <trkpt lat="-13.5837906" lon="-71.3057762">
        <ele>4543</ele>
        <time>2026-06-03T02:31:53Z</time>
        <hdop>3</hdop>
        <extensions>
          <osmand:speed>1.1</osmand:speed>
        </extensions>
      </trkpt>
      <trkpt lat="-13.5836911" lon="-71.3059226">
        <ele>4542.7</ele>
        <time>2026-06-03T02:32:09Z</time>
        <hdop>3</hdop>
        <extensions>
          <osmand:speed>1.1</osmand:speed>
        </extensions>
      </trkpt>
      <trkpt lat="-13.583631" lon="-71.306024">
        <ele>4544.5</ele>
        <time>2026-06-03T02:32:24Z</time>
        <hdop>3</hdop>
        <extensions>
          <osmand:speed>0.8</osmand:speed>
        </extensions>
      </trkpt>
      <trkpt lat="-13.5835858" lon="-71.30612">
        <ele>4543.4</ele>
        <time>2026-06-03T02:32:39Z</time>
        <hdop>3</hdop>
        <extensions>
          <osmand:speed>1</osmand:speed>
        </extensions>
      </trkpt>
      <trkpt lat="-13.5835279" lon="-71.3062456">
        <ele>4543.1</ele>
        <time>2026-06-03T02:32:54Z</time>
        <hdop>3</hdop>
        <extensions>
          <osmand:speed>0.9</osmand:speed>
        </extensions>
      </trkpt>
      <trkpt lat="-13.5834701" lon="-71.3063524">
        <ele>4541.8</ele>
        <time>2026-06-03T02:33:10Z</time>
        <hdop>3</hdop>
        <extensions>
          <osmand:speed>0.8</osmand:speed>
        </extensions>
      </trkpt>
      <trkpt lat="-13.5834109" lon="-71.3064055">
        <ele>4541.5</ele>
        <time>2026-06-03T02:33:25Z</time>
        <hdop>3</hdop>
        <extensions>
          <osmand:speed>0.6</osmand:speed>
        </extensions>
      </trkpt>
      <trkpt lat="-13.5833783" lon="-71.3064487">
        <ele>4540</ele>
        <time>2026-06-03T02:33:41Z</time>
        <hdop>3</hdop>
        <extensions>
          <osmand:speed>0.4</osmand:speed>
        </extensions>
      </trkpt>
      <trkpt lat="-13.5833604" lon="-71.3065042">
        <ele>4540.4</ele>
        <time>2026-06-03T02:33:56Z</time>
        <hdop>3</hdop>
        <extensions>
          <osmand:speed>0.5</osmand:speed>
        </extensions>
      </trkpt>
      <trkpt lat="-13.5833232" lon="-71.3065781">
        <ele>4541.3</ele>
        <time>2026-06-03T02:34:12Z</time>
        <hdop>3</hdop>
        <extensions>
          <osmand:speed>0.7</osmand:speed>
        </extensions>
      </trkpt>
      <trkpt lat="-13.5832568" lon="-71.3066208">
        <ele>4542.9</ele>
        <time>2026-06-03T02:34:27Z</time>
        <hdop>3</hdop>
        <extensions>
          <osmand:speed>0.5</osmand:speed>
        </extensions>
      </trkpt>
      <trkpt lat="-13.5832461" lon="-71.3066481">
        <ele>4542.9</ele>
        <time>2026-06-03T02:34:43Z</time>
        <hdop>3</hdop>
        <extensions>
          <osmand:speed>0.4</osmand:speed>
        </extensions>
      </trkpt>
      <trkpt lat="-13.5832542" lon="-71.3067183">
        <ele>4540.7</ele>
        <time>2026-06-03T02:34:58Z</time>
        <hdop>3</hdop>
        <extensions>
          <osmand:speed>0.6</osmand:speed>
        </extensions>
      </trkpt>
      <trkpt lat="-13.5832396" lon="-71.3067393">
        <ele>4540.3</ele>
        <time>2026-06-03T02:35:13Z</time>
        <hdop>3</hdop>
        <extensions>
          <osmand:speed>0.1</osmand:speed>
        </extensions>
      </trkpt>
      <trkpt lat="-13.5832181" lon="-71.3067681">
        <ele>4538.6</ele>
        <time>2026-06-03T02:35:28Z</time>
        <hdop>3</hdop>
        <extensions>
          <osmand:speed>0.1</osmand:speed>
        </extensions>
      </trkpt>
      <trkpt lat="-13.5832027" lon="-71.3068322">
        <ele>4541.4</ele>
        <time>2026-06-03T02:35:43Z</time>
        <hdop>3</hdop>
        <extensions>
          <osmand:speed>0.5</osmand:speed>
        </extensions>
      </trkpt>
      <trkpt lat="-13.5832015" lon="-71.3068634">
        <ele>4543.5</ele>
        <time>2026-06-03T02:35:59Z</time>
        <hdop>3</hdop>
        <extensions>
          <osmand:speed>0.1</osmand:speed>
        </extensions>
      </trkpt>
      <trkpt lat="-13.5831862" lon="-71.3069187">
        <ele>4542.3</ele>
        <time>2026-06-03T02:36:15Z</time>
        <hdop>3</hdop>
        <extensions>
          <osmand:speed>0.2</osmand:speed>
        </extensions>
      </trkpt>
      <trkpt lat="-13.5832374" lon="-71.3069792">
        <ele>4545.6</ele>
        <time>2026-06-03T02:36:30Z</time>
        <hdop>3</hdop>
        <extensions>
          <osmand:speed>0.2</osmand:speed>
        </extensions>
      </trkpt>
      <trkpt lat="-13.5831991" lon="-71.3070153">
        <ele>4544.3</ele>
        <time>2026-06-03T02:36:45Z</time>
        <hdop>3</hdop>
        <extensions>
          <osmand:speed>0.6</osmand:speed>
        </extensions>
      </trkpt>
      <trkpt lat="-13.5831556" lon="-71.3070816">
        <ele>4543.8</ele>
        <time>2026-06-03T02:37:00Z</time>
        <hdop>3</hdop>
        <extensions>
          <osmand:speed>0.6</osmand:speed>
        </extensions>
      </trkpt>
      <trkpt lat="-13.583079" lon="-71.3071221">
        <ele>4544.4</ele>
        <time>2026-06-03T02:37:15Z</time>
        <hdop>3</hdop>
        <extensions>
          <osmand:speed>0.7</osmand:speed>
        </extensions>
      </trkpt>
      <trkpt lat="-13.5830344" lon="-71.307213">
        <ele>4548.5</ele>
        <time>2026-06-03T02:37:31Z</time>
        <hdop>3</hdop>
        <extensions>
          <osmand:speed>0.7</osmand:speed>
        </extensions>
      </trkpt>
      <trkpt lat="-13.5830072" lon="-71.3073006">
        <ele>4550.2</ele>
        <time>2026-06-03T02:37:46Z</time>
        <hdop>3</hdop>
        <extensions>
          <osmand:speed>0.7</osmand:speed>
        </extensions>
      </trkpt>
      <trkpt lat="-13.5830135" lon="-71.3073781">
        <ele>4551</ele>
        <time>2026-06-03T02:38:01Z</time>
        <hdop>3</hdop>
        <extensions>
          <osmand:speed>0.7</osmand:speed>
        </extensions>
      </trkpt>
      <trkpt lat="-13.5829854" lon="-71.3074478">
        <ele>4553.4</ele>
        <time>2026-06-03T02:38:16Z</time>
        <hdop>3</hdop>
        <extensions>
          <osmand:speed>0.6</osmand:speed>
        </extensions>
      </trkpt>
      <trkpt lat="-13.5829547" lon="-71.307531">
        <ele>4552.6</ele>
        <time>2026-06-03T02:38:32Z</time>
        <hdop>3</hdop>
        <extensions>
          <osmand:speed>0.7</osmand:speed>
        </extensions>
      </trkpt>
      <trkpt lat="-13.5829238" lon="-71.3075923">
        <ele>4553.5</ele>
        <time>2026-06-03T02:38:47Z</time>
        <hdop>3</hdop>
        <extensions>
          <osmand:speed>0.6</osmand:speed>
        </extensions>
      </trkpt>
      <trkpt lat="-13.5828924" lon="-71.3076712">
        <ele>4555.3</ele>
        <time>2026-06-03T02:39:02Z</time>
        <hdop>3</hdop>
        <extensions>
          <osmand:speed>0.7</osmand:speed>
        </extensions>
      </trkpt>
      <trkpt lat="-13.5828756" lon="-71.3077396">
        <ele>4553.7</ele>
        <time>2026-06-03T02:39:18Z</time>
        <hdop>3</hdop>
        <extensions>
          <osmand:speed>0.7</osmand:speed>
        </extensions>
      </trkpt>
      <trkpt lat="-13.5828687" lon="-71.3078148">
        <ele>4556.4</ele>
        <time>2026-06-03T02:39:33Z</time>
        <hdop>3</hdop>
        <extensions>
          <osmand:speed>0.6</osmand:speed>
        </extensions>
      </trkpt>
      <trkpt lat="-13.582893" lon="-71.3078014">
        <ele>4558.1</ele>
        <time>2026-06-03T02:39:48Z</time>
        <hdop>3</hdop>
        <extensions>
          <osmand:speed>0.2</osmand:speed>
        </extensions>
      </trkpt>
      <trkpt lat="-13.5829048" lon="-71.307816">
        <ele>4557.3</ele>
        <time>2026-06-03T02:40:04Z</time>
        <hdop>3</hdop>
        <extensions>
          <osmand:speed>0</osmand:speed>
        </extensions>
      </trkpt>
      <trkpt lat="-13.5829041" lon="-71.3078151">
        <ele>4557.3</ele>
        <time>2026-06-03T02:40:20Z</time>
        <hdop>3</hdop>
        <extensions>
          <osmand:speed>0.1</osmand:speed>
        </extensions>
      </trkpt>
      <trkpt lat="-13.582904" lon="-71.3078154">
        <ele>4557.3</ele>
        <time>2026-06-03T02:40:36Z</time>
        <hdop>3</hdop>
        <extensions>
          <osmand:speed>0.1</osmand:speed>
        </extensions>
      </trkpt>
      <trkpt lat="-13.582904" lon="-71.3078143">
        <ele>4557.3</ele>
        <time>2026-06-03T02:40:52Z</time>
        <hdop>3</hdop>
        <extensions>
          <osmand:speed>0</osmand:speed>
        </extensions>
      </trkpt>
      <trkpt lat="-13.5829035" lon="-71.3078154">
        <ele>4557.3</ele>
        <time>2026-06-03T02:41:07Z</time>
        <hdop>3</hdop>
        <extensions>
          <osmand:speed>0.1</osmand:speed>
        </extensions>
      </trkpt>
      <trkpt lat="-13.5829043" lon="-71.3078175">
        <ele>4557.3</ele>
        <time>2026-06-03T02:41:23Z</time>
        <hdop>3</hdop>
        <extensions>
          <osmand:speed>0.1</osmand:speed>
        </extensions>
      </trkpt>
      <trkpt lat="-13.5829057" lon="-71.3078174">
        <ele>4557.3</ele>
        <time>2026-06-03T02:41:39Z</time>
        <hdop>3</hdop>
        <extensions>
          <osmand:speed>0.1</osmand:speed>
        </extensions>
      </trkpt>
      <trkpt lat="-13.5829047" lon="-71.3078178">
        <ele>4557.3</ele>
        <time>2026-06-03T02:41:55Z</time>
        <hdop>3</hdop>
        <extensions>
          <osmand:speed>0.1</osmand:speed>
        </extensions>
      </trkpt>
      <trkpt lat="-13.5829053" lon="-71.3078182">
        <ele>4557.3</ele>
        <time>2026-06-03T02:42:11Z</time>
        <hdop>3</hdop>
        <extensions>
          <osmand:speed>0.1</osmand:speed>
        </extensions>
      </trkpt>
      <trkpt lat="-13.5829052" lon="-71.3078179">
        <ele>4557.3</ele>
        <time>2026-06-03T02:42:27Z</time>
        <hdop>3</hdop>
        <extensions>
          <osmand:speed>0.1</osmand:speed>
        </extensions>
      </trkpt>
      <trkpt lat="-13.5829045" lon="-71.3078187">
        <ele>4557.3</ele>
        <time>2026-06-03T02:42:42Z</time>
        <hdop>3</hdop>
        <extensions>
          <osmand:speed>0.1</osmand:speed>
        </extensions>
      </trkpt>
      <trkpt lat="-13.5829065" lon="-71.3078172">
        <ele>4557.3</ele>
        <time>2026-06-03T02:42:58Z</time>
        <hdop>3</hdop>
        <extensions>
          <osmand:speed>0.1</osmand:speed>
        </extensions>
      </trkpt>
      <trkpt lat="-13.5829053" lon="-71.3078161">
        <ele>4557.3</ele>
        <time>2026-06-03T02:43:13Z</time>
        <hdop>3</hdop>
        <extensions>
          <osmand:speed>0.1</osmand:speed>
        </extensions>
      </trkpt>
      <trkpt lat="-13.5829051" lon="-71.3078163">
        <ele>4557.3</ele>
        <time>2026-06-03T02:43:29Z</time>
        <hdop>3</hdop>
        <extensions>
          <osmand:speed>0</osmand:speed>
        </extensions>
      </trkpt>
      <trkpt lat="-13.5829049" lon="-71.3078166">
        <ele>4557.3</ele>
        <time>2026-06-03T02:43:45Z</time>
        <hdop>3</hdop>
        <extensions>
          <osmand:speed>0.1</osmand:speed>
        </extensions>
      </trkpt>
      <trkpt lat="-13.5829064" lon="-71.3078167">
        <ele>4557.3</ele>
        <time>2026-06-03T02:44:01Z</time>
        <hdop>3</hdop>
        <extensions>
          <osmand:speed>0.1</osmand:speed>
        </extensions>
      </trkpt>
      <trkpt lat="-13.5829069" lon="-71.3078164">
        <ele>4557.3</ele>
        <time>2026-06-03T02:44:17Z</time>
        <hdop>3</hdop>
        <extensions>
          <osmand:speed>0.1</osmand:speed>
        </extensions>
      </trkpt>
      <trkpt lat="-13.5829057" lon="-71.3078061">
        <ele>4557.2</ele>
        <time>2026-06-03T02:44:33Z</time>
        <hdop>3</hdop>
        <extensions>
          <osmand:speed>0.1</osmand:speed>
        </extensions>
      </trkpt>
      <trkpt lat="-13.5829017" lon="-71.3077909">
        <ele>4557.2</ele>
        <time>2026-06-03T02:44:49Z</time>
        <hdop>3</hdop>
        <extensions>
          <osmand:speed>0.1</osmand:speed>
        </extensions>
      </trkpt>
      <trkpt lat="-13.5829011" lon="-71.3077873">
        <ele>4557.2</ele>
        <time>2026-06-03T02:45:05Z</time>
        <hdop>3</hdop>
        <extensions>
          <osmand:speed>0.1</osmand:speed>
        </extensions>
      </trkpt>
      <trkpt lat="-13.5829008" lon="-71.3077861">
        <ele>4557.2</ele>
        <time>2026-06-03T02:45:21Z</time>
        <hdop>3</hdop>
        <extensions>
          <osmand:speed>0.1</osmand:speed>
        </extensions>
      </trkpt>
      <trkpt lat="-13.5829026" lon="-71.307788">
        <ele>4557.2</ele>
        <time>2026-06-03T02:45:37Z</time>
        <hdop>3</hdop>
        <extensions>
          <osmand:speed>0.1</osmand:speed>
        </extensions>
      </trkpt>
      <trkpt lat="-13.5829022" lon="-71.3077881">
        <ele>4557.2</ele>
        <time>2026-06-03T02:45:53Z</time>
        <hdop>3</hdop>
        <extensions>
          <osmand:speed>0.1</osmand:speed>
        </extensions>
      </trkpt>
      <trkpt lat="-13.582904" lon="-71.3077929">
        <ele>4556.7</ele>
        <time>2026-06-03T02:46:08Z</time>
        <hdop>3</hdop>
        <extensions>
          <osmand:speed>0.1</osmand:speed>
        </extensions>
      </trkpt>
      <trkpt lat="-13.5829077" lon="-71.3078067">
        <ele>4556.6</ele>
        <time>2026-06-03T02:46:24Z</time>
        <hdop>3</hdop>
        <extensions>
          <osmand:speed>0.1</osmand:speed>
        </extensions>
      </trkpt>
      <trkpt lat="-13.5828669" lon="-71.3078338">
        <ele>4557.3</ele>
        <time>2026-06-03T02:46:39Z</time>
        <hdop>3</hdop>
        <extensions>
          <osmand:speed>0.6</osmand:speed>
        </extensions>
      </trkpt>
      <trkpt lat="-13.5827639" lon="-71.307966">
        <ele>4558.2</ele>
        <time>2026-06-03T02:46:55Z</time>
        <hdop>3</hdop>
        <extensions>
          <osmand:speed>1</osmand:speed>
        </extensions>
      </trkpt>
      <trkpt lat="-13.5827179" lon="-71.308083">
        <ele>4558.2</ele>
        <time>2026-06-03T02:47:10Z</time>
        <hdop>3</hdop>
        <extensions>
          <osmand:speed>1</osmand:speed>
        </extensions>
      </trkpt>
      <trkpt lat="-13.5826615" lon="-71.3081567">
        <ele>4560.5</ele>
        <time>2026-06-03T02:47:25Z</time>
        <hdop>3</hdop>
        <extensions>
          <osmand:speed>0.8</osmand:speed>
        </extensions>
      </trkpt>
      <trkpt lat="-13.5826318" lon="-71.3082466">
        <ele>4561.9</ele>
        <time>2026-06-03T02:47:40Z</time>
        <hdop>3</hdop>
        <extensions>
          <osmand:speed>0.7</osmand:speed>
        </extensions>
      </trkpt>
      <trkpt lat="-13.582613" lon="-71.3083332">
        <ele>4563</ele>
        <time>2026-06-03T02:47:56Z</time>
        <hdop>3</hdop>
        <extensions>
          <osmand:speed>0.6</osmand:speed>
        </extensions>
      </trkpt>
      <trkpt lat="-13.5825986" lon="-71.3084072">
        <ele>4564</ele>
        <time>2026-06-03T02:48:11Z</time>
        <hdop>3</hdop>
        <extensions>
          <osmand:speed>0.6</osmand:speed>
        </extensions>
      </trkpt>
      <trkpt lat="-13.5825816" lon="-71.3084911">
        <ele>4567.4</ele>
        <time>2026-06-03T02:48:26Z</time>
        <hdop>3</hdop>
        <extensions>
          <osmand:speed>0.7</osmand:speed>
        </extensions>
      </trkpt>
      <trkpt lat="-13.5825668" lon="-71.3085937">
        <ele>4569.7</ele>
        <time>2026-06-03T02:48:42Z</time>
        <hdop>3</hdop>
        <extensions>
          <osmand:speed>0.8</osmand:speed>
        </extensions>
      </trkpt>
      <trkpt lat="-13.5825297" lon="-71.308659">
        <ele>4570.9</ele>
        <time>2026-06-03T02:48:57Z</time>
        <hdop>3</hdop>
        <extensions>
          <osmand:speed>0.6</osmand:speed>
        </extensions>
      </trkpt>
      <trkpt lat="-13.5825085" lon="-71.3087299">
        <ele>4572.6</ele>
        <time>2026-06-03T02:49:12Z</time>
        <hdop>3</hdop>
        <extensions>
          <osmand:speed>0.7</osmand:speed>
        </extensions>
      </trkpt>
      <trkpt lat="-13.5824806" lon="-71.3088043">
        <ele>4572.4</ele>
        <time>2026-06-03T02:49:28Z</time>
        <hdop>3</hdop>
        <extensions>
          <osmand:speed>0.6</osmand:speed>
        </extensions>
      </trkpt>
      <trkpt lat="-13.5824626" lon="-71.3088885">
        <ele>4576.3</ele>
        <time>2026-06-03T02:49:43Z</time>
        <hdop>3</hdop>
        <extensions>
          <osmand:speed>0.7</osmand:speed>
        </extensions>
      </trkpt>
      <trkpt lat="-13.5824482" lon="-71.3089685">
        <ele>4577.6</ele>
        <time>2026-06-03T02:49:59Z</time>
        <hdop>3</hdop>
        <extensions>
          <osmand:speed>0.6</osmand:speed>
        </extensions>
      </trkpt>
      <trkpt lat="-13.5824577" lon="-71.3090507">
        <ele>4579.2</ele>
        <time>2026-06-03T02:50:14Z</time>
        <hdop>3</hdop>
        <extensions>
          <osmand:speed>0.7</osmand:speed>
        </extensions>
      </trkpt>
      <trkpt lat="-13.5824693" lon="-71.3091415">
        <ele>4579.5</ele>
        <time>2026-06-03T02:50:30Z</time>
        <hdop>3</hdop>
        <extensions>
          <osmand:speed>0.7</osmand:speed>
        </extensions>
      </trkpt>
      <trkpt lat="-13.5824779" lon="-71.3092303">
        <ele>4580.1</ele>
        <time>2026-06-03T02:50:45Z</time>
        <hdop>3</hdop>
        <extensions>
          <osmand:speed>0.7</osmand:speed>
        </extensions>
      </trkpt>
      <trkpt lat="-13.5824536" lon="-71.3093216">
        <ele>4581.7</ele>
        <time>2026-06-03T02:51:00Z</time>
        <hdop>3</hdop>
        <extensions>
          <osmand:speed>0.8</osmand:speed>
        </extensions>
      </trkpt>
      <trkpt lat="-13.5824244" lon="-71.3094013">
        <ele>4582.8</ele>
        <time>2026-06-03T02:51:15Z</time>
        <hdop>3</hdop>
        <extensions>
          <osmand:speed>0.8</osmand:speed>
        </extensions>
      </trkpt>
      <trkpt lat="-13.5823941" lon="-71.3095226">
        <ele>4582.2</ele>
        <time>2026-06-03T02:51:31Z</time>
        <hdop>3</hdop>
        <extensions>
          <osmand:speed>0.9</osmand:speed>
        </extensions>
      </trkpt>
      <trkpt lat="-13.582388" lon="-71.3095987">
        <ele>4581.2</ele>
        <time>2026-06-03T02:51:46Z</time>
        <hdop>3</hdop>
        <extensions>
          <osmand:speed>0.8</osmand:speed>
        </extensions>
      </trkpt>
      <trkpt lat="-13.5823643" lon="-71.3096909">
        <ele>4583.4</ele>
        <time>2026-06-03T02:52:01Z</time>
        <hdop>3</hdop>
        <extensions>
          <osmand:speed>0.7</osmand:speed>
        </extensions>
      </trkpt>
      <trkpt lat="-13.5823427" lon="-71.3097732">
        <ele>4584.7</ele>
        <time>2026-06-03T02:52:17Z</time>
        <hdop>3</hdop>
        <extensions>
          <osmand:speed>0.7</osmand:speed>
        </extensions>
      </trkpt>
      <trkpt lat="-13.5823232" lon="-71.3098729">
        <ele>4586.4</ele>
        <time>2026-06-03T02:52:32Z</time>
        <hdop>3</hdop>
        <extensions>
          <osmand:speed>0.8</osmand:speed>
        </extensions>
      </trkpt>
      <trkpt lat="-13.5823245" lon="-71.3099639">
        <ele>4585.9</ele>
        <time>2026-06-03T02:52:47Z</time>
        <hdop>3</hdop>
        <extensions>
          <osmand:speed>0.8</osmand:speed>
        </extensions>
      </trkpt>
      <trkpt lat="-13.5823283" lon="-71.310077">
        <ele>4587.4</ele>
        <time>2026-06-03T02:53:02Z</time>
        <hdop>3</hdop>
        <extensions>
          <osmand:speed>0.8</osmand:speed>
        </extensions>
      </trkpt>
      <trkpt lat="-13.5823151" lon="-71.3101801">
        <ele>4587.6</ele>
        <time>2026-06-03T02:53:18Z</time>
        <hdop>3</hdop>
        <extensions>
          <osmand:speed>0.8</osmand:speed>
        </extensions>
      </trkpt>
      <trkpt lat="-13.5823004" lon="-71.3102333">
        <ele>4586.3</ele>
        <time>2026-06-03T02:53:33Z</time>
        <hdop>3</hdop>
        <extensions>
          <osmand:speed>0.2</osmand:speed>
        </extensions>
      </trkpt>
      <trkpt lat="-13.5822688" lon="-71.3103016">
        <ele>4585.3</ele>
        <time>2026-06-03T02:53:48Z</time>
        <hdop>3</hdop>
        <extensions>
          <osmand:speed>0.7</osmand:speed>
        </extensions>
      </trkpt>
      <trkpt lat="-13.5822296" lon="-71.310373">
        <ele>4587.2</ele>
        <time>2026-06-03T02:54:03Z</time>
        <hdop>3</hdop>
        <extensions>
          <osmand:speed>0.5</osmand:speed>
        </extensions>
      </trkpt>
      <trkpt lat="-13.5821622" lon="-71.3104286">
        <ele>4587.7</ele>
        <time>2026-06-03T02:54:19Z</time>
        <hdop>3</hdop>
        <extensions>
          <osmand:speed>0.7</osmand:speed>
        </extensions>
      </trkpt>
      <trkpt lat="-13.5821228" lon="-71.3104902">
        <ele>4590.7</ele>
        <time>2026-06-03T02:54:34Z</time>
        <hdop>3</hdop>
        <extensions>
          <osmand:speed>0.5</osmand:speed>
        </extensions>
      </trkpt>
      <trkpt lat="-13.5821008" lon="-71.3105156">
        <ele>4590.8</ele>
        <time>2026-06-03T02:54:49Z</time>
        <hdop>3</hdop>
        <extensions>
          <osmand:speed>0.1</osmand:speed>
        </extensions>
      </trkpt>
      <trkpt lat="-13.5820534" lon="-71.3105529">
        <ele>4593.3</ele>
        <time>2026-06-03T02:55:05Z</time>
        <hdop>3</hdop>
        <extensions>
          <osmand:speed>0.2</osmand:speed>
        </extensions>
      </trkpt>
      <trkpt lat="-13.5820061" lon="-71.310604">
        <ele>4597.1</ele>
        <time>2026-06-03T02:55:20Z</time>
        <hdop>3</hdop>
        <extensions>
          <osmand:speed>0.2</osmand:speed>
        </extensions>
      </trkpt>
      <trkpt lat="-13.5820279" lon="-71.3106348">
        <ele>4599.2</ele>
        <time>2026-06-03T02:55:35Z</time>
        <hdop>3</hdop>
        <extensions>
          <osmand:speed>0.5</osmand:speed>
        </extensions>
      </trkpt>
      <trkpt lat="-13.5821064" lon="-71.3106908">
        <ele>4603.1</ele>
        <time>2026-06-03T02:55:50Z</time>
        <hdop>3</hdop>
        <extensions>
          <osmand:speed>0.6</osmand:speed>
        </extensions>
      </trkpt>
      <trkpt lat="-13.5821044" lon="-71.3107046">
        <ele>4602.9</ele>
        <time>2026-06-03T02:56:06Z</time>
        <hdop>3</hdop>
        <extensions>
          <osmand:speed>0.1</osmand:speed>
        </extensions>
      </trkpt>
      <trkpt lat="-13.5820585" lon="-71.3108152">
        <ele>4605.6</ele>
        <time>2026-06-03T02:56:21Z</time>
        <hdop>3</hdop>
        <extensions>
          <osmand:speed>0.7</osmand:speed>
        </extensions>
      </trkpt>
      <trkpt lat="-13.5820618" lon="-71.3107952">
        <ele>4603.1</ele>
        <time>2026-06-03T02:56:37Z</time>
        <hdop>3</hdop>
        <extensions>
          <osmand:speed>0.1</osmand:speed>
        </extensions>
      </trkpt>
      <trkpt lat="-13.5820648" lon="-71.3107894">
        <ele>4602.8</ele>
        <time>2026-06-03T02:56:53Z</time>
        <hdop>3</hdop>
        <extensions>
          <osmand:speed>0</osmand:speed>
        </extensions>
      </trkpt>
      <trkpt lat="-13.5820665" lon="-71.3107875">
        <ele>4602.8</ele>
        <time>2026-06-03T02:57:09Z</time>
        <hdop>3</hdop>
        <extensions>
          <osmand:speed>0.1</osmand:speed>
        </extensions>
      </trkpt>
      <trkpt lat="-13.5820661" lon="-71.310788">
        <ele>4602.8</ele>
        <time>2026-06-03T02:57:25Z</time>
        <hdop>3</hdop>
        <extensions>
          <osmand:speed>0.1</osmand:speed>
        </extensions>
      </trkpt>
      <trkpt lat="-13.5820666" lon="-71.3107886">
        <ele>4602.8</ele>
        <time>2026-06-03T02:57:41Z</time>
        <hdop>3</hdop>
        <extensions>
          <osmand:speed>0.1</osmand:speed>
        </extensions>
      </trkpt>
      <trkpt lat="-13.5820659" lon="-71.3107894">
        <ele>4602.8</ele>
        <time>2026-06-03T02:57:57Z</time>
        <hdop>3</hdop>
        <extensions>
          <osmand:speed>0.1</osmand:speed>
        </extensions>
      </trkpt>
      <trkpt lat="-13.5820351" lon="-71.3108784">
        <ele>4604.7</ele>
        <time>2026-06-03T02:58:12Z</time>
        <hdop>3</hdop>
        <extensions>
          <osmand:speed>1</osmand:speed>
        </extensions>
      </trkpt>
      <trkpt lat="-13.5819595" lon="-71.3110124">
        <ele>4607.3</ele>
        <time>2026-06-03T02:58:28Z</time>
        <hdop>3</hdop>
        <extensions>
          <osmand:speed>1.1</osmand:speed>
        </extensions>
      </trkpt>
      <trkpt lat="-13.5818852" lon="-71.3111537">
        <ele>4608.3</ele>
        <time>2026-06-03T02:58:43Z</time>
        <hdop>3</hdop>
        <extensions>
          <osmand:speed>1.1</osmand:speed>
        </extensions>
      </trkpt>
      <trkpt lat="-13.5818424" lon="-71.3112707">
        <ele>4609.8</ele>
        <time>2026-06-03T02:58:58Z</time>
        <hdop>3</hdop>
        <extensions>
          <osmand:speed>1</osmand:speed>
        </extensions>
      </trkpt>
      <trkpt lat="-13.58175" lon="-71.3113375">
        <ele>4612.6</ele>
        <time>2026-06-03T02:59:14Z</time>
        <hdop>3</hdop>
        <extensions>
          <osmand:speed>0.7</osmand:speed>
        </extensions>
      </trkpt>
      <trkpt lat="-13.5817451" lon="-71.311387">
        <ele>4613.5</ele>
        <time>2026-06-03T02:59:29Z</time>
        <hdop>3</hdop>
        <extensions>
          <osmand:speed>0.2</osmand:speed>
        </extensions>
      </trkpt>
      <trkpt lat="-13.5817565" lon="-71.3114595">
        <ele>4613.4</ele>
        <time>2026-06-03T02:59:44Z</time>
        <hdop>3</hdop>
        <extensions>
          <osmand:speed>0.2</osmand:speed>
        </extensions>
      </trkpt>
      <trkpt lat="-13.5817597" lon="-71.3114566">
        <ele>4613</ele>
        <time>2026-06-03T03:00:00Z</time>
        <hdop>3</hdop>
        <extensions>
          <osmand:speed>0</osmand:speed>
        </extensions>
      </trkpt>
      <trkpt lat="-13.5817608" lon="-71.3114581">
        <ele>4613</ele>
        <time>2026-06-03T03:00:16Z</time>
        <hdop>3</hdop>
        <extensions>
          <osmand:speed>0.1</osmand:speed>
        </extensions>
      </trkpt>
      <trkpt lat="-13.5817602" lon="-71.311457">
        <ele>4613</ele>
        <time>2026-06-03T03:00:31Z</time>
        <hdop>3</hdop>
        <extensions>
          <osmand:speed>0.1</osmand:speed>
        </extensions>
      </trkpt>
      <trkpt lat="-13.5817593" lon="-71.3114573">
        <ele>4613</ele>
        <time>2026-06-03T03:00:47Z</time>
        <hdop>3</hdop>
        <extensions>
          <osmand:speed>0.1</osmand:speed>
        </extensions>
      </trkpt>
      <trkpt lat="-13.5817571" lon="-71.3114434">
        <ele>4611.6</ele>
        <time>2026-06-03T03:01:02Z</time>
        <hdop>3</hdop>
        <extensions>
          <osmand:speed>0</osmand:speed>
        </extensions>
      </trkpt>
      <trkpt lat="-13.5817567" lon="-71.3114443">
        <ele>4611.6</ele>
        <time>2026-06-03T03:01:17Z</time>
        <hdop>3</hdop>
        <extensions>
          <osmand:speed>0.1</osmand:speed>
        </extensions>
      </trkpt>
      <trkpt lat="-13.5817566" lon="-71.311445">
        <ele>4611.6</ele>
        <time>2026-06-03T03:01:33Z</time>
        <hdop>3</hdop>
        <extensions>
          <osmand:speed>0.1</osmand:speed>
        </extensions>
      </trkpt>
      <trkpt lat="-13.5817563" lon="-71.3114442">
        <ele>4611.6</ele>
        <time>2026-06-03T03:01:49Z</time>
        <hdop>3</hdop>
        <extensions>
          <osmand:speed>0.1</osmand:speed>
        </extensions>
      </trkpt>
      <trkpt lat="-13.5817583" lon="-71.3114433">
        <ele>4611.6</ele>
        <time>2026-06-03T03:02:05Z</time>
        <hdop>1.5</hdop>
      </trkpt>
      <trkpt lat="-13.5817583" lon="-71.3114433">
        <ele>4611.6</ele>
        <time>2026-06-03T03:02:21Z</time>
        <hdop>1.3</hdop>
      </trkpt>
      <trkpt lat="-13.5817583" lon="-71.3114433">
        <ele>4611.6</ele>
        <time>2026-06-03T03:02:37Z</time>
        <hdop>1.6</hdop>
      </trkpt>
      <trkpt lat="-13.5817583" lon="-71.3114433">
        <ele>4611.6</ele>
        <time>2026-06-03T03:02:52Z</time>
        <hdop>1.4</hdop>
      </trkpt>
      <trkpt lat="-13.58176" lon="-71.311455">
        <ele>4613.7</ele>
        <time>2026-06-03T03:03:08Z</time>
        <hdop>1.3</hdop>
      </trkpt>
      <trkpt lat="-13.58176" lon="-71.311455">
        <ele>4613.7</ele>
        <time>2026-06-03T03:03:24Z</time>
        <hdop>1.4</hdop>
      </trkpt>
      <trkpt lat="-13.58176" lon="-71.311455">
        <ele>4613.7</ele>
        <time>2026-06-03T03:03:40Z</time>
        <hdop>1.4</hdop>
      </trkpt>
      <trkpt lat="-13.5817533" lon="-71.31147">
        <ele>4612.2</ele>
        <time>2026-06-03T03:03:56Z</time>
        <hdop>1.4</hdop>
      </trkpt>
      <trkpt lat="-13.5817533" lon="-71.31147">
        <ele>4612.2</ele>
        <time>2026-06-03T03:04:12Z</time>
        <hdop>1.4</hdop>
      </trkpt>
      <trkpt lat="-13.5817533" lon="-71.31147">
        <ele>4612.2</ele>
        <time>2026-06-03T03:04:28Z</time>
        <hdop>1.4</hdop>
      </trkpt>
      <trkpt lat="-13.5817533" lon="-71.31147">
        <ele>4612.2</ele>
        <time>2026-06-03T03:04:44Z</time>
        <hdop>1.4</hdop>
      </trkpt>
      <trkpt lat="-13.5817533" lon="-71.31147">
        <ele>4612.2</ele>
        <time>2026-06-03T03:05:00Z</time>
        <hdop>1.4</hdop>
      </trkpt>
      <trkpt lat="-13.5817533" lon="-71.31147">
        <ele>4612.2</ele>
        <time>2026-06-03T03:05:16Z</time>
        <hdop>1.2</hdop>
      </trkpt>
      <trkpt lat="-13.5817533" lon="-71.31147">
        <ele>4612.2</ele>
        <time>2026-06-03T03:05:32Z</time>
        <hdop>1.2</hdop>
      </trkpt>
      <trkpt lat="-13.5817533" lon="-71.31147">
        <ele>4612.2</ele>
        <time>2026-06-03T03:05:48Z</time>
        <hdop>1.3</hdop>
      </trkpt>
      <trkpt lat="-13.5817533" lon="-71.31147">
        <ele>4612.2</ele>
        <time>2026-06-03T03:06:04Z</time>
        <hdop>1.2</hdop>
      </trkpt>
      <trkpt lat="-13.5817533" lon="-71.31147">
        <ele>4612.2</ele>
        <time>2026-06-03T03:06:20Z</time>
        <hdop>1.3</hdop>
      </trkpt>
      <trkpt lat="-13.5817533" lon="-71.31147">
        <ele>4612.2</ele>
        <time>2026-06-03T03:06:35Z</time>
        <hdop>1.3</hdop>
      </trkpt>
      <trkpt lat="-13.5817533" lon="-71.31147">
        <ele>4612.2</ele>
        <time>2026-06-03T03:06:51Z</time>
        <hdop>1.4</hdop>
      </trkpt>
      <trkpt lat="-13.5817533" lon="-71.31147">
        <ele>4612.2</ele>
        <time>2026-06-03T03:07:07Z</time>
        <hdop>1.3</hdop>
      </trkpt>
      <trkpt lat="-13.5817533" lon="-71.31147">
        <ele>4612.2</ele>
        <time>2026-06-03T03:07:22Z</time>
        <hdop>1.4</hdop>
      </trkpt>
      <trkpt lat="-13.5817533" lon="-71.31147">
        <ele>4612.2</ele>
        <time>2026-06-03T03:07:38Z</time>
        <hdop>1.3</hdop>
      </trkpt>
      <trkpt lat="-13.5817533" lon="-71.31147">
        <ele>4612.2</ele>
        <time>2026-06-03T03:07:53Z</time>
        <hdop>1.3</hdop>
      </trkpt>
      <trkpt lat="-13.5817533" lon="-71.31147">
        <ele>4612.2</ele>
        <time>2026-06-03T03:08:09Z</time>
        <hdop>1.3</hdop>
      </trkpt>
      <trkpt lat="-13.5817533" lon="-71.31147">
        <ele>4612.2</ele>
        <time>2026-06-03T03:08:25Z</time>
        <hdop>1.3</hdop>
      </trkpt>
      <trkpt lat="-13.5817533" lon="-71.31147">
        <ele>4612.2</ele>
        <time>2026-06-03T03:08:41Z</time>
        <hdop>1.3</hdop>
      </trkpt>
      <trkpt lat="-13.5817533" lon="-71.31147">
        <ele>4612.2</ele>
        <time>2026-06-03T03:08:57Z</time>
        <hdop>1.3</hdop>
      </trkpt>
      <trkpt lat="-13.5817533" lon="-71.31147">
        <ele>4612.2</ele>
        <time>2026-06-03T03:09:13Z</time>
        <hdop>1.3</hdop>
      </trkpt>
      <trkpt lat="-13.5817533" lon="-71.31147">
        <ele>4612.2</ele>
        <time>2026-06-03T03:09:29Z</time>
        <hdop>1.3</hdop>
      </trkpt>
      <trkpt lat="-13.5817533" lon="-71.31147">
        <ele>4612.2</ele>
        <time>2026-06-03T03:09:45Z</time>
        <hdop>1.3</hdop>
      </trkpt>
      <trkpt lat="-13.5817533" lon="-71.31147">
        <ele>4612.2</ele>
        <time>2026-06-03T03:10:01Z</time>
        <hdop>1.3</hdop>
      </trkpt>
      <trkpt lat="-13.5817533" lon="-71.31147">
        <ele>4612.2</ele>
        <time>2026-06-03T03:10:17Z</time>
        <hdop>1.3</hdop>
      </trkpt>
      <trkpt lat="-13.5817533" lon="-71.31147">
        <ele>4612.2</ele>
        <time>2026-06-03T03:10:33Z</time>
        <hdop>1.3</hdop>
      </trkpt>
      <trkpt lat="-13.5817523" lon="-71.3114699">
        <ele>4612.2</ele>
        <time>2026-06-03T03:10:48Z</time>
        <hdop>3</hdop>
        <extensions>
          <osmand:speed>0.1</osmand:speed>
        </extensions>
      </trkpt>
      <trkpt lat="-13.581753" lon="-71.3114702">
        <ele>4612.2</ele>
        <time>2026-06-03T03:11:04Z</time>
        <hdop>3</hdop>
        <extensions>
          <osmand:speed>0.1</osmand:speed>
        </extensions>
      </trkpt>
      <trkpt lat="-13.581754" lon="-71.3114719">
        <ele>4612.2</ele>
        <time>2026-06-03T03:11:19Z</time>
        <hdop>3</hdop>
        <extensions>
          <osmand:speed>0.1</osmand:speed>
        </extensions>
      </trkpt>
      <trkpt lat="-13.5817528" lon="-71.3114717">
        <ele>4612.2</ele>
        <time>2026-06-03T03:11:35Z</time>
        <hdop>3</hdop>
        <extensions>
          <osmand:speed>0.1</osmand:speed>
        </extensions>
      </trkpt>
      <trkpt lat="-13.5817517" lon="-71.31147">
        <ele>4612.2</ele>
        <time>2026-06-03T03:11:51Z</time>
        <hdop>3</hdop>
        <extensions>
          <osmand:speed>0.1</osmand:speed>
        </extensions>
      </trkpt>
      <trkpt lat="-13.5817516" lon="-71.3114689">
        <ele>4612.2</ele>
        <time>2026-06-03T03:12:07Z</time>
        <hdop>3</hdop>
        <extensions>
          <osmand:speed>0.1</osmand:speed>
        </extensions>
      </trkpt>
      <trkpt lat="-13.5817531" lon="-71.3114687">
        <ele>4612.2</ele>
        <time>2026-06-03T03:12:23Z</time>
        <hdop>3</hdop>
        <extensions>
          <osmand:speed>0.1</osmand:speed>
        </extensions>
      </trkpt>
      <trkpt lat="-13.5817541" lon="-71.3114711">
        <ele>4612.2</ele>
        <time>2026-06-03T03:12:39Z</time>
        <hdop>3</hdop>
        <extensions>
          <osmand:speed>0.1</osmand:speed>
        </extensions>
      </trkpt>
      <trkpt lat="-13.5817547" lon="-71.31147">
        <ele>4612.2</ele>
        <time>2026-06-03T03:12:55Z</time>
        <hdop>3</hdop>
        <extensions>
          <osmand:speed>0.1</osmand:speed>
        </extensions>
      </trkpt>
      <trkpt lat="-13.5817542" lon="-71.3114705">
        <ele>4612.2</ele>
        <time>2026-06-03T03:13:11Z</time>
        <hdop>3</hdop>
        <extensions>
          <osmand:speed>0.1</osmand:speed>
        </extensions>
      </trkpt>
      <trkpt lat="-13.5817528" lon="-71.31147">
        <ele>4612.2</ele>
        <time>2026-06-03T03:13:27Z</time>
        <hdop>3</hdop>
        <extensions>
          <osmand:speed>0.1</osmand:speed>
        </extensions>
      </trkpt>
      <trkpt lat="-13.5817516" lon="-71.3114698">
        <ele>4612.2</ele>
        <time>2026-06-03T03:13:43Z</time>
        <hdop>3</hdop>
        <extensions>
          <osmand:speed>0.1</osmand:speed>
        </extensions>
      </trkpt>
      <trkpt lat="-13.5817529" lon="-71.3114683">
        <ele>4612.2</ele>
        <time>2026-06-03T03:13:59Z</time>
        <hdop>3</hdop>
        <extensions>
          <osmand:speed>0.1</osmand:speed>
        </extensions>
      </trkpt>
      <trkpt lat="-13.5817554" lon="-71.3114683">
        <ele>4612.2</ele>
        <time>2026-06-03T03:14:14Z</time>
        <hdop>3</hdop>
        <extensions>
          <osmand:speed>0.1</osmand:speed>
        </extensions>
      </trkpt>
      <trkpt lat="-13.5817541" lon="-71.3114688">
        <ele>4612.2</ele>
        <time>2026-06-03T03:14:30Z</time>
        <hdop>3</hdop>
        <extensions>
          <osmand:speed>0.1</osmand:speed>
        </extensions>
      </trkpt>
      <trkpt lat="-13.5817528" lon="-71.3114694">
        <ele>4612.2</ele>
        <time>2026-06-03T03:14:46Z</time>
        <hdop>3</hdop>
        <extensions>
          <osmand:speed>0.1</osmand:speed>
        </extensions>
      </trkpt>
      <trkpt lat="-13.5817533" lon="-71.3114692">
        <ele>4612.2</ele>
        <time>2026-06-03T03:15:02Z</time>
        <hdop>3</hdop>
        <extensions>
          <osmand:speed>0.1</osmand:speed>
        </extensions>
      </trkpt>
      <trkpt lat="-13.5817531" lon="-71.3114713">
        <ele>4612.2</ele>
        <time>2026-06-03T03:15:18Z</time>
        <hdop>3</hdop>
        <extensions>
          <osmand:speed>0.1</osmand:speed>
        </extensions>
      </trkpt>
      <trkpt lat="-13.5817519" lon="-71.3114721">
        <ele>4612.2</ele>
        <time>2026-06-03T03:15:34Z</time>
        <hdop>3</hdop>
        <extensions>
          <osmand:speed>0.1</osmand:speed>
        </extensions>
      </trkpt>
      <trkpt lat="-13.5817506" lon="-71.3114699">
        <ele>4612.2</ele>
        <time>2026-06-03T03:15:50Z</time>
        <hdop>3</hdop>
        <extensions>
          <osmand:speed>0.1</osmand:speed>
        </extensions>
      </trkpt>
      <trkpt lat="-13.5817515" lon="-71.3114696">
        <ele>4612.2</ele>
        <time>2026-06-03T03:16:06Z</time>
        <hdop>3</hdop>
        <extensions>
          <osmand:speed>0.1</osmand:speed>
        </extensions>
      </trkpt>
      <trkpt lat="-13.5817526" lon="-71.311471">
        <ele>4612.2</ele>
        <time>2026-06-03T03:16:21Z</time>
        <hdop>3</hdop>
        <extensions>
          <osmand:speed>0.1</osmand:speed>
        </extensions>
      </trkpt>
      <trkpt lat="-13.5817532" lon="-71.31147">
        <ele>4612.2</ele>
        <time>2026-06-03T03:16:37Z</time>
        <hdop>3</hdop>
        <extensions>
          <osmand:speed>0.1</osmand:speed>
        </extensions>
      </trkpt>
      <trkpt lat="-13.5817534" lon="-71.3114685">
        <ele>4612.2</ele>
        <time>2026-06-03T03:16:53Z</time>
        <hdop>3</hdop>
        <extensions>
          <osmand:speed>0.1</osmand:speed>
        </extensions>
      </trkpt>
      <trkpt lat="-13.581755" lon="-71.3114684">
        <ele>4612.2</ele>
        <time>2026-06-03T03:17:09Z</time>
        <hdop>3</hdop>
        <extensions>
          <osmand:speed>0.1</osmand:speed>
        </extensions>
      </trkpt>
      <trkpt lat="-13.5817547" lon="-71.3114698">
        <ele>4612.2</ele>
        <time>2026-06-03T03:17:25Z</time>
        <hdop>3</hdop>
        <extensions>
          <osmand:speed>0.1</osmand:speed>
        </extensions>
      </trkpt>
      <trkpt lat="-13.5817528" lon="-71.3114704">
        <ele>4612.2</ele>
        <time>2026-06-03T03:17:41Z</time>
        <hdop>3</hdop>
        <extensions>
          <osmand:speed>0.1</osmand:speed>
        </extensions>
      </trkpt>
      <trkpt lat="-13.5817528" lon="-71.3114699">
        <ele>4612.2</ele>
        <time>2026-06-03T03:17:57Z</time>
        <hdop>3</hdop>
        <extensions>
          <osmand:speed>0.1</osmand:speed>
        </extensions>
      </trkpt>
      <trkpt lat="-13.5817523" lon="-71.31147">
        <ele>4612.2</ele>
        <time>2026-06-03T03:18:13Z</time>
        <hdop>3</hdop>
        <extensions>
          <osmand:speed>0.1</osmand:speed>
        </extensions>
      </trkpt>
      <trkpt lat="-13.5817528" lon="-71.3114698">
        <ele>4612.2</ele>
        <time>2026-06-03T03:18:29Z</time>
        <hdop>3</hdop>
        <extensions>
          <osmand:speed>0.1</osmand:speed>
        </extensions>
      </trkpt>
      <trkpt lat="-13.5817529" lon="-71.3114694">
        <ele>4612.2</ele>
        <time>2026-06-03T03:18:45Z</time>
        <hdop>3</hdop>
        <extensions>
          <osmand:speed>0.1</osmand:speed>
        </extensions>
      </trkpt>
      <trkpt lat="-13.5817531" lon="-71.3114702">
        <ele>4612.2</ele>
        <time>2026-06-03T03:19:01Z</time>
        <hdop>3</hdop>
        <extensions>
          <osmand:speed>0.1</osmand:speed>
        </extensions>
      </trkpt>
      <trkpt lat="-13.5817529" lon="-71.3114712">
        <ele>4612.2</ele>
        <time>2026-06-03T03:19:17Z</time>
        <hdop>3</hdop>
        <extensions>
          <osmand:speed>0.1</osmand:speed>
        </extensions>
      </trkpt>
      <trkpt lat="-13.5817531" lon="-71.3114702">
        <ele>4612.2</ele>
        <time>2026-06-03T03:19:33Z</time>
        <hdop>3</hdop>
        <extensions>
          <osmand:speed>0.1</osmand:speed>
        </extensions>
      </trkpt>
      <trkpt lat="-13.5817515" lon="-71.3114707">
        <ele>4612.2</ele>
        <time>2026-06-03T03:19:49Z</time>
        <hdop>3</hdop>
        <extensions>
          <osmand:speed>0.1</osmand:speed>
        </extensions>
      </trkpt>
      <trkpt lat="-13.5817531" lon="-71.3114695">
        <ele>4612.2</ele>
        <time>2026-06-03T03:20:05Z</time>
        <hdop>3</hdop>
        <extensions>
          <osmand:speed>0.1</osmand:speed>
        </extensions>
      </trkpt>
      <trkpt lat="-13.5817527" lon="-71.3114682">
        <ele>4612.2</ele>
        <time>2026-06-03T03:20:20Z</time>
        <hdop>3</hdop>
        <extensions>
          <osmand:speed>0.1</osmand:speed>
        </extensions>
      </trkpt>
      <trkpt lat="-13.5817534" lon="-71.311469">
        <ele>4612.2</ele>
        <time>2026-06-03T03:20:36Z</time>
        <hdop>3</hdop>
        <extensions>
          <osmand:speed>0.1</osmand:speed>
        </extensions>
      </trkpt>
      <trkpt lat="-13.5817527" lon="-71.3114695">
        <ele>4612.2</ele>
        <time>2026-06-03T03:20:52Z</time>
        <hdop>3</hdop>
        <extensions>
          <osmand:speed>0.1</osmand:speed>
        </extensions>
      </trkpt>
      <trkpt lat="-13.5817516" lon="-71.3114699">
        <ele>4612.2</ele>
        <time>2026-06-03T03:21:08Z</time>
        <hdop>3</hdop>
        <extensions>
          <osmand:speed>0.1</osmand:speed>
        </extensions>
      </trkpt>
      <trkpt lat="-13.5817534" lon="-71.3114706">
        <ele>4612.2</ele>
        <time>2026-06-03T03:21:24Z</time>
        <hdop>3</hdop>
        <extensions>
          <osmand:speed>0.1</osmand:speed>
        </extensions>
      </trkpt>
      <trkpt lat="-13.581754" lon="-71.3114695">
        <ele>4612.2</ele>
        <time>2026-06-03T03:21:40Z</time>
        <hdop>3</hdop>
        <extensions>
          <osmand:speed>0.1</osmand:speed>
        </extensions>
      </trkpt>
      <trkpt lat="-13.5817535" lon="-71.3114688">
        <ele>4612.2</ele>
        <time>2026-06-03T03:21:56Z</time>
        <hdop>3</hdop>
        <extensions>
          <osmand:speed>0.1</osmand:speed>
        </extensions>
      </trkpt>
      <trkpt lat="-13.5817519" lon="-71.3114694">
        <ele>4612.2</ele>
        <time>2026-06-03T03:22:12Z</time>
        <hdop>3</hdop>
        <extensions>
          <osmand:speed>0.1</osmand:speed>
        </extensions>
      </trkpt>
      <trkpt lat="-13.5817514" lon="-71.3114704">
        <ele>4612.2</ele>
        <time>2026-06-03T03:22:28Z</time>
        <hdop>3</hdop>
        <extensions>
          <osmand:speed>0.1</osmand:speed>
        </extensions>
      </trkpt>
      <trkpt lat="-13.5817523" lon="-71.3114709">
        <ele>4612.2</ele>
        <time>2026-06-03T03:22:44Z</time>
        <hdop>3</hdop>
        <extensions>
          <osmand:speed>0.1</osmand:speed>
        </extensions>
      </trkpt>
      <trkpt lat="-13.5817527" lon="-71.3114702">
        <ele>4612.2</ele>
        <time>2026-06-03T03:23:00Z</time>
        <hdop>3</hdop>
        <extensions>
          <osmand:speed>0.1</osmand:speed>
        </extensions>
      </trkpt>
      <trkpt lat="-13.5817542" lon="-71.3114703">
        <ele>4612.2</ele>
        <time>2026-06-03T03:23:16Z</time>
        <hdop>3</hdop>
        <extensions>
          <osmand:speed>0.1</osmand:speed>
        </extensions>
      </trkpt>
      <trkpt lat="-13.5817535" lon="-71.3114685">
        <ele>4612.2</ele>
        <time>2026-06-03T03:23:32Z</time>
        <hdop>3</hdop>
        <extensions>
          <osmand:speed>0.1</osmand:speed>
        </extensions>
      </trkpt>
      <trkpt lat="-13.5817539" lon="-71.3114685">
        <ele>4612.2</ele>
        <time>2026-06-03T03:23:48Z</time>
        <hdop>3</hdop>
        <extensions>
          <osmand:speed>0.1</osmand:speed>
        </extensions>
      </trkpt>
      <trkpt lat="-13.5817527" lon="-71.3114681">
        <ele>4612.2</ele>
        <time>2026-06-03T03:24:04Z</time>
        <hdop>3</hdop>
        <extensions>
          <osmand:speed>0.1</osmand:speed>
        </extensions>
      </trkpt>
      <trkpt lat="-13.5817526" lon="-71.3114669">
        <ele>4612.2</ele>
        <time>2026-06-03T03:24:20Z</time>
        <hdop>3</hdop>
        <extensions>
          <osmand:speed>0.1</osmand:speed>
        </extensions>
      </trkpt>
      <trkpt lat="-13.5817521" lon="-71.3114692">
        <ele>4612.2</ele>
        <time>2026-06-03T03:24:36Z</time>
        <hdop>3</hdop>
        <extensions>
          <osmand:speed>0.1</osmand:speed>
        </extensions>
      </trkpt>
      <trkpt lat="-13.5817526" lon="-71.3114692">
        <ele>4612.2</ele>
        <time>2026-06-03T03:24:52Z</time>
        <hdop>3</hdop>
        <extensions>
          <osmand:speed>0.1</osmand:speed>
        </extensions>
      </trkpt>
      <trkpt lat="-13.5817535" lon="-71.311469">
        <ele>4612.2</ele>
        <time>2026-06-03T03:25:08Z</time>
        <hdop>3</hdop>
        <extensions>
          <osmand:speed>0.1</osmand:speed>
        </extensions>
      </trkpt>
      <trkpt lat="-13.5817537" lon="-71.3114672">
        <ele>4612.2</ele>
        <time>2026-06-03T03:25:24Z</time>
        <hdop>3</hdop>
        <extensions>
          <osmand:speed>0.1</osmand:speed>
        </extensions>
      </trkpt>
      <trkpt lat="-13.5817538" lon="-71.3114687">
        <ele>4612.2</ele>
        <time>2026-06-03T03:25:40Z</time>
        <hdop>3</hdop>
        <extensions>
          <osmand:speed>0.1</osmand:speed>
        </extensions>
      </trkpt>
      <trkpt lat="-13.5817533" lon="-71.3114688">
        <ele>4612.2</ele>
        <time>2026-06-03T03:25:56Z</time>
        <hdop>3</hdop>
        <extensions>
          <osmand:speed>0.1</osmand:speed>
        </extensions>
      </trkpt>
      <trkpt lat="-13.5817517" lon="-71.3114691">
        <ele>4612.2</ele>
        <time>2026-06-03T03:26:12Z</time>
        <hdop>3</hdop>
        <extensions>
          <osmand:speed>0.1</osmand:speed>
        </extensions>
      </trkpt>
      <trkpt lat="-13.5817532" lon="-71.3114712">
        <ele>4612.2</ele>
        <time>2026-06-03T03:26:28Z</time>
        <hdop>3</hdop>
        <extensions>
          <osmand:speed>0.1</osmand:speed>
        </extensions>
      </trkpt>
      <trkpt lat="-13.5817541" lon="-71.3114688">
        <ele>4612.2</ele>
        <time>2026-06-03T03:26:44Z</time>
        <hdop>3</hdop>
        <extensions>
          <osmand:speed>0.1</osmand:speed>
        </extensions>
      </trkpt>
      <trkpt lat="-13.5817537" lon="-71.31147">
        <ele>4612.2</ele>
        <time>2026-06-03T03:27:00Z</time>
        <hdop>3</hdop>
        <extensions>
          <osmand:speed>0</osmand:speed>
        </extensions>
      </trkpt>
      <trkpt lat="-13.5817533" lon="-71.3114713">
        <ele>4612.2</ele>
        <time>2026-06-03T03:27:16Z</time>
        <hdop>3</hdop>
        <extensions>
          <osmand:speed>0.1</osmand:speed>
        </extensions>
      </trkpt>
      <trkpt lat="-13.5817523" lon="-71.3114698">
        <ele>4612.2</ele>
        <time>2026-06-03T03:27:32Z</time>
        <hdop>3</hdop>
        <extensions>
          <osmand:speed>0.1</osmand:speed>
        </extensions>
      </trkpt>
      <trkpt lat="-13.5817535" lon="-71.3114687">
        <ele>4612.2</ele>
        <time>2026-06-03T03:27:48Z</time>
        <hdop>3</hdop>
        <extensions>
          <osmand:speed>0.1</osmand:speed>
        </extensions>
      </trkpt>
      <trkpt lat="-13.5817543" lon="-71.3114693">
        <ele>4612.2</ele>
        <time>2026-06-03T03:28:04Z</time>
        <hdop>3</hdop>
        <extensions>
          <osmand:speed>0.1</osmand:speed>
        </extensions>
      </trkpt>
      <trkpt lat="-13.5817537" lon="-71.3114696">
        <ele>4612.2</ele>
        <time>2026-06-03T03:28:20Z</time>
        <hdop>3</hdop>
        <extensions>
          <osmand:speed>0.1</osmand:speed>
        </extensions>
      </trkpt>
      <trkpt lat="-13.5817538" lon="-71.3114705">
        <ele>4612.2</ele>
        <time>2026-06-03T03:28:36Z</time>
        <hdop>3</hdop>
        <extensions>
          <osmand:speed>0.1</osmand:speed>
        </extensions>
      </trkpt>
      <trkpt lat="-13.5817561" lon="-71.3114696">
        <ele>4612.2</ele>
        <time>2026-06-03T03:28:52Z</time>
        <hdop>3</hdop>
        <extensions>
          <osmand:speed>0.1</osmand:speed>
        </extensions>
      </trkpt>
      <trkpt lat="-13.5817558" lon="-71.3114704">
        <ele>4612.2</ele>
        <time>2026-06-03T03:29:08Z</time>
        <hdop>3</hdop>
        <extensions>
          <osmand:speed>0.1</osmand:speed>
        </extensions>
      </trkpt>
      <trkpt lat="-13.5817548" lon="-71.3114704">
        <ele>4612.2</ele>
        <time>2026-06-03T03:29:24Z</time>
        <hdop>3</hdop>
        <extensions>
          <osmand:speed>0.1</osmand:speed>
        </extensions>
      </trkpt>
      <trkpt lat="-13.5817542" lon="-71.31147">
        <ele>4612.2</ele>
        <time>2026-06-03T03:29:40Z</time>
        <hdop>3</hdop>
        <extensions>
          <osmand:speed>0.1</osmand:speed>
        </extensions>
      </trkpt>
      <trkpt lat="-13.5817549" lon="-71.3114691">
        <ele>4612.2</ele>
        <time>2026-06-03T03:29:56Z</time>
        <hdop>3</hdop>
        <extensions>
          <osmand:speed>0.1</osmand:speed>
        </extensions>
      </trkpt>
      <trkpt lat="-13.5817534" lon="-71.3114694">
        <ele>4612.2</ele>
        <time>2026-06-03T03:30:12Z</time>
        <hdop>3</hdop>
        <extensions>
          <osmand:speed>0.1</osmand:speed>
        </extensions>
      </trkpt>
      <trkpt lat="-13.5817535" lon="-71.3114685">
        <ele>4612.2</ele>
        <time>2026-06-03T03:30:27Z</time>
        <hdop>3</hdop>
        <extensions>
          <osmand:speed>0.1</osmand:speed>
        </extensions>
      </trkpt>
      <trkpt lat="-13.5817537" lon="-71.3114685">
        <ele>4612.2</ele>
        <time>2026-06-03T03:30:43Z</time>
        <hdop>3</hdop>
        <extensions>
          <osmand:speed>0.1</osmand:speed>
        </extensions>
      </trkpt>
      <trkpt lat="-13.5817544" lon="-71.3114696">
        <ele>4612.2</ele>
        <time>2026-06-03T03:30:59Z</time>
        <hdop>3</hdop>
        <extensions>
          <osmand:speed>0.1</osmand:speed>
        </extensions>
      </trkpt>
      <trkpt lat="-13.5817521" lon="-71.3114702">
        <ele>4612.2</ele>
        <time>2026-06-03T03:31:15Z</time>
        <hdop>3</hdop>
        <extensions>
          <osmand:speed>0.1</osmand:speed>
        </extensions>
      </trkpt>
      <trkpt lat="-13.5817529" lon="-71.3114712">
        <ele>4612.2</ele>
        <time>2026-06-03T03:31:31Z</time>
        <hdop>3</hdop>
        <extensions>
          <osmand:speed>0.1</osmand:speed>
        </extensions>
      </trkpt>
      <trkpt lat="-13.5817533" lon="-71.3114705">
        <ele>4612.2</ele>
        <time>2026-06-03T03:31:47Z</time>
        <hdop>3</hdop>
        <extensions>
          <osmand:speed>0.1</osmand:speed>
        </extensions>
      </trkpt>
      <trkpt lat="-13.5817527" lon="-71.3114692">
        <ele>4612.2</ele>
        <time>2026-06-03T03:32:03Z</time>
        <hdop>3</hdop>
        <extensions>
          <osmand:speed>0.1</osmand:speed>
        </extensions>
      </trkpt>
      <trkpt lat="-13.5817529" lon="-71.3114701">
        <ele>4612.2</ele>
        <time>2026-06-03T03:32:19Z</time>
        <hdop>3</hdop>
        <extensions>
          <osmand:speed>0.1</osmand:speed>
        </extensions>
      </trkpt>
      <trkpt lat="-13.5817532" lon="-71.3114682">
        <ele>4612.2</ele>
        <time>2026-06-03T03:32:35Z</time>
        <hdop>3</hdop>
        <extensions>
          <osmand:speed>0.1</osmand:speed>
        </extensions>
      </trkpt>
      <trkpt lat="-13.5817539" lon="-71.3114689">
        <ele>4612.2</ele>
        <time>2026-06-03T03:32:51Z</time>
        <hdop>3</hdop>
        <extensions>
          <osmand:speed>0.1</osmand:speed>
        </extensions>
      </trkpt>
      <trkpt lat="-13.5817534" lon="-71.3114701">
        <ele>4612.2</ele>
        <time>2026-06-03T03:33:07Z</time>
        <hdop>3</hdop>
        <extensions>
          <osmand:speed>0.1</osmand:speed>
        </extensions>
      </trkpt>
      <trkpt lat="-13.581752" lon="-71.3114703">
        <ele>4612.2</ele>
        <time>2026-06-03T03:33:23Z</time>
        <hdop>3</hdop>
        <extensions>
          <osmand:speed>0.1</osmand:speed>
        </extensions>
      </trkpt>
      <trkpt lat="-13.5817526" lon="-71.311471">
        <ele>4612.2</ele>
        <time>2026-06-03T03:33:38Z</time>
        <hdop>3</hdop>
        <extensions>
          <osmand:speed>0.1</osmand:speed>
        </extensions>
      </trkpt>
      <trkpt lat="-13.5817531" lon="-71.311471">
        <ele>4612.2</ele>
        <time>2026-06-03T03:33:54Z</time>
        <hdop>3</hdop>
        <extensions>
          <osmand:speed>0.1</osmand:speed>
        </extensions>
      </trkpt>
      <trkpt lat="-13.5817518" lon="-71.3114703">
        <ele>4612.2</ele>
        <time>2026-06-03T03:34:10Z</time>
        <hdop>3</hdop>
        <extensions>
          <osmand:speed>0.1</osmand:speed>
        </extensions>
      </trkpt>
      <trkpt lat="-13.5817529" lon="-71.3114695">
        <ele>4612.2</ele>
        <time>2026-06-03T03:34:26Z</time>
        <hdop>3</hdop>
        <extensions>
          <osmand:speed>0.1</osmand:speed>
        </extensions>
      </trkpt>
      <trkpt lat="-13.5817527" lon="-71.3114686">
        <ele>4612.2</ele>
        <time>2026-06-03T03:34:42Z</time>
        <hdop>3</hdop>
        <extensions>
          <osmand:speed>0.1</osmand:speed>
        </extensions>
      </trkpt>
      <trkpt lat="-13.581754" lon="-71.3114688">
        <ele>4612.2</ele>
        <time>2026-06-03T03:34:58Z</time>
        <hdop>3</hdop>
        <extensions>
          <osmand:speed>0.1</osmand:speed>
        </extensions>
      </trkpt>
      <trkpt lat="-13.5817529" lon="-71.3114695">
        <ele>4612.2</ele>
        <time>2026-06-03T03:35:14Z</time>
        <hdop>3</hdop>
        <extensions>
          <osmand:speed>0.1</osmand:speed>
        </extensions>
      </trkpt>
      <trkpt lat="-13.581754" lon="-71.3114706">
        <ele>4612.2</ele>
        <time>2026-06-03T03:35:30Z</time>
        <hdop>3</hdop>
        <extensions>
          <osmand:speed>0.1</osmand:speed>
        </extensions>
      </trkpt>
      <trkpt lat="-13.5817543" lon="-71.3114705">
        <ele>4612.2</ele>
        <time>2026-06-03T03:35:46Z</time>
        <hdop>3</hdop>
        <extensions>
          <osmand:speed>0</osmand:speed>
        </extensions>
      </trkpt>
      <trkpt lat="-13.5817541" lon="-71.3114708">
        <ele>4612.2</ele>
        <time>2026-06-03T03:36:02Z</time>
        <hdop>3</hdop>
        <extensions>
          <osmand:speed>0.1</osmand:speed>
        </extensions>
      </trkpt>
      <trkpt lat="-13.5817542" lon="-71.3114705">
        <ele>4612.2</ele>
        <time>2026-06-03T03:36:18Z</time>
        <hdop>3</hdop>
        <extensions>
          <osmand:speed>0.1</osmand:speed>
        </extensions>
      </trkpt>
      <trkpt lat="-13.5817542" lon="-71.3114703">
        <ele>4612.2</ele>
        <time>2026-06-03T03:36:34Z</time>
        <hdop>3</hdop>
        <extensions>
          <osmand:speed>0.1</osmand:speed>
        </extensions>
      </trkpt>
      <trkpt lat="-13.5817538" lon="-71.3114685">
        <ele>4612.2</ele>
        <time>2026-06-03T03:36:50Z</time>
        <hdop>3</hdop>
        <extensions>
          <osmand:speed>0.1</osmand:speed>
        </extensions>
      </trkpt>
      <trkpt lat="-13.5817524" lon="-71.3114688">
        <ele>4612.2</ele>
        <time>2026-06-03T03:37:06Z</time>
        <hdop>3</hdop>
        <extensions>
          <osmand:speed>0.1</osmand:speed>
        </extensions>
      </trkpt>
      <trkpt lat="-13.5817525" lon="-71.3114682">
        <ele>4612.2</ele>
        <time>2026-06-03T03:37:22Z</time>
        <hdop>3</hdop>
        <extensions>
          <osmand:speed>0.1</osmand:speed>
        </extensions>
      </trkpt>
      <trkpt lat="-13.5817523" lon="-71.3114683">
        <ele>4612.2</ele>
        <time>2026-06-03T03:37:37Z</time>
        <hdop>3</hdop>
        <extensions>
          <osmand:speed>0.1</osmand:speed>
        </extensions>
      </trkpt>
      <trkpt lat="-13.5817527" lon="-71.3114688">
        <ele>4612.2</ele>
        <time>2026-06-03T03:37:53Z</time>
        <hdop>3</hdop>
        <extensions>
          <osmand:speed>0.1</osmand:speed>
        </extensions>
      </trkpt>
      <trkpt lat="-13.5817534" lon="-71.3114707">
        <ele>4612.2</ele>
        <time>2026-06-03T03:38:09Z</time>
        <hdop>3</hdop>
        <extensions>
          <osmand:speed>0.1</osmand:speed>
        </extensions>
      </trkpt>
      <trkpt lat="-13.5817533" lon="-71.3114708">
        <ele>4612.2</ele>
        <time>2026-06-03T03:38:25Z</time>
        <hdop>3</hdop>
        <extensions>
          <osmand:speed>0.1</osmand:speed>
        </extensions>
      </trkpt>
      <trkpt lat="-13.5817536" lon="-71.3114698">
        <ele>4612.2</ele>
        <time>2026-06-03T03:38:41Z</time>
        <hdop>3</hdop>
        <extensions>
          <osmand:speed>0.1</osmand:speed>
        </extensions>
      </trkpt>
      <trkpt lat="-13.581755" lon="-71.3114699">
        <ele>4612.2</ele>
        <time>2026-06-03T03:38:57Z</time>
        <hdop>3</hdop>
        <extensions>
          <osmand:speed>0.1</osmand:speed>
        </extensions>
      </trkpt>
      <trkpt lat="-13.5817544" lon="-71.3114686">
        <ele>4612.2</ele>
        <time>2026-06-03T03:39:13Z</time>
        <hdop>3</hdop>
        <extensions>
          <osmand:speed>0.1</osmand:speed>
        </extensions>
      </trkpt>
      <trkpt lat="-13.5817536" lon="-71.3114699">
        <ele>4612.2</ele>
        <time>2026-06-03T03:39:29Z</time>
        <hdop>3</hdop>
        <extensions>
          <osmand:speed>0.1</osmand:speed>
        </extensions>
      </trkpt>
      <trkpt lat="-13.5817533" lon="-71.3114693">
        <ele>4612.2</ele>
        <time>2026-06-03T03:39:45Z</time>
        <hdop>3</hdop>
        <extensions>
          <osmand:speed>0.1</osmand:speed>
        </extensions>
      </trkpt>
      <trkpt lat="-13.5817551" lon="-71.3114694">
        <ele>4612.2</ele>
        <time>2026-06-03T03:40:01Z</time>
        <hdop>3</hdop>
        <extensions>
          <osmand:speed>0.1</osmand:speed>
        </extensions>
      </trkpt>
      <trkpt lat="-13.5817549" lon="-71.3114685">
        <ele>4612.2</ele>
        <time>2026-06-03T03:40:17Z</time>
        <hdop>3</hdop>
        <extensions>
          <osmand:speed>0.1</osmand:speed>
        </extensions>
      </trkpt>
      <trkpt lat="-13.5817525" lon="-71.3114695">
        <ele>4612.2</ele>
        <time>2026-06-03T03:40:33Z</time>
        <hdop>3</hdop>
        <extensions>
          <osmand:speed>0.1</osmand:speed>
        </extensions>
      </trkpt>
      <trkpt lat="-13.5817534" lon="-71.3114699">
        <ele>4612.2</ele>
        <time>2026-06-03T03:40:48Z</time>
        <hdop>3</hdop>
        <extensions>
          <osmand:speed>0.1</osmand:speed>
        </extensions>
      </trkpt>
      <trkpt lat="-13.5817547" lon="-71.3114712">
        <ele>4612.2</ele>
        <time>2026-06-03T03:41:04Z</time>
        <hdop>3</hdop>
        <extensions>
          <osmand:speed>0.1</osmand:speed>
        </extensions>
      </trkpt>
      <trkpt lat="-13.5817528" lon="-71.3114721">
        <ele>4612.2</ele>
        <time>2026-06-03T03:41:20Z</time>
        <hdop>3</hdop>
        <extensions>
          <osmand:speed>0.1</osmand:speed>
        </extensions>
      </trkpt>
      <trkpt lat="-13.5817528" lon="-71.3114713">
        <ele>4612.2</ele>
        <time>2026-06-03T03:41:36Z</time>
        <hdop>3</hdop>
        <extensions>
          <osmand:speed>0.1</osmand:speed>
        </extensions>
      </trkpt>
      <trkpt lat="-13.5817541" lon="-71.3114713">
        <ele>4612.2</ele>
        <time>2026-06-03T03:41:52Z</time>
        <hdop>3</hdop>
        <extensions>
          <osmand:speed>0.1</osmand:speed>
        </extensions>
      </trkpt>
      <trkpt lat="-13.5817535" lon="-71.3114705">
        <ele>4612.2</ele>
        <time>2026-06-03T03:42:08Z</time>
        <hdop>3</hdop>
        <extensions>
          <osmand:speed>0.1</osmand:speed>
        </extensions>
      </trkpt>
      <trkpt lat="-13.5817522" lon="-71.3114704">
        <ele>4612.2</ele>
        <time>2026-06-03T03:42:24Z</time>
        <hdop>3</hdop>
        <extensions>
          <osmand:speed>0.1</osmand:speed>
        </extensions>
      </trkpt>
      <trkpt lat="-13.5817533" lon="-71.31147">
        <ele>4612.2</ele>
        <time>2026-06-03T03:42:40Z</time>
        <hdop>3</hdop>
        <extensions>
          <osmand:speed>0</osmand:speed>
        </extensions>
      </trkpt>
      <trkpt lat="-13.5817532" lon="-71.3114698">
        <ele>4612.2</ele>
        <time>2026-06-03T03:42:56Z</time>
        <hdop>3</hdop>
        <extensions>
          <osmand:speed>0.1</osmand:speed>
        </extensions>
      </trkpt>
      <trkpt lat="-13.5817532" lon="-71.3114698">
        <ele>4612.2</ele>
        <time>2026-06-03T03:43:12Z</time>
        <hdop>3</hdop>
        <extensions>
          <osmand:speed>0.1</osmand:speed>
        </extensions>
      </trkpt>
      <trkpt lat="-13.5817526" lon="-71.3114709">
        <ele>4612.2</ele>
        <time>2026-06-03T03:43:28Z</time>
        <hdop>3</hdop>
        <extensions>
          <osmand:speed>0.1</osmand:speed>
        </extensions>
      </trkpt>
      <trkpt lat="-13.5817553" lon="-71.3114701">
        <ele>4612.2</ele>
        <time>2026-06-03T03:43:44Z</time>
        <hdop>3</hdop>
        <extensions>
          <osmand:speed>0.1</osmand:speed>
        </extensions>
      </trkpt>
      <trkpt lat="-13.5817544" lon="-71.3114701">
        <ele>4612.2</ele>
        <time>2026-06-03T03:44:00Z</time>
        <hdop>3</hdop>
        <extensions>
          <osmand:speed>0.1</osmand:speed>
        </extensions>
      </trkpt>
      <trkpt lat="-13.5817541" lon="-71.3114695">
        <ele>4612.2</ele>
        <time>2026-06-03T03:44:16Z</time>
        <hdop>3</hdop>
        <extensions>
          <osmand:speed>0.1</osmand:speed>
        </extensions>
      </trkpt>
      <trkpt lat="-13.581754" lon="-71.3114684">
        <ele>4612.2</ele>
        <time>2026-06-03T03:44:32Z</time>
        <hdop>3</hdop>
        <extensions>
          <osmand:speed>0.1</osmand:speed>
        </extensions>
      </trkpt>
      <trkpt lat="-13.5817544" lon="-71.3114686">
        <ele>4612.2</ele>
        <time>2026-06-03T03:44:48Z</time>
        <hdop>3</hdop>
        <extensions>
          <osmand:speed>0.1</osmand:speed>
        </extensions>
      </trkpt>
      <trkpt lat="-13.5817541" lon="-71.31147">
        <ele>4612.2</ele>
        <time>2026-06-03T03:45:04Z</time>
        <hdop>3</hdop>
        <extensions>
          <osmand:speed>0.1</osmand:speed>
        </extensions>
      </trkpt>
      <trkpt lat="-13.5817531" lon="-71.3114701">
        <ele>4612.2</ele>
        <time>2026-06-03T03:45:19Z</time>
        <hdop>3</hdop>
        <extensions>
          <osmand:speed>0.1</osmand:speed>
        </extensions>
      </trkpt>
      <trkpt lat="-13.5817528" lon="-71.3114691">
        <ele>4612.2</ele>
        <time>2026-06-03T03:45:35Z</time>
        <hdop>3</hdop>
        <extensions>
          <osmand:speed>0</osmand:speed>
        </extensions>
      </trkpt>
      <trkpt lat="-13.5817524" lon="-71.3114689">
        <ele>4612.2</ele>
        <time>2026-06-03T03:45:51Z</time>
        <hdop>3</hdop>
        <extensions>
          <osmand:speed>0.1</osmand:speed>
        </extensions>
      </trkpt>
      <trkpt lat="-13.5817533" lon="-71.3114688">
        <ele>4612.2</ele>
        <time>2026-06-03T03:46:07Z</time>
        <hdop>3</hdop>
        <extensions>
          <osmand:speed>0.1</osmand:speed>
        </extensions>
      </trkpt>
      <trkpt lat="-13.5817537" lon="-71.3114695">
        <ele>4612.2</ele>
        <time>2026-06-03T03:46:23Z</time>
        <hdop>3</hdop>
        <extensions>
          <osmand:speed>0.1</osmand:speed>
        </extensions>
      </trkpt>
      <trkpt lat="-13.5817551" lon="-71.3114708">
        <ele>4612.2</ele>
        <time>2026-06-03T03:46:39Z</time>
        <hdop>3</hdop>
        <extensions>
          <osmand:speed>0.1</osmand:speed>
        </extensions>
      </trkpt>
      <trkpt lat="-13.5817544" lon="-71.3114717">
        <ele>4612.2</ele>
        <time>2026-06-03T03:46:55Z</time>
        <hdop>3</hdop>
        <extensions>
          <osmand:speed>0.1</osmand:speed>
        </extensions>
      </trkpt>
      <trkpt lat="-13.5817523" lon="-71.3114717">
        <ele>4612.2</ele>
        <time>2026-06-03T03:47:11Z</time>
        <hdop>3</hdop>
        <extensions>
          <osmand:speed>0.1</osmand:speed>
        </extensions>
      </trkpt>
      <trkpt lat="-13.5817537" lon="-71.3114712">
        <ele>4612.2</ele>
        <time>2026-06-03T03:47:26Z</time>
        <hdop>3</hdop>
        <extensions>
          <osmand:speed>0.1</osmand:speed>
        </extensions>
      </trkpt>
      <trkpt lat="-13.5817724" lon="-71.311501">
        <ele>4608.9</ele>
        <time>2026-06-03T03:47:42Z</time>
        <hdop>3</hdop>
        <extensions>
          <osmand:speed>0.4</osmand:speed>
        </extensions>
      </trkpt>
      <trkpt lat="-13.5817735" lon="-71.3114861">
        <ele>4609.1</ele>
        <time>2026-06-03T03:47:58Z</time>
        <hdop>3</hdop>
        <extensions>
          <osmand:speed>0.1</osmand:speed>
        </extensions>
      </trkpt>
      <trkpt lat="-13.5817728" lon="-71.3114848">
        <ele>4609.1</ele>
        <time>2026-06-03T03:48:14Z</time>
        <hdop>3</hdop>
        <extensions>
          <osmand:speed>0.1</osmand:speed>
        </extensions>
      </trkpt>
      <trkpt lat="-13.5817708" lon="-71.3114839">
        <ele>4609.1</ele>
        <time>2026-06-03T03:48:30Z</time>
        <hdop>3</hdop>
        <extensions>
          <osmand:speed>0.1</osmand:speed>
        </extensions>
      </trkpt>
      <trkpt lat="-13.5817687" lon="-71.3114828">
        <ele>4609.1</ele>
        <time>2026-06-03T03:48:46Z</time>
        <hdop>3</hdop>
        <extensions>
          <osmand:speed>0.1</osmand:speed>
        </extensions>
      </trkpt>
      <trkpt lat="-13.5817688" lon="-71.311483">
        <ele>4609.1</ele>
        <time>2026-06-03T03:49:02Z</time>
        <hdop>3</hdop>
        <extensions>
          <osmand:speed>0.1</osmand:speed>
        </extensions>
      </trkpt>
      <trkpt lat="-13.5817709" lon="-71.3114837">
        <ele>4609.1</ele>
        <time>2026-06-03T03:49:18Z</time>
        <hdop>3</hdop>
        <extensions>
          <osmand:speed>0.1</osmand:speed>
        </extensions>
      </trkpt>
      <trkpt lat="-13.5817714" lon="-71.3114833">
        <ele>4609.1</ele>
        <time>2026-06-03T03:49:34Z</time>
        <hdop>3</hdop>
        <extensions>
          <osmand:speed>0.1</osmand:speed>
        </extensions>
      </trkpt>
      <trkpt lat="-13.5817699" lon="-71.3114833">
        <ele>4609.1</ele>
        <time>2026-06-03T03:49:50Z</time>
        <hdop>3</hdop>
        <extensions>
          <osmand:speed>0.1</osmand:speed>
        </extensions>
      </trkpt>
      <trkpt lat="-13.5817698" lon="-71.3114821">
        <ele>4609.1</ele>
        <time>2026-06-03T03:50:06Z</time>
        <hdop>3</hdop>
        <extensions>
          <osmand:speed>0.1</osmand:speed>
        </extensions>
      </trkpt>
      <trkpt lat="-13.5817716" lon="-71.311482">
        <ele>4609.1</ele>
        <time>2026-06-03T03:50:22Z</time>
        <hdop>3</hdop>
        <extensions>
          <osmand:speed>0.1</osmand:speed>
        </extensions>
      </trkpt>
      <trkpt lat="-13.5817711" lon="-71.3114823">
        <ele>4609.1</ele>
        <time>2026-06-03T03:50:38Z</time>
        <hdop>3</hdop>
        <extensions>
          <osmand:speed>0.1</osmand:speed>
        </extensions>
      </trkpt>
      <trkpt lat="-13.581771" lon="-71.3114829">
        <ele>4609.1</ele>
        <time>2026-06-03T03:50:54Z</time>
        <hdop>3</hdop>
        <extensions>
          <osmand:speed>0.1</osmand:speed>
        </extensions>
      </trkpt>
      <trkpt lat="-13.5817705" lon="-71.3114835">
        <ele>4609.1</ele>
        <time>2026-06-03T03:51:10Z</time>
        <hdop>3</hdop>
        <extensions>
          <osmand:speed>0.1</osmand:speed>
        </extensions>
      </trkpt>
      <trkpt lat="-13.5817698" lon="-71.3114842">
        <ele>4609.1</ele>
        <time>2026-06-03T03:51:26Z</time>
        <hdop>3</hdop>
        <extensions>
          <osmand:speed>0.1</osmand:speed>
        </extensions>
      </trkpt>
      <trkpt lat="-13.5817697" lon="-71.3114832">
        <ele>4609.1</ele>
        <time>2026-06-03T03:51:42Z</time>
        <hdop>3</hdop>
        <extensions>
          <osmand:speed>0.1</osmand:speed>
        </extensions>
      </trkpt>
      <trkpt lat="-13.5817709" lon="-71.3114823">
        <ele>4609.1</ele>
        <time>2026-06-03T03:51:58Z</time>
        <hdop>3</hdop>
        <extensions>
          <osmand:speed>0.1</osmand:speed>
        </extensions>
      </trkpt>
      <trkpt lat="-13.5817709" lon="-71.3114836">
        <ele>4609.1</ele>
        <time>2026-06-03T03:52:14Z</time>
        <hdop>3</hdop>
        <extensions>
          <osmand:speed>0.1</osmand:speed>
        </extensions>
      </trkpt>
      <trkpt lat="-13.5817708" lon="-71.3114833">
        <ele>4609.1</ele>
        <time>2026-06-03T03:52:30Z</time>
        <hdop>3</hdop>
        <extensions>
          <osmand:speed>0.1</osmand:speed>
        </extensions>
      </trkpt>
      <trkpt lat="-13.5817716" lon="-71.3114823">
        <ele>4609.1</ele>
        <time>2026-06-03T03:52:46Z</time>
        <hdop>3</hdop>
        <extensions>
          <osmand:speed>0.1</osmand:speed>
        </extensions>
      </trkpt>
      <trkpt lat="-13.5817711" lon="-71.3114822">
        <ele>4609.1</ele>
        <time>2026-06-03T03:53:02Z</time>
        <hdop>3</hdop>
        <extensions>
          <osmand:speed>0.1</osmand:speed>
        </extensions>
      </trkpt>
      <trkpt lat="-13.5817717" lon="-71.3114829">
        <ele>4609.1</ele>
        <time>2026-06-03T03:53:18Z</time>
        <hdop>3</hdop>
        <extensions>
          <osmand:speed>0.1</osmand:speed>
        </extensions>
      </trkpt>
      <trkpt lat="-13.5817698" lon="-71.3114837">
        <ele>4609.1</ele>
        <time>2026-06-03T03:53:34Z</time>
        <hdop>3</hdop>
        <extensions>
          <osmand:speed>0.1</osmand:speed>
        </extensions>
      </trkpt>
      <trkpt lat="-13.5817697" lon="-71.3114834">
        <ele>4609.1</ele>
        <time>2026-06-03T03:53:50Z</time>
        <hdop>3</hdop>
        <extensions>
          <osmand:speed>0.1</osmand:speed>
        </extensions>
      </trkpt>
      <trkpt lat="-13.5817701" lon="-71.311483">
        <ele>4609.1</ele>
        <time>2026-06-03T03:54:06Z</time>
        <hdop>3</hdop>
        <extensions>
          <osmand:speed>0.1</osmand:speed>
        </extensions>
      </trkpt>
      <trkpt lat="-13.5817702" lon="-71.3114846">
        <ele>4609.1</ele>
        <time>2026-06-03T03:54:22Z</time>
        <hdop>3</hdop>
        <extensions>
          <osmand:speed>0.1</osmand:speed>
        </extensions>
      </trkpt>
      <trkpt lat="-13.5817701" lon="-71.3114847">
        <ele>4609.1</ele>
        <time>2026-06-03T03:54:38Z</time>
        <hdop>3</hdop>
        <extensions>
          <osmand:speed>0.1</osmand:speed>
        </extensions>
      </trkpt>
      <trkpt lat="-13.5817705" lon="-71.3114833">
        <ele>4609.1</ele>
        <time>2026-06-03T03:54:53Z</time>
        <hdop>3</hdop>
        <extensions>
          <osmand:speed>0.1</osmand:speed>
        </extensions>
      </trkpt>
      <trkpt lat="-13.5817694" lon="-71.3114825">
        <ele>4609.1</ele>
        <time>2026-06-03T03:55:09Z</time>
        <hdop>3</hdop>
        <extensions>
          <osmand:speed>0.1</osmand:speed>
        </extensions>
      </trkpt>
      <trkpt lat="-13.5817696" lon="-71.3114832">
        <ele>4609.1</ele>
        <time>2026-06-03T03:55:25Z</time>
        <hdop>3</hdop>
        <extensions>
          <osmand:speed>0.1</osmand:speed>
        </extensions>
      </trkpt>
      <trkpt lat="-13.5817698" lon="-71.3114822">
        <ele>4609.1</ele>
        <time>2026-06-03T03:55:41Z</time>
        <hdop>3</hdop>
        <extensions>
          <osmand:speed>0.1</osmand:speed>
        </extensions>
      </trkpt>
      <trkpt lat="-13.5817701" lon="-71.3114818">
        <ele>4609.1</ele>
        <time>2026-06-03T03:55:57Z</time>
        <hdop>3</hdop>
        <extensions>
          <osmand:speed>0.1</osmand:speed>
        </extensions>
      </trkpt>
      <trkpt lat="-13.5817709" lon="-71.3114833">
        <ele>4609.1</ele>
        <time>2026-06-03T03:56:13Z</time>
        <hdop>3</hdop>
        <extensions>
          <osmand:speed>0.1</osmand:speed>
        </extensions>
      </trkpt>
      <trkpt lat="-13.5817712" lon="-71.3114838">
        <ele>4609.1</ele>
        <time>2026-06-03T03:56:29Z</time>
        <hdop>3</hdop>
        <extensions>
          <osmand:speed>0.1</osmand:speed>
        </extensions>
      </trkpt>
      <trkpt lat="-13.5817703" lon="-71.3114837">
        <ele>4609.1</ele>
        <time>2026-06-03T03:56:45Z</time>
        <hdop>3</hdop>
        <extensions>
          <osmand:speed>0.1</osmand:speed>
        </extensions>
      </trkpt>
      <trkpt lat="-13.5817713" lon="-71.3114837">
        <ele>4609.1</ele>
        <time>2026-06-03T03:57:01Z</time>
        <hdop>3</hdop>
        <extensions>
          <osmand:speed>0.1</osmand:speed>
        </extensions>
      </trkpt>
      <trkpt lat="-13.5817694" lon="-71.3114848">
        <ele>4609.1</ele>
        <time>2026-06-03T03:57:17Z</time>
        <hdop>3</hdop>
        <extensions>
          <osmand:speed>0.1</osmand:speed>
        </extensions>
      </trkpt>
      <trkpt lat="-13.5817696" lon="-71.3114842">
        <ele>4609.1</ele>
        <time>2026-06-03T03:57:33Z</time>
        <hdop>3</hdop>
        <extensions>
          <osmand:speed>0.1</osmand:speed>
        </extensions>
      </trkpt>
      <trkpt lat="-13.5817692" lon="-71.3114831">
        <ele>4609.1</ele>
        <time>2026-06-03T03:57:49Z</time>
        <hdop>3</hdop>
        <extensions>
          <osmand:speed>0.1</osmand:speed>
        </extensions>
      </trkpt>
      <trkpt lat="-13.5817693" lon="-71.3114819">
        <ele>4609.1</ele>
        <time>2026-06-03T03:58:05Z</time>
        <hdop>3</hdop>
        <extensions>
          <osmand:speed>0.1</osmand:speed>
        </extensions>
      </trkpt>
      <trkpt lat="-13.5817697" lon="-71.311482">
        <ele>4609.1</ele>
        <time>2026-06-03T03:58:21Z</time>
        <hdop>3</hdop>
        <extensions>
          <osmand:speed>0.1</osmand:speed>
        </extensions>
      </trkpt>
      <trkpt lat="-13.5817682" lon="-71.3114824">
        <ele>4609.1</ele>
        <time>2026-06-03T03:58:37Z</time>
        <hdop>3</hdop>
        <extensions>
          <osmand:speed>0.1</osmand:speed>
        </extensions>
      </trkpt>
      <trkpt lat="-13.5817693" lon="-71.3114822">
        <ele>4609.1</ele>
        <time>2026-06-03T03:58:53Z</time>
        <hdop>3</hdop>
        <extensions>
          <osmand:speed>0.1</osmand:speed>
        </extensions>
      </trkpt>
      <trkpt lat="-13.5817698" lon="-71.3114824">
        <ele>4609.1</ele>
        <time>2026-06-03T03:59:09Z</time>
        <hdop>3</hdop>
        <extensions>
          <osmand:speed>0.1</osmand:speed>
        </extensions>
      </trkpt>
      <trkpt lat="-13.5817709" lon="-71.3114829">
        <ele>4609.1</ele>
        <time>2026-06-03T03:59:25Z</time>
        <hdop>3</hdop>
        <extensions>
          <osmand:speed>0.1</osmand:speed>
        </extensions>
      </trkpt>
      <trkpt lat="-13.58177" lon="-71.3114843">
        <ele>4609.1</ele>
        <time>2026-06-03T03:59:41Z</time>
        <hdop>3</hdop>
        <extensions>
          <osmand:speed>0.1</osmand:speed>
        </extensions>
      </trkpt>
      <trkpt lat="-13.58177" lon="-71.3114849">
        <ele>4609.1</ele>
        <time>2026-06-03T03:59:57Z</time>
        <hdop>3</hdop>
        <extensions>
          <osmand:speed>0.1</osmand:speed>
        </extensions>
      </trkpt>
      <trkpt lat="-13.5817714" lon="-71.3114841">
        <ele>4609.1</ele>
        <time>2026-06-03T04:00:13Z</time>
        <hdop>3</hdop>
        <extensions>
          <osmand:speed>0.1</osmand:speed>
        </extensions>
      </trkpt>
      <trkpt lat="-13.5817711" lon="-71.311484">
        <ele>4609.1</ele>
        <time>2026-06-03T04:00:29Z</time>
        <hdop>3</hdop>
        <extensions>
          <osmand:speed>0.1</osmand:speed>
        </extensions>
      </trkpt>
      <trkpt lat="-13.5817703" lon="-71.3114833">
        <ele>4609.1</ele>
        <time>2026-06-03T04:00:45Z</time>
        <hdop>3</hdop>
        <extensions>
          <osmand:speed>0.1</osmand:speed>
        </extensions>
      </trkpt>
      <trkpt lat="-13.5817697" lon="-71.3114843">
        <ele>4609.1</ele>
        <time>2026-06-03T04:01:01Z</time>
        <hdop>3</hdop>
        <extensions>
          <osmand:speed>0.1</osmand:speed>
        </extensions>
      </trkpt>
      <trkpt lat="-13.5817698" lon="-71.3114839">
        <ele>4609.1</ele>
        <time>2026-06-03T04:01:17Z</time>
        <hdop>3</hdop>
        <extensions>
          <osmand:speed>0.1</osmand:speed>
        </extensions>
      </trkpt>
      <trkpt lat="-13.5817689" lon="-71.3114831">
        <ele>4609.1</ele>
        <time>2026-06-03T04:01:33Z</time>
        <hdop>3</hdop>
        <extensions>
          <osmand:speed>0.1</osmand:speed>
        </extensions>
      </trkpt>
      <trkpt lat="-13.5817695" lon="-71.3114838">
        <ele>4609.1</ele>
        <time>2026-06-03T04:01:48Z</time>
        <hdop>3</hdop>
        <extensions>
          <osmand:speed>0.1</osmand:speed>
        </extensions>
      </trkpt>
      <trkpt lat="-13.5817704" lon="-71.3114844">
        <ele>4609.1</ele>
        <time>2026-06-03T04:02:04Z</time>
        <hdop>3</hdop>
        <extensions>
          <osmand:speed>0.1</osmand:speed>
        </extensions>
      </trkpt>
      <trkpt lat="-13.5817695" lon="-71.3114841">
        <ele>4609.1</ele>
        <time>2026-06-03T04:02:20Z</time>
        <hdop>3</hdop>
        <extensions>
          <osmand:speed>0.1</osmand:speed>
        </extensions>
      </trkpt>
      <trkpt lat="-13.5817689" lon="-71.3114831">
        <ele>4609.1</ele>
        <time>2026-06-03T04:02:36Z</time>
        <hdop>3</hdop>
        <extensions>
          <osmand:speed>0.1</osmand:speed>
        </extensions>
      </trkpt>
      <trkpt lat="-13.5817688" lon="-71.3114824">
        <ele>4609.1</ele>
        <time>2026-06-03T04:02:52Z</time>
        <hdop>3</hdop>
        <extensions>
          <osmand:speed>0.1</osmand:speed>
        </extensions>
      </trkpt>
      <trkpt lat="-13.581769" lon="-71.3114823">
        <ele>4609.1</ele>
        <time>2026-06-03T04:03:08Z</time>
        <hdop>3</hdop>
        <extensions>
          <osmand:speed>0.1</osmand:speed>
        </extensions>
      </trkpt>
      <trkpt lat="-13.58177" lon="-71.3114825">
        <ele>4609.1</ele>
        <time>2026-06-03T04:03:24Z</time>
        <hdop>3</hdop>
        <extensions>
          <osmand:speed>0.1</osmand:speed>
        </extensions>
      </trkpt>
      <trkpt lat="-13.5817692" lon="-71.3114828">
        <ele>4609.1</ele>
        <time>2026-06-03T04:03:40Z</time>
        <hdop>3</hdop>
        <extensions>
          <osmand:speed>0.1</osmand:speed>
        </extensions>
      </trkpt>
      <trkpt lat="-13.5817675" lon="-71.3114838">
        <ele>4609.1</ele>
        <time>2026-06-03T04:03:55Z</time>
        <hdop>3</hdop>
        <extensions>
          <osmand:speed>0.1</osmand:speed>
        </extensions>
      </trkpt>
      <trkpt lat="-13.5817672" lon="-71.3114825">
        <ele>4609.1</ele>
        <time>2026-06-03T04:04:11Z</time>
        <hdop>3</hdop>
        <extensions>
          <osmand:speed>0.1</osmand:speed>
        </extensions>
      </trkpt>
      <trkpt lat="-13.5817681" lon="-71.3114833">
        <ele>4609.1</ele>
        <time>2026-06-03T04:04:27Z</time>
        <hdop>3</hdop>
        <extensions>
          <osmand:speed>0.1</osmand:speed>
        </extensions>
      </trkpt>
      <trkpt lat="-13.5817697" lon="-71.3114834">
        <ele>4609.1</ele>
        <time>2026-06-03T04:04:43Z</time>
        <hdop>3</hdop>
        <extensions>
          <osmand:speed>0.1</osmand:speed>
        </extensions>
      </trkpt>
      <trkpt lat="-13.5817706" lon="-71.3114842">
        <ele>4609.1</ele>
        <time>2026-06-03T04:04:59Z</time>
        <hdop>3</hdop>
        <extensions>
          <osmand:speed>0.1</osmand:speed>
        </extensions>
      </trkpt>
      <trkpt lat="-13.5817706" lon="-71.3114835">
        <ele>4609.1</ele>
        <time>2026-06-03T04:05:15Z</time>
        <hdop>3</hdop>
        <extensions>
          <osmand:speed>0.1</osmand:speed>
        </extensions>
      </trkpt>
      <trkpt lat="-13.5817705" lon="-71.3114825">
        <ele>4609.1</ele>
        <time>2026-06-03T04:05:31Z</time>
        <hdop>3</hdop>
        <extensions>
          <osmand:speed>0.1</osmand:speed>
        </extensions>
      </trkpt>
      <trkpt lat="-13.5817698" lon="-71.3114836">
        <ele>4609.1</ele>
        <time>2026-06-03T04:05:47Z</time>
        <hdop>3</hdop>
        <extensions>
          <osmand:speed>0.1</osmand:speed>
        </extensions>
      </trkpt>
      <trkpt lat="-13.5817691" lon="-71.311483">
        <ele>4609.1</ele>
        <time>2026-06-03T04:06:03Z</time>
        <hdop>3</hdop>
        <extensions>
          <osmand:speed>0.1</osmand:speed>
        </extensions>
      </trkpt>
      <trkpt lat="-13.5817678" lon="-71.3114823">
        <ele>4609.1</ele>
        <time>2026-06-03T04:06:19Z</time>
        <hdop>3</hdop>
        <extensions>
          <osmand:speed>0.1</osmand:speed>
        </extensions>
      </trkpt>
      <trkpt lat="-13.5817683" lon="-71.3114817">
        <ele>4609.1</ele>
        <time>2026-06-03T04:06:35Z</time>
        <hdop>3</hdop>
        <extensions>
          <osmand:speed>0.1</osmand:speed>
        </extensions>
      </trkpt>
      <trkpt lat="-13.5817684" lon="-71.3114817">
        <ele>4609.1</ele>
        <time>2026-06-03T04:06:51Z</time>
        <hdop>3</hdop>
        <extensions>
          <osmand:speed>0.1</osmand:speed>
        </extensions>
      </trkpt>
      <trkpt lat="-13.5817697" lon="-71.3114826">
        <ele>4609.1</ele>
        <time>2026-06-03T04:07:07Z</time>
        <hdop>3</hdop>
        <extensions>
          <osmand:speed>0.1</osmand:speed>
        </extensions>
      </trkpt>
      <trkpt lat="-13.5817703" lon="-71.3114845">
        <ele>4609.1</ele>
        <time>2026-06-03T04:07:23Z</time>
        <hdop>3</hdop>
        <extensions>
          <osmand:speed>0.1</osmand:speed>
        </extensions>
      </trkpt>
      <trkpt lat="-13.5817695" lon="-71.3114837">
        <ele>4609.1</ele>
        <time>2026-06-03T04:07:39Z</time>
        <hdop>3</hdop>
        <extensions>
          <osmand:speed>0.1</osmand:speed>
        </extensions>
      </trkpt>
      <trkpt lat="-13.5817686" lon="-71.311482">
        <ele>4609.1</ele>
        <time>2026-06-03T04:07:55Z</time>
        <hdop>3</hdop>
        <extensions>
          <osmand:speed>0.1</osmand:speed>
        </extensions>
      </trkpt>
      <trkpt lat="-13.5817698" lon="-71.3114828">
        <ele>4609.1</ele>
        <time>2026-06-03T04:08:11Z</time>
        <hdop>3</hdop>
        <extensions>
          <osmand:speed>0.1</osmand:speed>
        </extensions>
      </trkpt>
      <trkpt lat="-13.5817708" lon="-71.3114827">
        <ele>4609.1</ele>
        <time>2026-06-03T04:08:27Z</time>
        <hdop>3</hdop>
        <extensions>
          <osmand:speed>0.1</osmand:speed>
        </extensions>
      </trkpt>
      <trkpt lat="-13.5817708" lon="-71.3114828">
        <ele>4609.1</ele>
        <time>2026-06-03T04:08:43Z</time>
        <hdop>3</hdop>
        <extensions>
          <osmand:speed>0.1</osmand:speed>
        </extensions>
      </trkpt>
      <trkpt lat="-13.5817705" lon="-71.311482">
        <ele>4609.1</ele>
        <time>2026-06-03T04:08:58Z</time>
        <hdop>3</hdop>
        <extensions>
          <osmand:speed>0.1</osmand:speed>
        </extensions>
      </trkpt>
      <trkpt lat="-13.58177" lon="-71.3114833">
        <ele>4609.1</ele>
        <time>2026-06-03T04:09:14Z</time>
        <hdop>2.7</hdop>
      </trkpt>
      <trkpt lat="-13.58177" lon="-71.3114833">
        <ele>4609.1</ele>
        <time>2026-06-03T04:09:33Z</time>
        <hdop>1.7</hdop>
      </trkpt>
      <trkpt lat="-13.58177" lon="-71.3114833">
        <ele>4609.1</ele>
        <time>2026-06-03T04:10:01Z</time>
        <hdop>1.7</hdop>
      </trkpt>
      <trkpt lat="-13.58177" lon="-71.3114833">
        <ele>4609.1</ele>
        <time>2026-06-03T04:10:25Z</time>
        <hdop>1.7</hdop>
      </trkpt>
      <trkpt lat="-13.58177" lon="-71.3114833">
        <ele>4609.1</ele>
        <time>2026-06-03T04:10:40Z</time>
        <hdop>1.7</hdop>
      </trkpt>
      <trkpt lat="-13.58177" lon="-71.3114833">
        <ele>4609.1</ele>
        <time>2026-06-03T04:11:00Z</time>
        <hdop>1.7</hdop>
      </trkpt>
      <trkpt lat="-13.58177" lon="-71.3114833">
        <ele>4609.1</ele>
        <time>2026-06-03T04:11:37Z</time>
        <hdop>1.7</hdop>
      </trkpt>
      <trkpt lat="-13.58177" lon="-71.3114833">
        <ele>4609.1</ele>
        <time>2026-06-03T04:12:04Z</time>
        <hdop>1.7</hdop>
      </trkpt>
      <trkpt lat="-13.5814783" lon="-71.31146">
        <ele>4611.4</ele>
        <time>2026-06-03T04:12:22Z</time>
        <hdop>21</hdop>
        <extensions>
          <osmand:speed>2.6</osmand:speed>
        </extensions>
      </trkpt>
      <trkpt lat="-13.5817516" lon="-71.3114678">
        <ele>4612.6</ele>
        <time>2026-06-03T04:12:38Z</time>
        <hdop>3</hdop>
        <extensions>
          <osmand:speed>0.1</osmand:speed>
        </extensions>
      </trkpt>
      <trkpt lat="-13.581752" lon="-71.3114604">
        <ele>4612.1</ele>
        <time>2026-06-03T04:12:54Z</time>
        <hdop>3</hdop>
        <extensions>
          <osmand:speed>0.1</osmand:speed>
        </extensions>
      </trkpt>
      <trkpt lat="-13.5817566" lon="-71.3114563">
        <ele>4612</ele>
        <time>2026-06-03T04:13:10Z</time>
        <hdop>3</hdop>
        <extensions>
          <osmand:speed>0.1</osmand:speed>
        </extensions>
      </trkpt>
      <trkpt lat="-13.5817577" lon="-71.3114557">
        <ele>4612</ele>
        <time>2026-06-03T04:13:26Z</time>
        <hdop>3</hdop>
        <extensions>
          <osmand:speed>0</osmand:speed>
        </extensions>
      </trkpt>
      <trkpt lat="-13.5817591" lon="-71.3114569">
        <ele>4612</ele>
        <time>2026-06-03T04:13:42Z</time>
        <hdop>3</hdop>
        <extensions>
          <osmand:speed>0.1</osmand:speed>
        </extensions>
      </trkpt>
      <trkpt lat="-13.5817602" lon="-71.311459">
        <ele>4612</ele>
        <time>2026-06-03T04:13:58Z</time>
        <hdop>3</hdop>
        <extensions>
          <osmand:speed>0.1</osmand:speed>
        </extensions>
      </trkpt>
      <trkpt lat="-13.5817602" lon="-71.3114596">
        <ele>4612</ele>
        <time>2026-06-03T04:14:14Z</time>
        <hdop>3</hdop>
        <extensions>
          <osmand:speed>0.1</osmand:speed>
        </extensions>
      </trkpt>
      <trkpt lat="-13.5817567" lon="-71.3114583">
        <ele>4612</ele>
        <time>2026-06-03T04:14:30Z</time>
        <hdop>2.1</hdop>
      </trkpt>
      <trkpt lat="-13.5817567" lon="-71.3114583">
        <ele>4612</ele>
        <time>2026-06-03T04:14:46Z</time>
        <hdop>1.2</hdop>
      </trkpt>
      <trkpt lat="-13.5817567" lon="-71.3114583">
        <ele>4612</ele>
        <time>2026-06-03T04:15:02Z</time>
        <hdop>1.1</hdop>
      </trkpt>
      <trkpt lat="-13.5817567" lon="-71.3114583">
        <ele>4612</ele>
        <time>2026-06-03T04:15:18Z</time>
        <hdop>1.1</hdop>
      </trkpt>
      <trkpt lat="-13.5817567" lon="-71.3114583">
        <ele>4612</ele>
        <time>2026-06-03T04:15:34Z</time>
        <hdop>1.1</hdop>
      </trkpt>
      <trkpt lat="-13.5817567" lon="-71.3114583">
        <ele>4612</ele>
        <time>2026-06-03T04:15:49Z</time>
        <hdop>1.1</hdop>
      </trkpt>
      <trkpt lat="-13.5817567" lon="-71.3114583">
        <ele>4612</ele>
        <time>2026-06-03T04:16:05Z</time>
        <hdop>1.1</hdop>
      </trkpt>
      <trkpt lat="-13.5817567" lon="-71.3114583">
        <ele>4612</ele>
        <time>2026-06-03T04:16:21Z</time>
        <hdop>1.1</hdop>
      </trkpt>
      <trkpt lat="-13.5817567" lon="-71.3114583">
        <ele>4612</ele>
        <time>2026-06-03T04:16:37Z</time>
        <hdop>1.1</hdop>
      </trkpt>
      <trkpt lat="-13.5817567" lon="-71.3114583">
        <ele>4612</ele>
        <time>2026-06-03T04:16:52Z</time>
        <hdop>1.1</hdop>
      </trkpt>
      <trkpt lat="-13.5817567" lon="-71.3114583">
        <ele>4612</ele>
        <time>2026-06-03T04:17:08Z</time>
        <hdop>1.1</hdop>
      </trkpt>
      <trkpt lat="-13.5817567" lon="-71.3114583">
        <ele>4612</ele>
        <time>2026-06-03T04:17:24Z</time>
        <hdop>1.1</hdop>
      </trkpt>
      <trkpt lat="-13.5817567" lon="-71.3114583">
        <ele>4612</ele>
        <time>2026-06-03T04:17:39Z</time>
        <hdop>1.1</hdop>
      </trkpt>
      <trkpt lat="-13.5817567" lon="-71.3114583">
        <ele>4612</ele>
        <time>2026-06-03T04:17:55Z</time>
        <hdop>1.1</hdop>
      </trkpt>
      <trkpt lat="-13.5817567" lon="-71.3114583">
        <ele>4612</ele>
        <time>2026-06-03T04:18:11Z</time>
        <hdop>1.1</hdop>
      </trkpt>
      <trkpt lat="-13.5817567" lon="-71.3114583">
        <ele>4612</ele>
        <time>2026-06-03T04:18:26Z</time>
        <hdop>1.4</hdop>
      </trkpt>
      <trkpt lat="-13.5817567" lon="-71.3114583">
        <ele>4612</ele>
        <time>2026-06-03T04:18:42Z</time>
        <hdop>1.4</hdop>
      </trkpt>
      <trkpt lat="-13.5817567" lon="-71.3114583">
        <ele>4612</ele>
        <time>2026-06-03T04:18:57Z</time>
        <hdop>1.4</hdop>
      </trkpt>
      <trkpt lat="-13.5817567" lon="-71.3114583">
        <ele>4612</ele>
        <time>2026-06-03T04:19:12Z</time>
        <hdop>1.3</hdop>
      </trkpt>
      <trkpt lat="-13.5817567" lon="-71.3114583">
        <ele>4612</ele>
        <time>2026-06-03T04:19:28Z</time>
        <hdop>1.2</hdop>
      </trkpt>
      <trkpt lat="-13.5817567" lon="-71.3114583">
        <ele>4612</ele>
        <time>2026-06-03T04:19:44Z</time>
        <hdop>1.2</hdop>
      </trkpt>
      <trkpt lat="-13.5817567" lon="-71.3114583">
        <ele>4612</ele>
        <time>2026-06-03T04:19:59Z</time>
        <hdop>1.2</hdop>
      </trkpt>
      <trkpt lat="-13.5817567" lon="-71.3114583">
        <ele>4612</ele>
        <time>2026-06-03T04:20:15Z</time>
        <hdop>1.3</hdop>
      </trkpt>
      <trkpt lat="-13.5817567" lon="-71.3114583">
        <ele>4612</ele>
        <time>2026-06-03T04:20:31Z</time>
        <hdop>1.4</hdop>
      </trkpt>
      <trkpt lat="-13.5817567" lon="-71.3114583">
        <ele>4612</ele>
        <time>2026-06-03T04:20:47Z</time>
        <hdop>1.2</hdop>
      </trkpt>
      <trkpt lat="-13.5817567" lon="-71.3114583">
        <ele>4612</ele>
        <time>2026-06-03T04:21:02Z</time>
        <hdop>1.3</hdop>
      </trkpt>
      <trkpt lat="-13.5817567" lon="-71.3114583">
        <ele>4612</ele>
        <time>2026-06-03T04:21:18Z</time>
        <hdop>1.3</hdop>
      </trkpt>
      <trkpt lat="-13.5817567" lon="-71.3114583">
        <ele>4612</ele>
        <time>2026-06-03T04:21:34Z</time>
        <hdop>1.3</hdop>
      </trkpt>
      <trkpt lat="-13.5817567" lon="-71.3114583">
        <ele>4612</ele>
        <time>2026-06-03T04:21:50Z</time>
        <hdop>1.3</hdop>
      </trkpt>
      <trkpt lat="-13.5817567" lon="-71.3114583">
        <ele>4612</ele>
        <time>2026-06-03T04:22:06Z</time>
        <hdop>1.2</hdop>
      </trkpt>
      <trkpt lat="-13.5817567" lon="-71.3114583">
        <ele>4612</ele>
        <time>2026-06-03T04:22:21Z</time>
        <hdop>1.3</hdop>
      </trkpt>
      <trkpt lat="-13.5817567" lon="-71.3114583">
        <ele>4612</ele>
        <time>2026-06-03T04:22:37Z</time>
        <hdop>1.2</hdop>
      </trkpt>
      <trkpt lat="-13.5817567" lon="-71.3114583">
        <ele>4612</ele>
        <time>2026-06-03T04:22:53Z</time>
        <hdop>1.2</hdop>
      </trkpt>
      <trkpt lat="-13.581756" lon="-71.3114596">
        <ele>4612</ele>
        <time>2026-06-03T04:23:08Z</time>
        <hdop>3</hdop>
        <extensions>
          <osmand:speed>0.1</osmand:speed>
        </extensions>
      </trkpt>
      <trkpt lat="-13.5817565" lon="-71.3114583">
        <ele>4612</ele>
        <time>2026-06-03T04:23:24Z</time>
        <hdop>3</hdop>
        <extensions>
          <osmand:speed>0.1</osmand:speed>
        </extensions>
      </trkpt>
      <trkpt lat="-13.5817565" lon="-71.3114583">
        <ele>4612</ele>
        <time>2026-06-03T04:23:40Z</time>
        <hdop>3</hdop>
        <extensions>
          <osmand:speed>0.1</osmand:speed>
        </extensions>
      </trkpt>
      <trkpt lat="-13.5817576" lon="-71.3114593">
        <ele>4612</ele>
        <time>2026-06-03T04:23:56Z</time>
        <hdop>3</hdop>
        <extensions>
          <osmand:speed>0.1</osmand:speed>
        </extensions>
      </trkpt>
      <trkpt lat="-13.5817577" lon="-71.3114602">
        <ele>4612</ele>
        <time>2026-06-03T04:24:12Z</time>
        <hdop>3</hdop>
        <extensions>
          <osmand:speed>0.1</osmand:speed>
        </extensions>
      </trkpt>
      <trkpt lat="-13.581758" lon="-71.3114597">
        <ele>4612</ele>
        <time>2026-06-03T04:24:28Z</time>
        <hdop>3</hdop>
        <extensions>
          <osmand:speed>0.1</osmand:speed>
        </extensions>
      </trkpt>
      <trkpt lat="-13.5817573" lon="-71.3114591">
        <ele>4612</ele>
        <time>2026-06-03T04:24:44Z</time>
        <hdop>3</hdop>
        <extensions>
          <osmand:speed>0.1</osmand:speed>
        </extensions>
      </trkpt>
      <trkpt lat="-13.5817567" lon="-71.3114571">
        <ele>4612</ele>
        <time>2026-06-03T04:25:00Z</time>
        <hdop>3</hdop>
        <extensions>
          <osmand:speed>0.1</osmand:speed>
        </extensions>
      </trkpt>
      <trkpt lat="-13.581756" lon="-71.3114562">
        <ele>4612</ele>
        <time>2026-06-03T04:25:16Z</time>
        <hdop>3</hdop>
        <extensions>
          <osmand:speed>0.1</osmand:speed>
        </extensions>
      </trkpt>
      <trkpt lat="-13.5817547" lon="-71.3114567">
        <ele>4612</ele>
        <time>2026-06-03T04:25:32Z</time>
        <hdop>3</hdop>
        <extensions>
          <osmand:speed>0.1</osmand:speed>
        </extensions>
      </trkpt>
      <trkpt lat="-13.5817555" lon="-71.3114567">
        <ele>4612</ele>
        <time>2026-06-03T04:25:48Z</time>
        <hdop>3</hdop>
        <extensions>
          <osmand:speed>0.1</osmand:speed>
        </extensions>
      </trkpt>
      <trkpt lat="-13.5817552" lon="-71.311458">
        <ele>4612</ele>
        <time>2026-06-03T04:26:04Z</time>
        <hdop>3</hdop>
        <extensions>
          <osmand:speed>0.1</osmand:speed>
        </extensions>
      </trkpt>
      <trkpt lat="-13.5817558" lon="-71.3114586">
        <ele>4612</ele>
        <time>2026-06-03T04:26:19Z</time>
        <hdop>3</hdop>
        <extensions>
          <osmand:speed>0.1</osmand:speed>
        </extensions>
      </trkpt>
      <trkpt lat="-13.5817577" lon="-71.3114589">
        <ele>4612</ele>
        <time>2026-06-03T04:26:35Z</time>
        <hdop>3</hdop>
        <extensions>
          <osmand:speed>0.1</osmand:speed>
        </extensions>
      </trkpt>
      <trkpt lat="-13.5817566" lon="-71.3114579">
        <ele>4612</ele>
        <time>2026-06-03T04:26:51Z</time>
        <hdop>3</hdop>
        <extensions>
          <osmand:speed>0.1</osmand:speed>
        </extensions>
      </trkpt>
      <trkpt lat="-13.5817568" lon="-71.3114575">
        <ele>4612</ele>
        <time>2026-06-03T04:27:07Z</time>
        <hdop>3</hdop>
        <extensions>
          <osmand:speed>0.1</osmand:speed>
        </extensions>
      </trkpt>
      <trkpt lat="-13.5817578" lon="-71.3114572">
        <ele>4612</ele>
        <time>2026-06-03T04:27:22Z</time>
        <hdop>3</hdop>
        <extensions>
          <osmand:speed>0.1</osmand:speed>
        </extensions>
      </trkpt>
      <trkpt lat="-13.5817586" lon="-71.3114568">
        <ele>4612</ele>
        <time>2026-06-03T04:27:38Z</time>
        <hdop>3</hdop>
        <extensions>
          <osmand:speed>0.1</osmand:speed>
        </extensions>
      </trkpt>
      <trkpt lat="-13.5817587" lon="-71.3114564">
        <ele>4612</ele>
        <time>2026-06-03T04:27:54Z</time>
        <hdop>3</hdop>
        <extensions>
          <osmand:speed>0.1</osmand:speed>
        </extensions>
      </trkpt>
      <trkpt lat="-13.581758" lon="-71.3114569">
        <ele>4612</ele>
        <time>2026-06-03T04:28:10Z</time>
        <hdop>3</hdop>
        <extensions>
          <osmand:speed>0.1</osmand:speed>
        </extensions>
      </trkpt>
      <trkpt lat="-13.5817568" lon="-71.3114575">
        <ele>4612</ele>
        <time>2026-06-03T04:28:26Z</time>
        <hdop>3</hdop>
        <extensions>
          <osmand:speed>0.1</osmand:speed>
        </extensions>
      </trkpt>
      <trkpt lat="-13.5817546" lon="-71.3114572">
        <ele>4612</ele>
        <time>2026-06-03T04:28:42Z</time>
        <hdop>3</hdop>
        <extensions>
          <osmand:speed>0.1</osmand:speed>
        </extensions>
      </trkpt>
      <trkpt lat="-13.5817548" lon="-71.3114579">
        <ele>4612</ele>
        <time>2026-06-03T04:28:58Z</time>
        <hdop>3</hdop>
        <extensions>
          <osmand:speed>0.1</osmand:speed>
        </extensions>
      </trkpt>
      <trkpt lat="-13.5817558" lon="-71.3114582">
        <ele>4612</ele>
        <time>2026-06-03T04:29:14Z</time>
        <hdop>3</hdop>
        <extensions>
          <osmand:speed>0.1</osmand:speed>
        </extensions>
      </trkpt>
      <trkpt lat="-13.581757" lon="-71.3114572">
        <ele>4612</ele>
        <time>2026-06-03T04:29:30Z</time>
        <hdop>3</hdop>
        <extensions>
          <osmand:speed>0.1</osmand:speed>
        </extensions>
      </trkpt>
      <trkpt lat="-13.5817556" lon="-71.3114567">
        <ele>4612</ele>
        <time>2026-06-03T04:29:46Z</time>
        <hdop>3</hdop>
        <extensions>
          <osmand:speed>0.1</osmand:speed>
        </extensions>
      </trkpt>
      <trkpt lat="-13.5817553" lon="-71.3114571">
        <ele>4612</ele>
        <time>2026-06-03T04:30:02Z</time>
        <hdop>3</hdop>
        <extensions>
          <osmand:speed>0.1</osmand:speed>
        </extensions>
      </trkpt>
      <trkpt lat="-13.5817549" lon="-71.3114569">
        <ele>4612</ele>
        <time>2026-06-03T04:30:18Z</time>
        <hdop>3</hdop>
        <extensions>
          <osmand:speed>0.1</osmand:speed>
        </extensions>
      </trkpt>
      <trkpt lat="-13.5817554" lon="-71.3114591">
        <ele>4612</ele>
        <time>2026-06-03T04:30:34Z</time>
        <hdop>3</hdop>
        <extensions>
          <osmand:speed>0.1</osmand:speed>
        </extensions>
      </trkpt>
      <trkpt lat="-13.5817564" lon="-71.3114591">
        <ele>4612</ele>
        <time>2026-06-03T04:30:50Z</time>
        <hdop>3</hdop>
        <extensions>
          <osmand:speed>0.1</osmand:speed>
        </extensions>
      </trkpt>
      <trkpt lat="-13.5817586" lon="-71.3114587">
        <ele>4612</ele>
        <time>2026-06-03T04:31:06Z</time>
        <hdop>3</hdop>
        <extensions>
          <osmand:speed>0.1</osmand:speed>
        </extensions>
      </trkpt>
      <trkpt lat="-13.5817587" lon="-71.3114579">
        <ele>4612</ele>
        <time>2026-06-03T04:31:22Z</time>
        <hdop>3</hdop>
        <extensions>
          <osmand:speed>0.1</osmand:speed>
        </extensions>
      </trkpt>
      <trkpt lat="-13.5817579" lon="-71.3114563">
        <ele>4612</ele>
        <time>2026-06-03T04:31:38Z</time>
        <hdop>3</hdop>
        <extensions>
          <osmand:speed>0.1</osmand:speed>
        </extensions>
      </trkpt>
      <trkpt lat="-13.5817564" lon="-71.3114584">
        <ele>4612</ele>
        <time>2026-06-03T04:31:54Z</time>
        <hdop>3</hdop>
        <extensions>
          <osmand:speed>0.1</osmand:speed>
        </extensions>
      </trkpt>
      <trkpt lat="-13.5817549" lon="-71.3114583">
        <ele>4612</ele>
        <time>2026-06-03T04:32:10Z</time>
        <hdop>3</hdop>
        <extensions>
          <osmand:speed>0.1</osmand:speed>
        </extensions>
      </trkpt>
      <trkpt lat="-13.5817542" lon="-71.3114577">
        <ele>4612</ele>
        <time>2026-06-03T04:32:26Z</time>
        <hdop>3</hdop>
        <extensions>
          <osmand:speed>0.1</osmand:speed>
        </extensions>
      </trkpt>
      <trkpt lat="-13.5817556" lon="-71.3114574">
        <ele>4612</ele>
        <time>2026-06-03T04:32:42Z</time>
        <hdop>3</hdop>
        <extensions>
          <osmand:speed>0.1</osmand:speed>
        </extensions>
      </trkpt>
      <trkpt lat="-13.5817558" lon="-71.3114577">
        <ele>4612</ele>
        <time>2026-06-03T04:32:58Z</time>
        <hdop>3</hdop>
        <extensions>
          <osmand:speed>0.1</osmand:speed>
        </extensions>
      </trkpt>
      <trkpt lat="-13.5817561" lon="-71.3114578">
        <ele>4612</ele>
        <time>2026-06-03T04:33:13Z</time>
        <hdop>3</hdop>
        <extensions>
          <osmand:speed>0.1</osmand:speed>
        </extensions>
      </trkpt>
      <trkpt lat="-13.5817559" lon="-71.3114575">
        <ele>4612</ele>
        <time>2026-06-03T04:33:29Z</time>
        <hdop>3</hdop>
        <extensions>
          <osmand:speed>0.1</osmand:speed>
        </extensions>
      </trkpt>
      <trkpt lat="-13.5817555" lon="-71.3114572">
        <ele>4612</ele>
        <time>2026-06-03T04:33:45Z</time>
        <hdop>3</hdop>
        <extensions>
          <osmand:speed>0.1</osmand:speed>
        </extensions>
      </trkpt>
      <trkpt lat="-13.581755" lon="-71.3114579">
        <ele>4612</ele>
        <time>2026-06-03T04:34:00Z</time>
        <hdop>3</hdop>
        <extensions>
          <osmand:speed>0.1</osmand:speed>
        </extensions>
      </trkpt>
      <trkpt lat="-13.5817554" lon="-71.3114571">
        <ele>4612</ele>
        <time>2026-06-03T04:34:16Z</time>
        <hdop>3</hdop>
        <extensions>
          <osmand:speed>0.1</osmand:speed>
        </extensions>
      </trkpt>
      <trkpt lat="-13.5817555" lon="-71.3114582">
        <ele>4612</ele>
        <time>2026-06-03T04:34:32Z</time>
        <hdop>3</hdop>
        <extensions>
          <osmand:speed>0.1</osmand:speed>
        </extensions>
      </trkpt>
      <trkpt lat="-13.5817571" lon="-71.3114585">
        <ele>4612</ele>
        <time>2026-06-03T04:34:48Z</time>
        <hdop>3</hdop>
        <extensions>
          <osmand:speed>0.1</osmand:speed>
        </extensions>
      </trkpt>
      <trkpt lat="-13.5817568" lon="-71.3114576">
        <ele>4612</ele>
        <time>2026-06-03T04:35:04Z</time>
        <hdop>3</hdop>
        <extensions>
          <osmand:speed>0.1</osmand:speed>
        </extensions>
      </trkpt>
      <trkpt lat="-13.5817567" lon="-71.3114571">
        <ele>4612</ele>
        <time>2026-06-03T04:35:20Z</time>
        <hdop>3</hdop>
        <extensions>
          <osmand:speed>0.1</osmand:speed>
        </extensions>
      </trkpt>
      <trkpt lat="-13.5817551" lon="-71.3114576">
        <ele>4612</ele>
        <time>2026-06-03T04:35:36Z</time>
        <hdop>3</hdop>
        <extensions>
          <osmand:speed>0.1</osmand:speed>
        </extensions>
      </trkpt>
      <trkpt lat="-13.5817547" lon="-71.3114579">
        <ele>4612</ele>
        <time>2026-06-03T04:35:52Z</time>
        <hdop>3</hdop>
        <extensions>
          <osmand:speed>0.1</osmand:speed>
        </extensions>
      </trkpt>
      <trkpt lat="-13.5817555" lon="-71.311458">
        <ele>4612</ele>
        <time>2026-06-03T04:36:08Z</time>
        <hdop>3</hdop>
        <extensions>
          <osmand:speed>0.1</osmand:speed>
        </extensions>
      </trkpt>
      <trkpt lat="-13.5817565" lon="-71.3114579">
        <ele>4612</ele>
        <time>2026-06-03T04:36:24Z</time>
        <hdop>3</hdop>
        <extensions>
          <osmand:speed>0.1</osmand:speed>
        </extensions>
      </trkpt>
      <trkpt lat="-13.5817574" lon="-71.3114588">
        <ele>4612</ele>
        <time>2026-06-03T04:36:40Z</time>
        <hdop>3</hdop>
        <extensions>
          <osmand:speed>0.1</osmand:speed>
        </extensions>
      </trkpt>
      <trkpt lat="-13.581758" lon="-71.3114588">
        <ele>4612</ele>
        <time>2026-06-03T04:36:56Z</time>
        <hdop>3</hdop>
        <extensions>
          <osmand:speed>0.1</osmand:speed>
        </extensions>
      </trkpt>
      <trkpt lat="-13.581758" lon="-71.3114583">
        <ele>4612</ele>
        <time>2026-06-03T04:37:12Z</time>
        <hdop>3</hdop>
        <extensions>
          <osmand:speed>0.1</osmand:speed>
        </extensions>
      </trkpt>
      <trkpt lat="-13.5817565" lon="-71.3114574">
        <ele>4612</ele>
        <time>2026-06-03T04:37:28Z</time>
        <hdop>3</hdop>
        <extensions>
          <osmand:speed>0</osmand:speed>
        </extensions>
      </trkpt>
      <trkpt lat="-13.5817568" lon="-71.3114583">
        <ele>4612</ele>
        <time>2026-06-03T04:37:44Z</time>
        <hdop>3</hdop>
        <extensions>
          <osmand:speed>0.1</osmand:speed>
        </extensions>
      </trkpt>
      <trkpt lat="-13.5817563" lon="-71.3114582">
        <ele>4612</ele>
        <time>2026-06-03T04:37:59Z</time>
        <hdop>3</hdop>
        <extensions>
          <osmand:speed>0.1</osmand:speed>
        </extensions>
      </trkpt>
      <trkpt lat="-13.5817578" lon="-71.3114585">
        <ele>4612</ele>
        <time>2026-06-03T04:38:15Z</time>
        <hdop>3</hdop>
        <extensions>
          <osmand:speed>0.1</osmand:speed>
        </extensions>
      </trkpt>
      <trkpt lat="-13.5817569" lon="-71.3114579">
        <ele>4612</ele>
        <time>2026-06-03T04:38:30Z</time>
        <hdop>3</hdop>
        <extensions>
          <osmand:speed>0.1</osmand:speed>
        </extensions>
      </trkpt>
      <trkpt lat="-13.5817558" lon="-71.3114585">
        <ele>4612</ele>
        <time>2026-06-03T04:38:46Z</time>
        <hdop>3</hdop>
        <extensions>
          <osmand:speed>0.1</osmand:speed>
        </extensions>
      </trkpt>
      <trkpt lat="-13.5817571" lon="-71.3114595">
        <ele>4612</ele>
        <time>2026-06-03T04:39:02Z</time>
        <hdop>3</hdop>
        <extensions>
          <osmand:speed>0.1</osmand:speed>
        </extensions>
      </trkpt>
      <trkpt lat="-13.5817533" lon="-71.3114517">
        <ele>4611.9</ele>
        <time>2026-06-03T04:39:17Z</time>
        <hdop>2.3</hdop>
      </trkpt>
      <trkpt lat="-13.5817583" lon="-71.31145">
        <ele>4611.8</ele>
        <time>2026-06-03T04:39:33Z</time>
        <hdop>1.5</hdop>
      </trkpt>
      <trkpt lat="-13.5817583" lon="-71.31145">
        <ele>4611.8</ele>
        <time>2026-06-03T04:39:49Z</time>
        <hdop>1.3</hdop>
      </trkpt>
      <trkpt lat="-13.5817583" lon="-71.31145">
        <ele>4611.8</ele>
        <time>2026-06-03T04:40:05Z</time>
        <hdop>1.2</hdop>
      </trkpt>
      <trkpt lat="-13.5817583" lon="-71.31145">
        <ele>4611.8</ele>
        <time>2026-06-03T04:40:21Z</time>
        <hdop>1.5</hdop>
      </trkpt>
      <trkpt lat="-13.5817583" lon="-71.31145">
        <ele>4611.8</ele>
        <time>2026-06-03T04:40:37Z</time>
        <hdop>1.3</hdop>
      </trkpt>
      <trkpt lat="-13.5817583" lon="-71.31145">
        <ele>4611.8</ele>
        <time>2026-06-03T04:40:53Z</time>
        <hdop>1.8</hdop>
      </trkpt>
      <trkpt lat="-13.5817583" lon="-71.31145">
        <ele>4611.8</ele>
        <time>2026-06-03T04:41:09Z</time>
        <hdop>2</hdop>
      </trkpt>
      <trkpt lat="-13.5817583" lon="-71.31145">
        <ele>4611.8</ele>
        <time>2026-06-03T04:41:25Z</time>
        <hdop>1.9</hdop>
      </trkpt>
      <trkpt lat="-13.5817583" lon="-71.31145">
        <ele>4611.8</ele>
        <time>2026-06-03T04:41:41Z</time>
        <hdop>2</hdop>
      </trkpt>
      <trkpt lat="-13.5817583" lon="-71.31145">
        <ele>4611.8</ele>
        <time>2026-06-03T04:41:57Z</time>
        <hdop>1.8</hdop>
      </trkpt>
      <trkpt lat="-13.5817583" lon="-71.31145">
        <ele>4611.8</ele>
        <time>2026-06-03T04:42:13Z</time>
        <hdop>2</hdop>
      </trkpt>
      <trkpt lat="-13.5817583" lon="-71.31145">
        <ele>4611.8</ele>
        <time>2026-06-03T04:42:29Z</time>
        <hdop>1.9</hdop>
      </trkpt>
      <trkpt lat="-13.5817583" lon="-71.31144">
        <ele>4610.6</ele>
        <time>2026-06-03T04:42:45Z</time>
        <hdop>2.1</hdop>
      </trkpt>
      <trkpt lat="-13.5817583" lon="-71.31144">
        <ele>4610.6</ele>
        <time>2026-06-03T04:43:01Z</time>
        <hdop>2</hdop>
      </trkpt>
      <trkpt lat="-13.5817583" lon="-71.31144">
        <ele>4610.6</ele>
        <time>2026-06-03T04:43:17Z</time>
        <hdop>1.7</hdop>
      </trkpt>
      <trkpt lat="-13.5817583" lon="-71.31144">
        <ele>4610.6</ele>
        <time>2026-06-03T04:43:33Z</time>
        <hdop>1.3</hdop>
      </trkpt>
      <trkpt lat="-13.5817583" lon="-71.31144">
        <ele>4610.6</ele>
        <time>2026-06-03T04:43:49Z</time>
        <hdop>1.3</hdop>
      </trkpt>
      <trkpt lat="-13.5817583" lon="-71.31144">
        <ele>4610.6</ele>
        <time>2026-06-03T04:44:05Z</time>
        <hdop>1.3</hdop>
      </trkpt>
      <trkpt lat="-13.5817583" lon="-71.31144">
        <ele>4610.6</ele>
        <time>2026-06-03T04:44:21Z</time>
        <hdop>1.3</hdop>
      </trkpt>
      <trkpt lat="-13.5817583" lon="-71.31144">
        <ele>4610.6</ele>
        <time>2026-06-03T04:44:37Z</time>
        <hdop>1.2</hdop>
      </trkpt>
      <trkpt lat="-13.5817583" lon="-71.31144">
        <ele>4610.6</ele>
        <time>2026-06-03T04:44:53Z</time>
        <hdop>1.3</hdop>
      </trkpt>
      <trkpt lat="-13.5817583" lon="-71.31144">
        <ele>4610.6</ele>
        <time>2026-06-03T04:45:09Z</time>
        <hdop>1.3</hdop>
      </trkpt>
      <trkpt lat="-13.5817517" lon="-71.3114633">
        <ele>4613</ele>
        <time>2026-06-03T04:45:25Z</time>
        <hdop>1.6</hdop>
      </trkpt>
      <trkpt lat="-13.5817967" lon="-71.3114617">
        <ele>4612.8</ele>
        <time>2026-06-03T04:45:41Z</time>
        <hdop>1.5</hdop>
      </trkpt>
      <trkpt lat="-13.5818283" lon="-71.311465">
        <ele>4611.1</ele>
        <time>2026-06-03T04:45:57Z</time>
        <hdop>1.4</hdop>
      </trkpt>
      <trkpt lat="-13.5818267" lon="-71.311465">
        <ele>4611</ele>
        <time>2026-06-03T04:46:12Z</time>
        <hdop>1.3</hdop>
      </trkpt>
      <trkpt lat="-13.5818267" lon="-71.311465">
        <ele>4611</ele>
        <time>2026-06-03T04:46:28Z</time>
        <hdop>1.3</hdop>
      </trkpt>
      <trkpt lat="-13.5818367" lon="-71.3114583">
        <ele>4610</ele>
        <time>2026-06-03T04:46:43Z</time>
        <hdop>1.4</hdop>
      </trkpt>
      <trkpt lat="-13.5818567" lon="-71.3114567">
        <ele>4610.4</ele>
        <time>2026-06-03T04:46:59Z</time>
        <hdop>1.4</hdop>
      </trkpt>
      <trkpt lat="-13.5818567" lon="-71.3114567">
        <ele>4610.4</ele>
        <time>2026-06-03T04:47:15Z</time>
        <hdop>1.3</hdop>
      </trkpt>
      <trkpt lat="-13.5818567" lon="-71.3114567">
        <ele>4610.4</ele>
        <time>2026-06-03T04:47:30Z</time>
        <hdop>1.4</hdop>
      </trkpt>
      <trkpt lat="-13.5819033" lon="-71.3114083">
        <ele>4608.5</ele>
        <time>2026-06-03T04:47:46Z</time>
        <hdop>1.5</hdop>
      </trkpt>
      <trkpt lat="-13.5819033" lon="-71.3114083">
        <ele>4608.5</ele>
        <time>2026-06-03T04:48:02Z</time>
        <hdop>1.4</hdop>
      </trkpt>
      <trkpt lat="-13.5819033" lon="-71.3114083">
        <ele>4608.5</ele>
        <time>2026-06-03T04:48:18Z</time>
        <hdop>1.5</hdop>
      </trkpt>
      <trkpt lat="-13.5819033" lon="-71.3114083">
        <ele>4608.5</ele>
        <time>2026-06-03T04:48:33Z</time>
        <hdop>1.4</hdop>
      </trkpt>
      <trkpt lat="-13.5819033" lon="-71.3114083">
        <ele>4608.5</ele>
        <time>2026-06-03T04:48:49Z</time>
        <hdop>1.5</hdop>
      </trkpt>
      <trkpt lat="-13.5819033" lon="-71.3114083">
        <ele>4608.5</ele>
        <time>2026-06-03T04:49:04Z</time>
        <hdop>1.5</hdop>
      </trkpt>
      <trkpt lat="-13.5819033" lon="-71.3114083">
        <ele>4608.5</ele>
        <time>2026-06-03T04:49:20Z</time>
        <hdop>1.4</hdop>
      </trkpt>
      <trkpt lat="-13.5819233" lon="-71.3113967">
        <ele>4608.7</ele>
        <time>2026-06-03T04:49:36Z</time>
        <hdop>1.5</hdop>
      </trkpt>
      <trkpt lat="-13.5819233" lon="-71.3113967">
        <ele>4608.7</ele>
        <time>2026-06-03T04:49:52Z</time>
        <hdop>1.4</hdop>
      </trkpt>
      <trkpt lat="-13.5819233" lon="-71.3113967">
        <ele>4608.7</ele>
        <time>2026-06-03T04:50:08Z</time>
        <hdop>1.4</hdop>
      </trkpt>
      <trkpt lat="-13.5819233" lon="-71.3113967">
        <ele>4608.7</ele>
        <time>2026-06-03T04:50:24Z</time>
        <hdop>1.4</hdop>
      </trkpt>
      <trkpt lat="-13.5818583" lon="-71.31144">
        <ele>4608.2</ele>
        <time>2026-06-03T04:50:40Z</time>
        <hdop>1.4</hdop>
      </trkpt>
      <trkpt lat="-13.5818583" lon="-71.31144">
        <ele>4608.2</ele>
        <time>2026-06-03T04:50:56Z</time>
        <hdop>1.3</hdop>
      </trkpt>
      <trkpt lat="-13.5818583" lon="-71.31144">
        <ele>4608.2</ele>
        <time>2026-06-03T04:51:12Z</time>
        <hdop>1.4</hdop>
      </trkpt>
      <trkpt lat="-13.5818583" lon="-71.31144">
        <ele>4608.2</ele>
        <time>2026-06-03T04:51:27Z</time>
        <hdop>1.4</hdop>
      </trkpt>
      <trkpt lat="-13.5818583" lon="-71.31144">
        <ele>4608.2</ele>
        <time>2026-06-03T04:51:43Z</time>
        <hdop>1.3</hdop>
      </trkpt>
      <trkpt lat="-13.5818583" lon="-71.31144">
        <ele>4608.2</ele>
        <time>2026-06-03T04:51:59Z</time>
        <hdop>1.4</hdop>
      </trkpt>
      <trkpt lat="-13.5818583" lon="-71.31144">
        <ele>4608.2</ele>
        <time>2026-06-03T04:52:15Z</time>
        <hdop>1.4</hdop>
      </trkpt>
      <trkpt lat="-13.5818583" lon="-71.31144">
        <ele>4608.2</ele>
        <time>2026-06-03T04:52:31Z</time>
        <hdop>1.4</hdop>
      </trkpt>
      <trkpt lat="-13.5818583" lon="-71.31144">
        <ele>4608.2</ele>
        <time>2026-06-03T04:52:47Z</time>
        <hdop>1.3</hdop>
      </trkpt>
      <trkpt lat="-13.5818583" lon="-71.31144">
        <ele>4608.2</ele>
        <time>2026-06-03T04:53:03Z</time>
        <hdop>1.3</hdop>
      </trkpt>
      <trkpt lat="-13.5818583" lon="-71.31144">
        <ele>4608.2</ele>
        <time>2026-06-03T04:53:19Z</time>
        <hdop>1.3</hdop>
      </trkpt>
      <trkpt lat="-13.5818583" lon="-71.31144">
        <ele>4608.2</ele>
        <time>2026-06-03T04:53:35Z</time>
        <hdop>1.3</hdop>
      </trkpt>
      <trkpt lat="-13.5818583" lon="-71.31144">
        <ele>4608.2</ele>
        <time>2026-06-03T04:53:51Z</time>
        <hdop>1.4</hdop>
      </trkpt>
      <trkpt lat="-13.5818583" lon="-71.31144">
        <ele>4608.2</ele>
        <time>2026-06-03T04:54:07Z</time>
        <hdop>1.4</hdop>
      </trkpt>
      <trkpt lat="-13.5818583" lon="-71.31144">
        <ele>4608.2</ele>
        <time>2026-06-03T04:54:23Z</time>
        <hdop>1.4</hdop>
      </trkpt>
      <trkpt lat="-13.5818583" lon="-71.31144">
        <ele>4608.2</ele>
        <time>2026-06-03T04:54:39Z</time>
        <hdop>1.4</hdop>
      </trkpt>
      <trkpt lat="-13.5818583" lon="-71.31144">
        <ele>4608.2</ele>
        <time>2026-06-03T04:54:54Z</time>
        <hdop>1.3</hdop>
      </trkpt>
      <trkpt lat="-13.581859" lon="-71.3114406">
        <ele>4608.2</ele>
        <time>2026-06-03T04:55:09Z</time>
        <hdop>3</hdop>
        <extensions>
          <osmand:speed>0.1</osmand:speed>
        </extensions>
      </trkpt>
      <trkpt lat="-13.5818587" lon="-71.3114398">
        <ele>4608.2</ele>
        <time>2026-06-03T04:55:25Z</time>
        <hdop>3</hdop>
        <extensions>
          <osmand:speed>0.1</osmand:speed>
        </extensions>
      </trkpt>
      <trkpt lat="-13.5818585" lon="-71.3114393">
        <ele>4608.2</ele>
        <time>2026-06-03T04:55:41Z</time>
        <hdop>3</hdop>
        <extensions>
          <osmand:speed>0.1</osmand:speed>
        </extensions>
      </trkpt>
      <trkpt lat="-13.5818595" lon="-71.3114387">
        <ele>4608.2</ele>
        <time>2026-06-03T04:55:56Z</time>
        <hdop>3</hdop>
        <extensions>
          <osmand:speed>0.1</osmand:speed>
        </extensions>
      </trkpt>
      <trkpt lat="-13.5818592" lon="-71.3114398">
        <ele>4608.2</ele>
        <time>2026-06-03T04:56:12Z</time>
        <hdop>3</hdop>
        <extensions>
          <osmand:speed>0.1</osmand:speed>
        </extensions>
      </trkpt>
      <trkpt lat="-13.5818579" lon="-71.3114402">
        <ele>4608.2</ele>
        <time>2026-06-03T04:56:28Z</time>
        <hdop>3</hdop>
        <extensions>
          <osmand:speed>0.1</osmand:speed>
        </extensions>
      </trkpt>
      <trkpt lat="-13.5818577" lon="-71.3114393">
        <ele>4608.2</ele>
        <time>2026-06-03T04:56:44Z</time>
        <hdop>3</hdop>
        <extensions>
          <osmand:speed>0.1</osmand:speed>
        </extensions>
      </trkpt>
      <trkpt lat="-13.5818582" lon="-71.3114382">
        <ele>4608.2</ele>
        <time>2026-06-03T04:56:59Z</time>
        <hdop>3</hdop>
        <extensions>
          <osmand:speed>0.1</osmand:speed>
        </extensions>
      </trkpt>
      <trkpt lat="-13.5818591" lon="-71.3114386">
        <ele>4608.2</ele>
        <time>2026-06-03T04:57:15Z</time>
        <hdop>3</hdop>
        <extensions>
          <osmand:speed>0.1</osmand:speed>
        </extensions>
      </trkpt>
      <trkpt lat="-13.5818596" lon="-71.3114395">
        <ele>4608.2</ele>
        <time>2026-06-03T04:57:30Z</time>
        <hdop>3</hdop>
        <extensions>
          <osmand:speed>0.1</osmand:speed>
        </extensions>
      </trkpt>
      <trkpt lat="-13.5818588" lon="-71.3114401">
        <ele>4608.2</ele>
        <time>2026-06-03T04:57:46Z</time>
        <hdop>3</hdop>
        <extensions>
          <osmand:speed>0.1</osmand:speed>
        </extensions>
      </trkpt>
      <trkpt lat="-13.5818575" lon="-71.3114394">
        <ele>4608.2</ele>
        <time>2026-06-03T04:58:01Z</time>
        <hdop>3</hdop>
        <extensions>
          <osmand:speed>0.1</osmand:speed>
        </extensions>
      </trkpt>
      <trkpt lat="-13.5818575" lon="-71.3114394">
        <ele>4608.2</ele>
        <time>2026-06-03T04:58:17Z</time>
        <hdop>3</hdop>
        <extensions>
          <osmand:speed>0.1</osmand:speed>
        </extensions>
      </trkpt>
      <trkpt lat="-13.5818579" lon="-71.3114397">
        <ele>4608.2</ele>
        <time>2026-06-03T04:58:32Z</time>
        <hdop>3</hdop>
        <extensions>
          <osmand:speed>0.1</osmand:speed>
        </extensions>
      </trkpt>
      <trkpt lat="-13.5818588" lon="-71.3114396">
        <ele>4608.2</ele>
        <time>2026-06-03T04:58:48Z</time>
        <hdop>3</hdop>
        <extensions>
          <osmand:speed>0.1</osmand:speed>
        </extensions>
      </trkpt>
      <trkpt lat="-13.5818579" lon="-71.3114397">
        <ele>4608.2</ele>
        <time>2026-06-03T04:59:04Z</time>
        <hdop>3</hdop>
        <extensions>
          <osmand:speed>0.1</osmand:speed>
        </extensions>
      </trkpt>
      <trkpt lat="-13.5818588" lon="-71.3114407">
        <ele>4608.2</ele>
        <time>2026-06-03T04:59:20Z</time>
        <hdop>3</hdop>
        <extensions>
          <osmand:speed>0.1</osmand:speed>
        </extensions>
      </trkpt>
      <trkpt lat="-13.5818601" lon="-71.3114402">
        <ele>4608.2</ele>
        <time>2026-06-03T04:59:36Z</time>
        <hdop>3</hdop>
        <extensions>
          <osmand:speed>0.1</osmand:speed>
        </extensions>
      </trkpt>
      <trkpt lat="-13.5818593" lon="-71.311442">
        <ele>4608.2</ele>
        <time>2026-06-03T04:59:52Z</time>
        <hdop>3</hdop>
        <extensions>
          <osmand:speed>0.1</osmand:speed>
        </extensions>
      </trkpt>
      <trkpt lat="-13.5818542" lon="-71.3114681">
        <ele>4610.8</ele>
        <time>2026-06-03T05:00:08Z</time>
        <hdop>3</hdop>
        <extensions>
          <osmand:speed>0</osmand:speed>
        </extensions>
      </trkpt>
      <trkpt lat="-13.5818487" lon="-71.3114755">
        <ele>4611</ele>
        <time>2026-06-03T05:00:23Z</time>
        <hdop>3</hdop>
        <extensions>
          <osmand:speed>0.1</osmand:speed>
        </extensions>
      </trkpt>
      <trkpt lat="-13.581799" lon="-71.3114637">
        <ele>4613.9</ele>
        <time>2026-06-03T05:00:39Z</time>
        <hdop>3</hdop>
        <extensions>
          <osmand:speed>0.1</osmand:speed>
        </extensions>
      </trkpt>
      <trkpt lat="-13.5817995" lon="-71.3114634">
        <ele>4613.9</ele>
        <time>2026-06-03T05:00:55Z</time>
        <hdop>3</hdop>
        <extensions>
          <osmand:speed>0.1</osmand:speed>
        </extensions>
      </trkpt>
      <trkpt lat="-13.5818134" lon="-71.3114712">
        <ele>4610.8</ele>
        <time>2026-06-03T05:01:11Z</time>
        <hdop>3</hdop>
        <extensions>
          <osmand:speed>0.1</osmand:speed>
        </extensions>
      </trkpt>
      <trkpt lat="-13.5818088" lon="-71.3114749">
        <ele>4609.7</ele>
        <time>2026-06-03T05:01:27Z</time>
        <hdop>3</hdop>
        <extensions>
          <osmand:speed>0.1</osmand:speed>
        </extensions>
      </trkpt>
      <trkpt lat="-13.5818155" lon="-71.3114833">
        <ele>4609.1</ele>
        <time>2026-06-03T05:01:42Z</time>
        <hdop>3</hdop>
        <extensions>
          <osmand:speed>0.1</osmand:speed>
        </extensions>
      </trkpt>
      <trkpt lat="-13.5817891" lon="-71.3115031">
        <ele>4611.1</ele>
        <time>2026-06-03T05:01:58Z</time>
        <hdop>3</hdop>
        <extensions>
          <osmand:speed>0.1</osmand:speed>
        </extensions>
      </trkpt>
      <trkpt lat="-13.5817978" lon="-71.3115128">
        <ele>4611.1</ele>
        <time>2026-06-03T05:02:14Z</time>
        <hdop>3</hdop>
        <extensions>
          <osmand:speed>0.1</osmand:speed>
        </extensions>
      </trkpt>
      <trkpt lat="-13.5818072" lon="-71.3115108">
        <ele>4608.9</ele>
        <time>2026-06-03T05:02:30Z</time>
        <hdop>3</hdop>
        <extensions>
          <osmand:speed>0.1</osmand:speed>
        </extensions>
      </trkpt>
      <trkpt lat="-13.5818014" lon="-71.3115145">
        <ele>4608.7</ele>
        <time>2026-06-03T05:02:46Z</time>
        <hdop>3</hdop>
        <extensions>
          <osmand:speed>0.1</osmand:speed>
        </extensions>
      </trkpt>
      <trkpt lat="-13.5817878" lon="-71.3115228">
        <ele>4609.7</ele>
        <time>2026-06-03T05:03:02Z</time>
        <hdop>3</hdop>
        <extensions>
          <osmand:speed>0.1</osmand:speed>
        </extensions>
      </trkpt>
      <trkpt lat="-13.5818213" lon="-71.3115911">
        <ele>4609.8</ele>
        <time>2026-06-03T05:03:17Z</time>
        <hdop>3</hdop>
        <extensions>
          <osmand:speed>0.5</osmand:speed>
        </extensions>
      </trkpt>
      <trkpt lat="-13.5818143" lon="-71.3116017">
        <ele>4609.6</ele>
        <time>2026-06-03T05:03:32Z</time>
        <hdop>3</hdop>
        <extensions>
          <osmand:speed>0.1</osmand:speed>
        </extensions>
      </trkpt>
      <trkpt lat="-13.5818539" lon="-71.3116659">
        <ele>4609.2</ele>
        <time>2026-06-03T05:03:48Z</time>
        <hdop>3</hdop>
        <extensions>
          <osmand:speed>0.7</osmand:speed>
        </extensions>
      </trkpt>
      <trkpt lat="-13.5818841" lon="-71.3117525">
        <ele>4607.5</ele>
        <time>2026-06-03T05:04:03Z</time>
        <hdop>3</hdop>
        <extensions>
          <osmand:speed>0.8</osmand:speed>
        </extensions>
      </trkpt>
      <trkpt lat="-13.5818616" lon="-71.311823">
        <ele>4604.4</ele>
        <time>2026-06-03T05:04:19Z</time>
        <hdop>3</hdop>
        <extensions>
          <osmand:speed>0.7</osmand:speed>
        </extensions>
      </trkpt>
      <trkpt lat="-13.5818245" lon="-71.3118568">
        <ele>4603.7</ele>
        <time>2026-06-03T05:04:35Z</time>
        <hdop>3</hdop>
        <extensions>
          <osmand:speed>0.7</osmand:speed>
        </extensions>
      </trkpt>
      <trkpt lat="-13.5817914" lon="-71.3118996">
        <ele>4603.7</ele>
        <time>2026-06-03T05:04:50Z</time>
        <hdop>3</hdop>
        <extensions>
          <osmand:speed>0.7</osmand:speed>
        </extensions>
      </trkpt>
      <trkpt lat="-13.5817483" lon="-71.3119755">
        <ele>4602.1</ele>
        <time>2026-06-03T05:05:05Z</time>
        <hdop>3</hdop>
        <extensions>
          <osmand:speed>1</osmand:speed>
        </extensions>
      </trkpt>
      <trkpt lat="-13.5816481" lon="-71.3120604">
        <ele>4599.5</ele>
        <time>2026-06-03T05:05:21Z</time>
        <hdop>3</hdop>
        <extensions>
          <osmand:speed>1.1</osmand:speed>
        </extensions>
      </trkpt>
      <trkpt lat="-13.5815508" lon="-71.3120978">
        <ele>4597.9</ele>
        <time>2026-06-03T05:05:36Z</time>
        <hdop>3</hdop>
        <extensions>
          <osmand:speed>0.9</osmand:speed>
        </extensions>
      </trkpt>
      <trkpt lat="-13.5814822" lon="-71.3121714">
        <ele>4596.1</ele>
        <time>2026-06-03T05:05:51Z</time>
        <hdop>3</hdop>
        <extensions>
          <osmand:speed>0.8</osmand:speed>
        </extensions>
      </trkpt>
      <trkpt lat="-13.5814033" lon="-71.3122218">
        <ele>4594.8</ele>
        <time>2026-06-03T05:06:06Z</time>
        <hdop>3</hdop>
        <extensions>
          <osmand:speed>0.8</osmand:speed>
        </extensions>
      </trkpt>
      <trkpt lat="-13.5813279" lon="-71.312274">
        <ele>4594.4</ele>
        <time>2026-06-03T05:06:21Z</time>
        <hdop>3</hdop>
        <extensions>
          <osmand:speed>0.9</osmand:speed>
        </extensions>
      </trkpt>
      <trkpt lat="-13.5812602" lon="-71.3123631">
        <ele>4593.6</ele>
        <time>2026-06-03T05:06:36Z</time>
        <hdop>3</hdop>
        <extensions>
          <osmand:speed>0.8</osmand:speed>
        </extensions>
      </trkpt>
      <trkpt lat="-13.5812053" lon="-71.3124231">
        <ele>4592.5</ele>
        <time>2026-06-03T05:06:52Z</time>
        <hdop>3</hdop>
        <extensions>
          <osmand:speed>0.8</osmand:speed>
        </extensions>
      </trkpt>
      <trkpt lat="-13.5811649" lon="-71.3125229">
        <ele>4589</ele>
        <time>2026-06-03T05:07:07Z</time>
        <hdop>3</hdop>
        <extensions>
          <osmand:speed>1</osmand:speed>
        </extensions>
      </trkpt>
      <trkpt lat="-13.5811344" lon="-71.3126377">
        <ele>4587.1</ele>
        <time>2026-06-03T05:07:22Z</time>
        <hdop>3</hdop>
        <extensions>
          <osmand:speed>1</osmand:speed>
        </extensions>
      </trkpt>
      <trkpt lat="-13.5810889" lon="-71.3127234">
        <ele>4585</ele>
        <time>2026-06-03T05:07:37Z</time>
        <hdop>3</hdop>
        <extensions>
          <osmand:speed>0.9</osmand:speed>
        </extensions>
      </trkpt>
      <trkpt lat="-13.5810534" lon="-71.3128363">
        <ele>4584</ele>
        <time>2026-06-03T05:07:53Z</time>
        <hdop>3</hdop>
        <extensions>
          <osmand:speed>0.9</osmand:speed>
        </extensions>
      </trkpt>
      <trkpt lat="-13.5810164" lon="-71.312931">
        <ele>4583.6</ele>
        <time>2026-06-03T05:08:08Z</time>
        <hdop>3</hdop>
        <extensions>
          <osmand:speed>1</osmand:speed>
        </extensions>
      </trkpt>
      <trkpt lat="-13.5810009" lon="-71.3130317">
        <ele>4580.8</ele>
        <time>2026-06-03T05:08:23Z</time>
        <hdop>3</hdop>
        <extensions>
          <osmand:speed>0.8</osmand:speed>
        </extensions>
      </trkpt>
      <trkpt lat="-13.5809759" lon="-71.3131402">
        <ele>4578.8</ele>
        <time>2026-06-03T05:08:38Z</time>
        <hdop>3</hdop>
        <extensions>
          <osmand:speed>0.9</osmand:speed>
        </extensions>
      </trkpt>
      <trkpt lat="-13.580954" lon="-71.3132672">
        <ele>4577.9</ele>
        <time>2026-06-03T05:08:53Z</time>
        <hdop>3</hdop>
        <extensions>
          <osmand:speed>0.9</osmand:speed>
        </extensions>
      </trkpt>
      <trkpt lat="-13.5809514" lon="-71.3133838">
        <ele>4577.2</ele>
        <time>2026-06-03T05:09:09Z</time>
        <hdop>3</hdop>
        <extensions>
          <osmand:speed>1.1</osmand:speed>
        </extensions>
      </trkpt>
      <trkpt lat="-13.5809275" lon="-71.3135041">
        <ele>4573</ele>
        <time>2026-06-03T05:09:24Z</time>
        <hdop>3</hdop>
        <extensions>
          <osmand:speed>1.1</osmand:speed>
        </extensions>
      </trkpt>
      <trkpt lat="-13.5809251" lon="-71.3136247">
        <ele>4571.9</ele>
        <time>2026-06-03T05:09:39Z</time>
        <hdop>3</hdop>
        <extensions>
          <osmand:speed>1</osmand:speed>
        </extensions>
      </trkpt>
      <trkpt lat="-13.5809378" lon="-71.3137089">
        <ele>4571</ele>
        <time>2026-06-03T05:09:55Z</time>
        <hdop>3</hdop>
        <extensions>
          <osmand:speed>0.9</osmand:speed>
        </extensions>
      </trkpt>
      <trkpt lat="-13.5809217" lon="-71.3138143">
        <ele>4568.3</ele>
        <time>2026-06-03T05:10:10Z</time>
        <hdop>3</hdop>
        <extensions>
          <osmand:speed>0.9</osmand:speed>
        </extensions>
      </trkpt>
      <trkpt lat="-13.5809746" lon="-71.3138766">
        <ele>4565.4</ele>
        <time>2026-06-03T05:10:25Z</time>
        <hdop>3</hdop>
        <extensions>
          <osmand:speed>0.9</osmand:speed>
        </extensions>
      </trkpt>
      <trkpt lat="-13.5810703" lon="-71.3139419">
        <ele>4565.3</ele>
        <time>2026-06-03T05:10:41Z</time>
        <hdop>3</hdop>
        <extensions>
          <osmand:speed>1</osmand:speed>
        </extensions>
      </trkpt>
      <trkpt lat="-13.5811717" lon="-71.3139997">
        <ele>4565.8</ele>
        <time>2026-06-03T05:10:56Z</time>
        <hdop>3</hdop>
        <extensions>
          <osmand:speed>0.9</osmand:speed>
        </extensions>
      </trkpt>
      <trkpt lat="-13.5812545" lon="-71.3140617">
        <ele>4563.4</ele>
        <time>2026-06-03T05:11:12Z</time>
        <hdop>3</hdop>
        <extensions>
          <osmand:speed>0.9</osmand:speed>
        </extensions>
      </trkpt>
      <trkpt lat="-13.5813141" lon="-71.3140903">
        <ele>4563.4</ele>
        <time>2026-06-03T05:11:27Z</time>
        <hdop>3</hdop>
        <extensions>
          <osmand:speed>0.3</osmand:speed>
        </extensions>
      </trkpt>
      <trkpt lat="-13.5813357" lon="-71.3141107">
        <ele>4564.6</ele>
        <time>2026-06-03T05:11:43Z</time>
        <hdop>3</hdop>
        <extensions>
          <osmand:speed>0.1</osmand:speed>
        </extensions>
      </trkpt>
      <trkpt lat="-13.5813625" lon="-71.3141279">
        <ele>4564.1</ele>
        <time>2026-06-03T05:11:59Z</time>
        <hdop>3</hdop>
        <extensions>
          <osmand:speed>0.2</osmand:speed>
        </extensions>
      </trkpt>
      <trkpt lat="-13.5813761" lon="-71.314135">
        <ele>4563.1</ele>
        <time>2026-06-03T05:12:14Z</time>
        <hdop>3</hdop>
        <extensions>
          <osmand:speed>0.1</osmand:speed>
        </extensions>
      </trkpt>
      <trkpt lat="-13.5813772" lon="-71.31414">
        <ele>4561.3</ele>
        <time>2026-06-03T05:12:30Z</time>
        <hdop>3</hdop>
        <extensions>
          <osmand:speed>0.1</osmand:speed>
        </extensions>
      </trkpt>
      <trkpt lat="-13.581462" lon="-71.3141995">
        <ele>4560.7</ele>
        <time>2026-06-03T05:12:46Z</time>
        <hdop>3</hdop>
        <extensions>
          <osmand:speed>0.7</osmand:speed>
        </extensions>
      </trkpt>
      <trkpt lat="-13.581554" lon="-71.3142142">
        <ele>4559.6</ele>
        <time>2026-06-03T05:13:01Z</time>
        <hdop>3</hdop>
        <extensions>
          <osmand:speed>0.8</osmand:speed>
        </extensions>
      </trkpt>
      <trkpt lat="-13.5816269" lon="-71.3142856">
        <ele>4557.4</ele>
        <time>2026-06-03T05:13:16Z</time>
        <hdop>3</hdop>
        <extensions>
          <osmand:speed>1</osmand:speed>
        </extensions>
      </trkpt>
      <trkpt lat="-13.5816948" lon="-71.3143435">
        <ele>4553.2</ele>
        <time>2026-06-03T05:13:31Z</time>
        <hdop>3</hdop>
        <extensions>
          <osmand:speed>0.8</osmand:speed>
        </extensions>
      </trkpt>
      <trkpt lat="-13.5817714" lon="-71.3143883">
        <ele>4551.5</ele>
        <time>2026-06-03T05:13:46Z</time>
        <hdop>3</hdop>
        <extensions>
          <osmand:speed>0.8</osmand:speed>
        </extensions>
      </trkpt>
      <trkpt lat="-13.5818515" lon="-71.3144458">
        <ele>4548</ele>
        <time>2026-06-03T05:14:02Z</time>
        <hdop>3</hdop>
        <extensions>
          <osmand:speed>1</osmand:speed>
        </extensions>
      </trkpt>
      <trkpt lat="-13.5819686" lon="-71.3144393">
        <ele>4544.9</ele>
        <time>2026-06-03T05:14:17Z</time>
        <hdop>3</hdop>
        <extensions>
          <osmand:speed>1</osmand:speed>
        </extensions>
      </trkpt>
      <trkpt lat="-13.5820704" lon="-71.3143852">
        <ele>4543.1</ele>
        <time>2026-06-03T05:14:32Z</time>
        <hdop>3</hdop>
        <extensions>
          <osmand:speed>0.8</osmand:speed>
        </extensions>
      </trkpt>
      <trkpt lat="-13.582148" lon="-71.3143998">
        <ele>4546.1</ele>
        <time>2026-06-03T05:14:48Z</time>
        <hdop>3</hdop>
        <extensions>
          <osmand:speed>0.9</osmand:speed>
        </extensions>
      </trkpt>
      <trkpt lat="-13.5821327" lon="-71.31453">
        <ele>4545.9</ele>
        <time>2026-06-03T05:15:03Z</time>
        <hdop>3</hdop>
        <extensions>
          <osmand:speed>1</osmand:speed>
        </extensions>
      </trkpt>
      <trkpt lat="-13.5821321" lon="-71.3146402">
        <ele>4543.6</ele>
        <time>2026-06-03T05:15:18Z</time>
        <hdop>3</hdop>
        <extensions>
          <osmand:speed>0.9</osmand:speed>
        </extensions>
      </trkpt>
      <trkpt lat="-13.5821717" lon="-71.3147391">
        <ele>4541.3</ele>
        <time>2026-06-03T05:15:33Z</time>
        <hdop>3</hdop>
        <extensions>
          <osmand:speed>1</osmand:speed>
        </extensions>
      </trkpt>
      <trkpt lat="-13.5822866" lon="-71.3148009">
        <ele>4540.4</ele>
        <time>2026-06-03T05:15:48Z</time>
        <hdop>3</hdop>
        <extensions>
          <osmand:speed>1</osmand:speed>
        </extensions>
      </trkpt>
      <trkpt lat="-13.5823954" lon="-71.3148771">
        <ele>4538.6</ele>
        <time>2026-06-03T05:16:04Z</time>
        <hdop>3</hdop>
        <extensions>
          <osmand:speed>1</osmand:speed>
        </extensions>
      </trkpt>
      <trkpt lat="-13.582487" lon="-71.3149486">
        <ele>4535.3</ele>
        <time>2026-06-03T05:16:19Z</time>
        <hdop>3</hdop>
        <extensions>
          <osmand:speed>1</osmand:speed>
        </extensions>
      </trkpt>
      <trkpt lat="-13.5825802" lon="-71.3150313">
        <ele>4534.7</ele>
        <time>2026-06-03T05:16:34Z</time>
        <hdop>3</hdop>
        <extensions>
          <osmand:speed>0.9</osmand:speed>
        </extensions>
      </trkpt>
      <trkpt lat="-13.5826259" lon="-71.3150361">
        <ele>4535</ele>
        <time>2026-06-03T05:16:50Z</time>
        <hdop>3</hdop>
        <extensions>
          <osmand:speed>0.7</osmand:speed>
        </extensions>
      </trkpt>
      <trkpt lat="-13.5827266" lon="-71.31508">
        <ele>4532.4</ele>
        <time>2026-06-03T05:17:05Z</time>
        <hdop>3</hdop>
        <extensions>
          <osmand:speed>1</osmand:speed>
        </extensions>
      </trkpt>
      <trkpt lat="-13.582823" lon="-71.3150945">
        <ele>4527.9</ele>
        <time>2026-06-03T05:17:20Z</time>
        <hdop>3</hdop>
        <extensions>
          <osmand:speed>1.1</osmand:speed>
        </extensions>
      </trkpt>
      <trkpt lat="-13.582973" lon="-71.3151159">
        <ele>4527.8</ele>
        <time>2026-06-03T05:17:35Z</time>
        <hdop>3</hdop>
        <extensions>
          <osmand:speed>1</osmand:speed>
        </extensions>
      </trkpt>
      <trkpt lat="-13.5831111" lon="-71.3151715">
        <ele>4528.2</ele>
        <time>2026-06-03T05:17:51Z</time>
        <hdop>3</hdop>
        <extensions>
          <osmand:speed>1.1</osmand:speed>
        </extensions>
      </trkpt>
      <trkpt lat="-13.5832527" lon="-71.3151896">
        <ele>4526.7</ele>
        <time>2026-06-03T05:18:06Z</time>
        <hdop>3</hdop>
        <extensions>
          <osmand:speed>1</osmand:speed>
        </extensions>
      </trkpt>
      <trkpt lat="-13.5833946" lon="-71.3151904">
        <ele>4527.6</ele>
        <time>2026-06-03T05:18:22Z</time>
        <hdop>3</hdop>
        <extensions>
          <osmand:speed>1</osmand:speed>
        </extensions>
      </trkpt>
      <trkpt lat="-13.5834968" lon="-71.3152202">
        <ele>4525.6</ele>
        <time>2026-06-03T05:18:37Z</time>
        <hdop>3</hdop>
        <extensions>
          <osmand:speed>1</osmand:speed>
        </extensions>
      </trkpt>
      <trkpt lat="-13.5835838" lon="-71.3152174">
        <ele>4527.3</ele>
        <time>2026-06-03T05:18:52Z</time>
        <hdop>3</hdop>
        <extensions>
          <osmand:speed>0.7</osmand:speed>
        </extensions>
      </trkpt>
      <trkpt lat="-13.5836243" lon="-71.3152354">
        <ele>4525.9</ele>
        <time>2026-06-03T05:19:08Z</time>
        <hdop>3</hdop>
        <extensions>
          <osmand:speed>0.5</osmand:speed>
        </extensions>
      </trkpt>
      <trkpt lat="-13.5836658" lon="-71.3152577">
        <ele>4524.6</ele>
        <time>2026-06-03T05:19:23Z</time>
        <hdop>3</hdop>
        <extensions>
          <osmand:speed>0.6</osmand:speed>
        </extensions>
      </trkpt>
      <trkpt lat="-13.5836935" lon="-71.3152717">
        <ele>4522.7</ele>
        <time>2026-06-03T05:19:38Z</time>
        <hdop>3</hdop>
        <extensions>
          <osmand:speed>0.6</osmand:speed>
        </extensions>
      </trkpt>
      <trkpt lat="-13.5837525" lon="-71.3153407">
        <ele>4519.8</ele>
        <time>2026-06-03T05:19:54Z</time>
        <hdop>3</hdop>
        <extensions>
          <osmand:speed>1</osmand:speed>
        </extensions>
      </trkpt>
      <trkpt lat="-13.5838261" lon="-71.3154098">
        <ele>4517.3</ele>
        <time>2026-06-03T05:20:09Z</time>
        <hdop>3</hdop>
        <extensions>
          <osmand:speed>1</osmand:speed>
        </extensions>
      </trkpt>
      <trkpt lat="-13.5839162" lon="-71.3154597">
        <ele>4516.8</ele>
        <time>2026-06-03T05:20:24Z</time>
        <hdop>3</hdop>
        <extensions>
          <osmand:speed>0.9</osmand:speed>
        </extensions>
      </trkpt>
      <trkpt lat="-13.5838184" lon="-71.3154543">
        <ele>4514.3</ele>
        <time>2026-06-03T05:20:40Z</time>
        <hdop>3</hdop>
        <extensions>
          <osmand:speed>0.7</osmand:speed>
        </extensions>
      </trkpt>
      <trkpt lat="-13.5838902" lon="-71.315519">
        <ele>4511.1</ele>
        <time>2026-06-03T05:20:55Z</time>
        <hdop>3</hdop>
        <extensions>
          <osmand:speed>0.8</osmand:speed>
        </extensions>
      </trkpt>
      <trkpt lat="-13.5839386" lon="-71.3155824">
        <ele>4508.1</ele>
        <time>2026-06-03T05:21:10Z</time>
        <hdop>3</hdop>
        <extensions>
          <osmand:speed>0.8</osmand:speed>
        </extensions>
      </trkpt>
      <trkpt lat="-13.5839884" lon="-71.3156376">
        <ele>4508.4</ele>
        <time>2026-06-03T05:21:26Z</time>
        <hdop>3</hdop>
        <extensions>
          <osmand:speed>0.9</osmand:speed>
        </extensions>
      </trkpt>
      <trkpt lat="-13.5840496" lon="-71.315691">
        <ele>4503.9</ele>
        <time>2026-06-03T05:21:41Z</time>
        <hdop>3</hdop>
        <extensions>
          <osmand:speed>1</osmand:speed>
        </extensions>
      </trkpt>
      <trkpt lat="-13.5841826" lon="-71.3156357">
        <ele>4501.5</ele>
        <time>2026-06-03T05:21:57Z</time>
        <hdop>3</hdop>
        <extensions>
          <osmand:speed>0.9</osmand:speed>
        </extensions>
      </trkpt>
      <trkpt lat="-13.5842625" lon="-71.3156559">
        <ele>4500.6</ele>
        <time>2026-06-03T05:22:12Z</time>
        <hdop>3</hdop>
        <extensions>
          <osmand:speed>0.7</osmand:speed>
        </extensions>
      </trkpt>
      <trkpt lat="-13.584378" lon="-71.3157151">
        <ele>4504.3</ele>
        <time>2026-06-03T05:22:27Z</time>
        <hdop>3</hdop>
        <extensions>
          <osmand:speed>0.9</osmand:speed>
        </extensions>
      </trkpt>
      <trkpt lat="-13.5845094" lon="-71.3157977">
        <ele>4508</ele>
        <time>2026-06-03T05:22:42Z</time>
        <hdop>3</hdop>
        <extensions>
          <osmand:speed>1</osmand:speed>
        </extensions>
      </trkpt>
      <trkpt lat="-13.5846065" lon="-71.3158676">
        <ele>4505.2</ele>
        <time>2026-06-03T05:22:58Z</time>
        <hdop>3</hdop>
        <extensions>
          <osmand:speed>1.1</osmand:speed>
        </extensions>
      </trkpt>
      <trkpt lat="-13.5847234" lon="-71.3159011">
        <ele>4502.1</ele>
        <time>2026-06-03T05:23:13Z</time>
        <hdop>3</hdop>
        <extensions>
          <osmand:speed>1.1</osmand:speed>
        </extensions>
      </trkpt>
      <trkpt lat="-13.5848042" lon="-71.3158609">
        <ele>4500.9</ele>
        <time>2026-06-03T05:23:28Z</time>
        <hdop>3</hdop>
        <extensions>
          <osmand:speed>0.8</osmand:speed>
        </extensions>
      </trkpt>
      <trkpt lat="-13.5849008" lon="-71.3158732">
        <ele>4501</ele>
        <time>2026-06-03T05:23:44Z</time>
        <hdop>3</hdop>
        <extensions>
          <osmand:speed>0.9</osmand:speed>
        </extensions>
      </trkpt>
      <trkpt lat="-13.5849925" lon="-71.3159024">
        <ele>4498</ele>
        <time>2026-06-03T05:23:59Z</time>
        <hdop>3</hdop>
        <extensions>
          <osmand:speed>0.9</osmand:speed>
        </extensions>
      </trkpt>
      <trkpt lat="-13.5850755" lon="-71.315945">
        <ele>4498</ele>
        <time>2026-06-03T05:24:14Z</time>
        <hdop>3</hdop>
        <extensions>
          <osmand:speed>0.7</osmand:speed>
        </extensions>
      </trkpt>
      <trkpt lat="-13.5851406" lon="-71.3159994">
        <ele>4497.3</ele>
        <time>2026-06-03T05:24:29Z</time>
        <hdop>3</hdop>
        <extensions>
          <osmand:speed>0.8</osmand:speed>
        </extensions>
      </trkpt>
      <trkpt lat="-13.5852279" lon="-71.3160761">
        <ele>4495.3</ele>
        <time>2026-06-03T05:24:45Z</time>
        <hdop>3</hdop>
        <extensions>
          <osmand:speed>1</osmand:speed>
        </extensions>
      </trkpt>
      <trkpt lat="-13.585351" lon="-71.3161408">
        <ele>4494.7</ele>
        <time>2026-06-03T05:25:00Z</time>
        <hdop>3</hdop>
        <extensions>
          <osmand:speed>0.9</osmand:speed>
        </extensions>
      </trkpt>
      <trkpt lat="-13.5854331" lon="-71.3161473">
        <ele>4492.8</ele>
        <time>2026-06-03T05:25:15Z</time>
        <hdop>3</hdop>
        <extensions>
          <osmand:speed>0.7</osmand:speed>
        </extensions>
      </trkpt>
      <trkpt lat="-13.5855443" lon="-71.3161652">
        <ele>4494.1</ele>
        <time>2026-06-03T05:25:31Z</time>
        <hdop>3</hdop>
        <extensions>
          <osmand:speed>0.9</osmand:speed>
        </extensions>
      </trkpt>
      <trkpt lat="-13.5856221" lon="-71.3161258">
        <ele>4496.9</ele>
        <time>2026-06-03T05:25:46Z</time>
        <hdop>3</hdop>
        <extensions>
          <osmand:speed>0.8</osmand:speed>
        </extensions>
      </trkpt>
      <trkpt lat="-13.5857131" lon="-71.316087">
        <ele>4493.3</ele>
        <time>2026-06-03T05:26:01Z</time>
        <hdop>3</hdop>
        <extensions>
          <osmand:speed>0.9</osmand:speed>
        </extensions>
      </trkpt>
      <trkpt lat="-13.5858236" lon="-71.3160442">
        <ele>4493.7</ele>
        <time>2026-06-03T05:26:17Z</time>
        <hdop>3</hdop>
        <extensions>
          <osmand:speed>0.8</osmand:speed>
        </extensions>
      </trkpt>
      <trkpt lat="-13.5858741" lon="-71.3160528">
        <ele>4491.2</ele>
        <time>2026-06-03T05:26:32Z</time>
        <hdop>3</hdop>
        <extensions>
          <osmand:speed>0.3</osmand:speed>
        </extensions>
      </trkpt>
      <trkpt lat="-13.585904" lon="-71.3160565">
        <ele>4491.7</ele>
        <time>2026-06-03T05:26:47Z</time>
        <hdop>3</hdop>
        <extensions>
          <osmand:speed>0.1</osmand:speed>
        </extensions>
      </trkpt>
      <trkpt lat="-13.585973" lon="-71.3160697">
        <ele>4489.8</ele>
        <time>2026-06-03T05:27:02Z</time>
        <hdop>3</hdop>
        <extensions>
          <osmand:speed>0.3</osmand:speed>
        </extensions>
      </trkpt>
      <trkpt lat="-13.5859972" lon="-71.3160711">
        <ele>4489.9</ele>
        <time>2026-06-03T05:27:18Z</time>
        <hdop>3</hdop>
        <extensions>
          <osmand:speed>0.1</osmand:speed>
        </extensions>
      </trkpt>
      <trkpt lat="-13.5859903" lon="-71.3160699">
        <ele>4489.9</ele>
        <time>2026-06-03T05:27:34Z</time>
        <hdop>3</hdop>
        <extensions>
          <osmand:speed>0.1</osmand:speed>
        </extensions>
      </trkpt>
      <trkpt lat="-13.5860171" lon="-71.3160636">
        <ele>4491.9</ele>
        <time>2026-06-03T05:27:49Z</time>
        <hdop>3</hdop>
        <extensions>
          <osmand:speed>0.1</osmand:speed>
        </extensions>
      </trkpt>
      <trkpt lat="-13.5860663" lon="-71.3160498">
        <ele>4489.6</ele>
        <time>2026-06-03T05:28:05Z</time>
        <hdop>3</hdop>
        <extensions>
          <osmand:speed>0.4</osmand:speed>
        </extensions>
      </trkpt>
      <trkpt lat="-13.586094" lon="-71.3160376">
        <ele>4487.6</ele>
        <time>2026-06-03T05:28:20Z</time>
        <hdop>3</hdop>
        <extensions>
          <osmand:speed>0.4</osmand:speed>
        </extensions>
      </trkpt>
      <trkpt lat="-13.5861009" lon="-71.3160335">
        <ele>4487.2</ele>
        <time>2026-06-03T05:28:36Z</time>
        <hdop>3</hdop>
        <extensions>
          <osmand:speed>0.1</osmand:speed>
        </extensions>
      </trkpt>
      <trkpt lat="-13.5861586" lon="-71.3160106">
        <ele>4483.3</ele>
        <time>2026-06-03T05:28:51Z</time>
        <hdop>3</hdop>
        <extensions>
          <osmand:speed>0.7</osmand:speed>
        </extensions>
      </trkpt>
      <trkpt lat="-13.5862718" lon="-71.3159766">
        <ele>4480.8</ele>
        <time>2026-06-03T05:29:07Z</time>
        <hdop>3</hdop>
        <extensions>
          <osmand:speed>1.1</osmand:speed>
        </extensions>
      </trkpt>
      <trkpt lat="-13.5863882" lon="-71.3159205">
        <ele>4477.6</ele>
        <time>2026-06-03T05:29:22Z</time>
        <hdop>3</hdop>
        <extensions>
          <osmand:speed>1.1</osmand:speed>
        </extensions>
      </trkpt>
      <trkpt lat="-13.5865252" lon="-71.3158912">
        <ele>4475.6</ele>
        <time>2026-06-03T05:29:38Z</time>
        <hdop>3</hdop>
        <extensions>
          <osmand:speed>1.1</osmand:speed>
        </extensions>
      </trkpt>
      <trkpt lat="-13.5866837" lon="-71.3158825">
        <ele>4474.3</ele>
        <time>2026-06-03T05:29:53Z</time>
        <hdop>3</hdop>
        <extensions>
          <osmand:speed>1.2</osmand:speed>
        </extensions>
      </trkpt>
      <trkpt lat="-13.5868014" lon="-71.3158871">
        <ele>4468.8</ele>
        <time>2026-06-03T05:30:09Z</time>
        <hdop>3</hdop>
        <extensions>
          <osmand:speed>1</osmand:speed>
        </extensions>
      </trkpt>
      <trkpt lat="-13.5869809" lon="-71.3158682">
        <ele>4468.1</ele>
        <time>2026-06-03T05:30:24Z</time>
        <hdop>3</hdop>
        <extensions>
          <osmand:speed>1.2</osmand:speed>
        </extensions>
      </trkpt>
      <trkpt lat="-13.5870938" lon="-71.3158439">
        <ele>4465.7</ele>
        <time>2026-06-03T05:30:39Z</time>
        <hdop>3</hdop>
        <extensions>
          <osmand:speed>1</osmand:speed>
        </extensions>
      </trkpt>
      <trkpt lat="-13.587261" lon="-71.3158856">
        <ele>4465</ele>
        <time>2026-06-03T05:30:54Z</time>
        <hdop>3</hdop>
        <extensions>
          <osmand:speed>1.1</osmand:speed>
        </extensions>
      </trkpt>
      <trkpt lat="-13.5874003" lon="-71.315978">
        <ele>4465</ele>
        <time>2026-06-03T05:31:10Z</time>
        <hdop>3</hdop>
        <extensions>
          <osmand:speed>1.1</osmand:speed>
        </extensions>
      </trkpt>
      <trkpt lat="-13.5875411" lon="-71.3160381">
        <ele>4466.3</ele>
        <time>2026-06-03T05:31:25Z</time>
        <hdop>3</hdop>
        <extensions>
          <osmand:speed>1.1</osmand:speed>
        </extensions>
      </trkpt>
      <trkpt lat="-13.5876619" lon="-71.3161103">
        <ele>4464.4</ele>
        <time>2026-06-03T05:31:41Z</time>
        <hdop>3</hdop>
        <extensions>
          <osmand:speed>1.2</osmand:speed>
        </extensions>
      </trkpt>
      <trkpt lat="-13.5877817" lon="-71.3161845">
        <ele>4461.2</ele>
        <time>2026-06-03T05:31:56Z</time>
        <hdop>3</hdop>
        <extensions>
          <osmand:speed>1.1</osmand:speed>
        </extensions>
      </trkpt>
      <trkpt lat="-13.5879059" lon="-71.3162493">
        <ele>4460.1</ele>
        <time>2026-06-03T05:32:11Z</time>
        <hdop>3</hdop>
        <extensions>
          <osmand:speed>1.1</osmand:speed>
        </extensions>
      </trkpt>
      <trkpt lat="-13.5880345" lon="-71.3162223">
        <ele>4459</ele>
        <time>2026-06-03T05:32:26Z</time>
        <hdop>3</hdop>
        <extensions>
          <osmand:speed>1.1</osmand:speed>
        </extensions>
      </trkpt>
      <trkpt lat="-13.5881871" lon="-71.3161862">
        <ele>4462.6</ele>
        <time>2026-06-03T05:32:42Z</time>
        <hdop>3</hdop>
        <extensions>
          <osmand:speed>1</osmand:speed>
        </extensions>
      </trkpt>
      <trkpt lat="-13.5882864" lon="-71.3161403">
        <ele>4460.9</ele>
        <time>2026-06-03T05:32:57Z</time>
        <hdop>3</hdop>
        <extensions>
          <osmand:speed>0.8</osmand:speed>
        </extensions>
      </trkpt>
      <trkpt lat="-13.5883676" lon="-71.3160765">
        <ele>4461</ele>
        <time>2026-06-03T05:33:12Z</time>
        <hdop>3</hdop>
        <extensions>
          <osmand:speed>0.9</osmand:speed>
        </extensions>
      </trkpt>
      <trkpt lat="-13.5884977" lon="-71.3160902">
        <ele>4460.2</ele>
        <time>2026-06-03T05:33:27Z</time>
        <hdop>3</hdop>
        <extensions>
          <osmand:speed>0.9</osmand:speed>
        </extensions>
      </trkpt>
      <trkpt lat="-13.588604" lon="-71.316145">
        <ele>4459.4</ele>
        <time>2026-06-03T05:33:43Z</time>
        <hdop>3</hdop>
        <extensions>
          <osmand:speed>1</osmand:speed>
        </extensions>
      </trkpt>
      <trkpt lat="-13.5886984" lon="-71.3161752">
        <ele>4461.2</ele>
        <time>2026-06-03T05:33:58Z</time>
        <hdop>3</hdop>
        <extensions>
          <osmand:speed>0.6</osmand:speed>
        </extensions>
      </trkpt>
      <trkpt lat="-13.5887847" lon="-71.3162019">
        <ele>4460.6</ele>
        <time>2026-06-03T05:34:14Z</time>
        <hdop>3</hdop>
        <extensions>
          <osmand:speed>0.9</osmand:speed>
        </extensions>
      </trkpt>
      <trkpt lat="-13.5888878" lon="-71.3161696">
        <ele>4458.4</ele>
        <time>2026-06-03T05:34:29Z</time>
        <hdop>3</hdop>
        <extensions>
          <osmand:speed>1</osmand:speed>
        </extensions>
      </trkpt>
      <trkpt lat="-13.5890086" lon="-71.3161414">
        <ele>4456.2</ele>
        <time>2026-06-03T05:34:44Z</time>
        <hdop>3</hdop>
        <extensions>
          <osmand:speed>1</osmand:speed>
        </extensions>
      </trkpt>
      <trkpt lat="-13.5891103" lon="-71.3161348">
        <ele>4452.5</ele>
        <time>2026-06-03T05:34:59Z</time>
        <hdop>3</hdop>
        <extensions>
          <osmand:speed>1</osmand:speed>
        </extensions>
      </trkpt>
      <trkpt lat="-13.5892544" lon="-71.3161524">
        <ele>4451.5</ele>
        <time>2026-06-03T05:35:14Z</time>
        <hdop>3</hdop>
        <extensions>
          <osmand:speed>1.1</osmand:speed>
        </extensions>
      </trkpt>
      <trkpt lat="-13.5893717" lon="-71.3161436">
        <ele>4449</ele>
        <time>2026-06-03T05:35:30Z</time>
        <hdop>3</hdop>
        <extensions>
          <osmand:speed>0.8</osmand:speed>
        </extensions>
      </trkpt>
      <trkpt lat="-13.5894243" lon="-71.316139">
        <ele>4447.5</ele>
        <time>2026-06-03T05:35:45Z</time>
        <hdop>3</hdop>
        <extensions>
          <osmand:speed>0.1</osmand:speed>
        </extensions>
      </trkpt>
      <trkpt lat="-13.5894334" lon="-71.3161325">
        <ele>4447.6</ele>
        <time>2026-06-03T05:36:00Z</time>
        <hdop>3</hdop>
        <extensions>
          <osmand:speed>0.1</osmand:speed>
        </extensions>
      </trkpt>
      <trkpt lat="-13.5894331" lon="-71.3161336">
        <ele>4447.6</ele>
        <time>2026-06-03T05:36:16Z</time>
        <hdop>3</hdop>
        <extensions>
          <osmand:speed>0.1</osmand:speed>
        </extensions>
      </trkpt>
      <trkpt lat="-13.5895189" lon="-71.3161137">
        <ele>4450.6</ele>
        <time>2026-06-03T05:36:31Z</time>
        <hdop>3.1</hdop>
        <extensions>
          <osmand:speed>0.1</osmand:speed>
        </extensions>
      </trkpt>
      <trkpt lat="-13.5895602" lon="-71.3161131">
        <ele>4452.8</ele>
        <time>2026-06-03T05:36:47Z</time>
        <hdop>3</hdop>
        <extensions>
          <osmand:speed>0.1</osmand:speed>
        </extensions>
      </trkpt>
      <trkpt lat="-13.5895681" lon="-71.3161146">
        <ele>4452.8</ele>
        <time>2026-06-03T05:37:02Z</time>
        <hdop>3</hdop>
        <extensions>
          <osmand:speed>0.1</osmand:speed>
        </extensions>
      </trkpt>
      <trkpt lat="-13.5896164" lon="-71.316149">
        <ele>4451</ele>
        <time>2026-06-03T05:37:18Z</time>
        <hdop>3</hdop>
        <extensions>
          <osmand:speed>0.1</osmand:speed>
        </extensions>
      </trkpt>
      <trkpt lat="-13.5896185" lon="-71.3161491">
        <ele>4451</ele>
        <time>2026-06-03T05:37:34Z</time>
        <hdop>3</hdop>
        <extensions>
          <osmand:speed>0.1</osmand:speed>
        </extensions>
      </trkpt>
      <trkpt lat="-13.5896781" lon="-71.3161628">
        <ele>4451.1</ele>
        <time>2026-06-03T05:37:49Z</time>
        <hdop>3</hdop>
        <extensions>
          <osmand:speed>0.7</osmand:speed>
        </extensions>
      </trkpt>
      <trkpt lat="-13.5898192" lon="-71.3161619">
        <ele>4446.5</ele>
        <time>2026-06-03T05:38:05Z</time>
        <hdop>3</hdop>
        <extensions>
          <osmand:speed>0.9</osmand:speed>
        </extensions>
      </trkpt>
      <trkpt lat="-13.5899441" lon="-71.3161939">
        <ele>4447</ele>
        <time>2026-06-03T05:38:20Z</time>
        <hdop>3</hdop>
        <extensions>
          <osmand:speed>1.1</osmand:speed>
        </extensions>
      </trkpt>
      <trkpt lat="-13.5900789" lon="-71.3162461">
        <ele>4445.7</ele>
        <time>2026-06-03T05:38:35Z</time>
        <hdop>3</hdop>
        <extensions>
          <osmand:speed>1.1</osmand:speed>
        </extensions>
      </trkpt>
      <trkpt lat="-13.5901771" lon="-71.3162627">
        <ele>4444.5</ele>
        <time>2026-06-03T05:38:50Z</time>
        <hdop>3</hdop>
        <extensions>
          <osmand:speed>0.7</osmand:speed>
        </extensions>
      </trkpt>
      <trkpt lat="-13.590253" lon="-71.3162671">
        <ele>4444.3</ele>
        <time>2026-06-03T05:39:05Z</time>
        <hdop>3</hdop>
        <extensions>
          <osmand:speed>0.8</osmand:speed>
        </extensions>
      </trkpt>
      <trkpt lat="-13.590357" lon="-71.3162734">
        <ele>4443.2</ele>
        <time>2026-06-03T05:39:20Z</time>
        <hdop>3</hdop>
        <extensions>
          <osmand:speed>0.9</osmand:speed>
        </extensions>
      </trkpt>
      <trkpt lat="-13.5903776" lon="-71.3162725">
        <ele>4442.9</ele>
        <time>2026-06-03T05:39:36Z</time>
        <hdop>3</hdop>
        <extensions>
          <osmand:speed>0.1</osmand:speed>
        </extensions>
      </trkpt>
      <trkpt lat="-13.5904377" lon="-71.3162799">
        <ele>4440.3</ele>
        <time>2026-06-03T05:39:51Z</time>
        <hdop>3</hdop>
        <extensions>
          <osmand:speed>0.5</osmand:speed>
        </extensions>
      </trkpt>
      <trkpt lat="-13.5905396" lon="-71.316272">
        <ele>4438.8</ele>
        <time>2026-06-03T05:40:07Z</time>
        <hdop>3</hdop>
        <extensions>
          <osmand:speed>0.7</osmand:speed>
        </extensions>
      </trkpt>
      <trkpt lat="-13.5906166" lon="-71.3162384">
        <ele>4436.7</ele>
        <time>2026-06-03T05:40:22Z</time>
        <hdop>3</hdop>
        <extensions>
          <osmand:speed>1</osmand:speed>
        </extensions>
      </trkpt>
      <trkpt lat="-13.5907653" lon="-71.3162094">
        <ele>4433.4</ele>
        <time>2026-06-03T05:40:37Z</time>
        <hdop>3</hdop>
        <extensions>
          <osmand:speed>1.3</osmand:speed>
        </extensions>
      </trkpt>
      <trkpt lat="-13.5909367" lon="-71.3161963">
        <ele>4430</ele>
        <time>2026-06-03T05:40:53Z</time>
        <hdop>3</hdop>
        <extensions>
          <osmand:speed>1.1</osmand:speed>
        </extensions>
      </trkpt>
      <trkpt lat="-13.591069" lon="-71.316148">
        <ele>4429.3</ele>
        <time>2026-06-03T05:41:08Z</time>
        <hdop>3</hdop>
        <extensions>
          <osmand:speed>1.1</osmand:speed>
        </extensions>
      </trkpt>
      <trkpt lat="-13.5912202" lon="-71.3160913">
        <ele>4429.6</ele>
        <time>2026-06-03T05:41:23Z</time>
        <hdop>3</hdop>
        <extensions>
          <osmand:speed>1.1</osmand:speed>
        </extensions>
      </trkpt>
      <trkpt lat="-13.591351" lon="-71.3160884">
        <ele>4426.5</ele>
        <time>2026-06-03T05:41:38Z</time>
        <hdop>3</hdop>
        <extensions>
          <osmand:speed>1.1</osmand:speed>
        </extensions>
      </trkpt>
      <trkpt lat="-13.5914735" lon="-71.3161025">
        <ele>4428.8</ele>
        <time>2026-06-03T05:41:53Z</time>
        <hdop>3</hdop>
        <extensions>
          <osmand:speed>1</osmand:speed>
        </extensions>
      </trkpt>
      <trkpt lat="-13.5915825" lon="-71.3161267">
        <ele>4427.7</ele>
        <time>2026-06-03T05:42:08Z</time>
        <hdop>3</hdop>
        <extensions>
          <osmand:speed>0.8</osmand:speed>
        </extensions>
      </trkpt>
      <trkpt lat="-13.5916195" lon="-71.3161349">
        <ele>4426.4</ele>
        <time>2026-06-03T05:42:23Z</time>
        <hdop>3</hdop>
        <extensions>
          <osmand:speed>0.4</osmand:speed>
        </extensions>
      </trkpt>
      <trkpt lat="-13.5916808" lon="-71.3161148">
        <ele>4425</ele>
        <time>2026-06-03T05:42:39Z</time>
        <hdop>3</hdop>
        <extensions>
          <osmand:speed>0.2</osmand:speed>
        </extensions>
      </trkpt>
      <trkpt lat="-13.5916861" lon="-71.3161223">
        <ele>4424.8</ele>
        <time>2026-06-03T05:42:55Z</time>
        <hdop>3</hdop>
        <extensions>
          <osmand:speed>0.1</osmand:speed>
        </extensions>
      </trkpt>
      <trkpt lat="-13.5917692" lon="-71.3161496">
        <ele>4427.1</ele>
        <time>2026-06-03T05:43:10Z</time>
        <hdop>3</hdop>
        <extensions>
          <osmand:speed>0.9</osmand:speed>
        </extensions>
      </trkpt>
      <trkpt lat="-13.5918601" lon="-71.316178">
        <ele>4428.2</ele>
        <time>2026-06-03T05:43:25Z</time>
        <hdop>3</hdop>
        <extensions>
          <osmand:speed>0.7</osmand:speed>
        </extensions>
      </trkpt>
      <trkpt lat="-13.5919236" lon="-71.3162306">
        <ele>4428.9</ele>
        <time>2026-06-03T05:43:41Z</time>
        <hdop>3</hdop>
        <extensions>
          <osmand:speed>0.8</osmand:speed>
        </extensions>
      </trkpt>
      <trkpt lat="-13.5919978" lon="-71.3162858">
        <ele>4430.9</ele>
        <time>2026-06-03T05:43:56Z</time>
        <hdop>3</hdop>
        <extensions>
          <osmand:speed>0.7</osmand:speed>
        </extensions>
      </trkpt>
      <trkpt lat="-13.592052" lon="-71.3163021">
        <ele>4431.9</ele>
        <time>2026-06-03T05:44:11Z</time>
        <hdop>3</hdop>
        <extensions>
          <osmand:speed>0.7</osmand:speed>
        </extensions>
      </trkpt>
      <trkpt lat="-13.5921471" lon="-71.316331">
        <ele>4432.7</ele>
        <time>2026-06-03T05:44:26Z</time>
        <hdop>3</hdop>
        <extensions>
          <osmand:speed>0.6</osmand:speed>
        </extensions>
      </trkpt>
      <trkpt lat="-13.5922433" lon="-71.3163373">
        <ele>4434.4</ele>
        <time>2026-06-03T05:44:41Z</time>
        <hdop>3</hdop>
        <extensions>
          <osmand:speed>0.8</osmand:speed>
        </extensions>
      </trkpt>
      <trkpt lat="-13.5923464" lon="-71.3163855">
        <ele>4435.9</ele>
        <time>2026-06-03T05:44:57Z</time>
        <hdop>3</hdop>
        <extensions>
          <osmand:speed>0.9</osmand:speed>
        </extensions>
      </trkpt>
      <trkpt lat="-13.592441" lon="-71.3163841">
        <ele>4436</ele>
        <time>2026-06-03T05:45:12Z</time>
        <hdop>3</hdop>
        <extensions>
          <osmand:speed>0.8</osmand:speed>
        </extensions>
      </trkpt>
      <trkpt lat="-13.5924972" lon="-71.3164031">
        <ele>4437.7</ele>
        <time>2026-06-03T05:45:28Z</time>
        <hdop>3</hdop>
        <extensions>
          <osmand:speed>0.6</osmand:speed>
        </extensions>
      </trkpt>
      <trkpt lat="-13.5925984" lon="-71.316433">
        <ele>4440.5</ele>
        <time>2026-06-03T05:45:43Z</time>
        <hdop>3</hdop>
        <extensions>
          <osmand:speed>0.9</osmand:speed>
        </extensions>
      </trkpt>
      <trkpt lat="-13.5926792" lon="-71.3164869">
        <ele>4442.2</ele>
        <time>2026-06-03T05:45:58Z</time>
        <hdop>3</hdop>
        <extensions>
          <osmand:speed>0.8</osmand:speed>
        </extensions>
      </trkpt>
      <trkpt lat="-13.5927177" lon="-71.3165105">
        <ele>4444</ele>
        <time>2026-06-03T05:46:13Z</time>
        <hdop>3</hdop>
        <extensions>
          <osmand:speed>0.1</osmand:speed>
        </extensions>
      </trkpt>
      <trkpt lat="-13.5927204" lon="-71.3165111">
        <ele>4444</ele>
        <time>2026-06-03T05:46:29Z</time>
        <hdop>3</hdop>
        <extensions>
          <osmand:speed>0.1</osmand:speed>
        </extensions>
      </trkpt>
      <trkpt lat="-13.5927189" lon="-71.3165114">
        <ele>4444</ele>
        <time>2026-06-03T05:46:45Z</time>
        <hdop>3</hdop>
        <extensions>
          <osmand:speed>0.1</osmand:speed>
        </extensions>
      </trkpt>
      <trkpt lat="-13.5927193" lon="-71.3165103">
        <ele>4444</ele>
        <time>2026-06-03T05:47:01Z</time>
        <hdop>3</hdop>
        <extensions>
          <osmand:speed>0.1</osmand:speed>
        </extensions>
      </trkpt>
      <trkpt lat="-13.592721" lon="-71.3165106">
        <ele>4444</ele>
        <time>2026-06-03T05:47:17Z</time>
        <hdop>3</hdop>
        <extensions>
          <osmand:speed>0.1</osmand:speed>
        </extensions>
      </trkpt>
      <trkpt lat="-13.592715" lon="-71.3165117">
        <ele>4443.7</ele>
        <time>2026-06-03T05:47:33Z</time>
        <hdop>1.6</hdop>
      </trkpt>
      <trkpt lat="-13.5927" lon="-71.316525">
        <ele>4442.4</ele>
        <time>2026-06-03T05:47:48Z</time>
        <hdop>1.6</hdop>
      </trkpt>
      <trkpt lat="-13.5927" lon="-71.316525">
        <ele>4442.4</ele>
        <time>2026-06-03T05:48:04Z</time>
        <hdop>1.5</hdop>
      </trkpt>
      <trkpt lat="-13.5927867" lon="-71.3165117">
        <ele>4442.4</ele>
        <time>2026-06-03T05:48:20Z</time>
        <hdop>1.7</hdop>
        <extensions>
          <osmand:speed>0.7</osmand:speed>
        </extensions>
      </trkpt>
      <trkpt lat="-13.5928578" lon="-71.3165465">
        <ele>4443.9</ele>
        <time>2026-06-03T05:48:35Z</time>
        <hdop>2.8</hdop>
        <extensions>
          <osmand:speed>0.8</osmand:speed>
        </extensions>
      </trkpt>
      <trkpt lat="-13.5929686" lon="-71.3165794">
        <ele>4447.1</ele>
        <time>2026-06-03T05:48:50Z</time>
        <hdop>3</hdop>
        <extensions>
          <osmand:speed>0.8</osmand:speed>
        </extensions>
      </trkpt>
      <trkpt lat="-13.593052" lon="-71.3166189">
        <ele>4446.9</ele>
        <time>2026-06-03T05:49:06Z</time>
        <hdop>3</hdop>
        <extensions>
          <osmand:speed>0.9</osmand:speed>
        </extensions>
      </trkpt>
      <trkpt lat="-13.5931517" lon="-71.3166703">
        <ele>4445.6</ele>
        <time>2026-06-03T05:49:21Z</time>
        <hdop>3</hdop>
        <extensions>
          <osmand:speed>0.8</osmand:speed>
        </extensions>
      </trkpt>
      <trkpt lat="-13.5931793" lon="-71.3166832">
        <ele>4445.2</ele>
        <time>2026-06-03T05:49:36Z</time>
        <hdop>3</hdop>
        <extensions>
          <osmand:speed>0.1</osmand:speed>
        </extensions>
      </trkpt>
      <trkpt lat="-13.5931801" lon="-71.3166784">
        <ele>4445.2</ele>
        <time>2026-06-03T05:49:52Z</time>
        <hdop>3</hdop>
        <extensions>
          <osmand:speed>0.1</osmand:speed>
        </extensions>
      </trkpt>
      <trkpt lat="-13.593197" lon="-71.3167192">
        <ele>4447</ele>
        <time>2026-06-03T05:50:08Z</time>
        <hdop>3</hdop>
        <extensions>
          <osmand:speed>0.1</osmand:speed>
        </extensions>
      </trkpt>
      <trkpt lat="-13.5932068" lon="-71.316744">
        <ele>4447</ele>
        <time>2026-06-03T05:50:24Z</time>
        <hdop>3</hdop>
        <extensions>
          <osmand:speed>0.1</osmand:speed>
        </extensions>
      </trkpt>
      <trkpt lat="-13.5932075" lon="-71.3167497">
        <ele>4447</ele>
        <time>2026-06-03T05:50:40Z</time>
        <hdop>3</hdop>
        <extensions>
          <osmand:speed>0.1</osmand:speed>
        </extensions>
      </trkpt>
      <trkpt lat="-13.5932203" lon="-71.3166897">
        <ele>4444.7</ele>
        <time>2026-06-03T05:50:55Z</time>
        <hdop>3</hdop>
        <extensions>
          <osmand:speed>0.1</osmand:speed>
        </extensions>
      </trkpt>
      <trkpt lat="-13.5933674" lon="-71.3167185">
        <ele>4446.1</ele>
        <time>2026-06-03T05:51:11Z</time>
        <hdop>3.6</hdop>
        <extensions>
          <osmand:speed>1</osmand:speed>
        </extensions>
      </trkpt>
      <trkpt lat="-13.5934704" lon="-71.3167614">
        <ele>4445.6</ele>
        <time>2026-06-03T05:51:26Z</time>
        <hdop>3</hdop>
        <extensions>
          <osmand:speed>1</osmand:speed>
        </extensions>
      </trkpt>
      <trkpt lat="-13.5936005" lon="-71.3167694">
        <ele>4449.1</ele>
        <time>2026-06-03T05:51:41Z</time>
        <hdop>3</hdop>
        <extensions>
          <osmand:speed>0.9</osmand:speed>
        </extensions>
      </trkpt>
      <trkpt lat="-13.5936739" lon="-71.3167911">
        <ele>4450.8</ele>
        <time>2026-06-03T05:51:56Z</time>
        <hdop>3</hdop>
        <extensions>
          <osmand:speed>0.7</osmand:speed>
        </extensions>
      </trkpt>
      <trkpt lat="-13.5936823" lon="-71.316856">
        <ele>4454</ele>
        <time>2026-06-03T05:52:12Z</time>
        <hdop>3</hdop>
        <extensions>
          <osmand:speed>0.4</osmand:speed>
        </extensions>
      </trkpt>
      <trkpt lat="-13.5936869" lon="-71.3169046">
        <ele>4456.6</ele>
        <time>2026-06-03T05:52:27Z</time>
        <hdop>3</hdop>
        <extensions>
          <osmand:speed>0.6</osmand:speed>
        </extensions>
      </trkpt>
      <trkpt lat="-13.5937448" lon="-71.3169644">
        <ele>4455.2</ele>
        <time>2026-06-03T05:52:43Z</time>
        <hdop>3</hdop>
        <extensions>
          <osmand:speed>0.5</osmand:speed>
        </extensions>
      </trkpt>
      <trkpt lat="-13.5938015" lon="-71.3169915">
        <ele>4453.7</ele>
        <time>2026-06-03T05:52:59Z</time>
        <hdop>3</hdop>
        <extensions>
          <osmand:speed>0.8</osmand:speed>
        </extensions>
      </trkpt>
      <trkpt lat="-13.5937945" lon="-71.3169862">
        <ele>4453.5</ele>
        <time>2026-06-03T05:53:14Z</time>
        <hdop>3</hdop>
        <extensions>
          <osmand:speed>0.1</osmand:speed>
        </extensions>
      </trkpt>
      <trkpt lat="-13.5937934" lon="-71.3169843">
        <ele>4453.5</ele>
        <time>2026-06-03T05:53:30Z</time>
        <hdop>3</hdop>
        <extensions>
          <osmand:speed>0.1</osmand:speed>
        </extensions>
      </trkpt>
      <trkpt lat="-13.5937934" lon="-71.316984">
        <ele>4453.5</ele>
        <time>2026-06-03T05:53:46Z</time>
        <hdop>3</hdop>
        <extensions>
          <osmand:speed>0.1</osmand:speed>
        </extensions>
      </trkpt>
      <trkpt lat="-13.5937858" lon="-71.3169924">
        <ele>4457.3</ele>
        <time>2026-06-03T05:54:02Z</time>
        <hdop>3</hdop>
        <extensions>
          <osmand:speed>0.1</osmand:speed>
        </extensions>
      </trkpt>
      <trkpt lat="-13.593785" lon="-71.3170017">
        <ele>4457.3</ele>
        <time>2026-06-03T05:54:18Z</time>
        <hdop>1.8</hdop>
      </trkpt>
      <trkpt lat="-13.5938" lon="-71.3169917">
        <ele>4462</ele>
        <time>2026-06-03T05:54:34Z</time>
        <hdop>1.7</hdop>
      </trkpt>
      <trkpt lat="-13.5938" lon="-71.3169917">
        <ele>4462</ele>
        <time>2026-06-03T05:54:50Z</time>
        <hdop>1.7</hdop>
      </trkpt>
      <trkpt lat="-13.5938" lon="-71.3169917">
        <ele>4462</ele>
        <time>2026-06-03T05:55:06Z</time>
        <hdop>1.6</hdop>
      </trkpt>
      <trkpt lat="-13.5938" lon="-71.3169917">
        <ele>4462</ele>
        <time>2026-06-03T05:55:22Z</time>
        <hdop>1.6</hdop>
      </trkpt>
      <trkpt lat="-13.5938" lon="-71.3169917">
        <ele>4462</ele>
        <time>2026-06-03T05:55:37Z</time>
        <hdop>1.7</hdop>
      </trkpt>
      <trkpt lat="-13.59381" lon="-71.317015">
        <ele>4455.6</ele>
        <time>2026-06-03T05:55:53Z</time>
        <hdop>1.6</hdop>
      </trkpt>
      <trkpt lat="-13.59381" lon="-71.317015">
        <ele>4455.6</ele>
        <time>2026-06-03T05:56:09Z</time>
        <hdop>1.6</hdop>
      </trkpt>
      <trkpt lat="-13.59381" lon="-71.317015">
        <ele>4455.6</ele>
        <time>2026-06-03T05:56:25Z</time>
        <hdop>1.6</hdop>
      </trkpt>
      <trkpt lat="-13.59381" lon="-71.317015">
        <ele>4455.6</ele>
        <time>2026-06-03T05:56:41Z</time>
        <hdop>1.5</hdop>
      </trkpt>
      <trkpt lat="-13.59385" lon="-71.3170083">
        <ele>4455.6</ele>
        <time>2026-06-03T05:56:57Z</time>
        <hdop>1.6</hdop>
        <extensions>
          <osmand:speed>0.6</osmand:speed>
        </extensions>
      </trkpt>
      <trkpt lat="-13.5939675" lon="-71.3170124">
        <ele>4453.9</ele>
        <time>2026-06-03T05:57:12Z</time>
        <hdop>3</hdop>
        <extensions>
          <osmand:speed>0.9</osmand:speed>
        </extensions>
      </trkpt>
      <trkpt lat="-13.5940709" lon="-71.3169989">
        <ele>4455.1</ele>
        <time>2026-06-03T05:57:27Z</time>
        <hdop>3</hdop>
        <extensions>
          <osmand:speed>0.7</osmand:speed>
        </extensions>
      </trkpt>
      <trkpt lat="-13.5941511" lon="-71.3170241">
        <ele>4460.3</ele>
        <time>2026-06-03T05:57:43Z</time>
        <hdop>3</hdop>
        <extensions>
          <osmand:speed>0.6</osmand:speed>
        </extensions>
      </trkpt>
      <trkpt lat="-13.5942482" lon="-71.3170408">
        <ele>4461.4</ele>
        <time>2026-06-03T05:57:59Z</time>
        <hdop>3</hdop>
        <extensions>
          <osmand:speed>0.9</osmand:speed>
        </extensions>
      </trkpt>
      <trkpt lat="-13.5942798" lon="-71.3171024">
        <ele>4463.1</ele>
        <time>2026-06-03T05:58:14Z</time>
        <hdop>3</hdop>
        <extensions>
          <osmand:speed>0.8</osmand:speed>
        </extensions>
      </trkpt>
      <trkpt lat="-13.5943349" lon="-71.3171622">
        <ele>4463.4</ele>
        <time>2026-06-03T05:58:29Z</time>
        <hdop>3</hdop>
        <extensions>
          <osmand:speed>0.4</osmand:speed>
        </extensions>
      </trkpt>
      <trkpt lat="-13.5943918" lon="-71.3172091">
        <ele>4463.2</ele>
        <time>2026-06-03T05:58:44Z</time>
        <hdop>3</hdop>
        <extensions>
          <osmand:speed>0.8</osmand:speed>
        </extensions>
      </trkpt>
      <trkpt lat="-13.5944425" lon="-71.3173135">
        <ele>4461.7</ele>
        <time>2026-06-03T05:58:59Z</time>
        <hdop>3</hdop>
        <extensions>
          <osmand:speed>0.9</osmand:speed>
        </extensions>
      </trkpt>
      <trkpt lat="-13.594448" lon="-71.3173245">
        <ele>4462.2</ele>
        <time>2026-06-03T05:59:15Z</time>
        <hdop>3</hdop>
        <extensions>
          <osmand:speed>0.1</osmand:speed>
        </extensions>
      </trkpt>
      <trkpt lat="-13.5944493" lon="-71.317323">
        <ele>4462.2</ele>
        <time>2026-06-03T05:59:31Z</time>
        <hdop>3</hdop>
        <extensions>
          <osmand:speed>0.1</osmand:speed>
        </extensions>
      </trkpt>
      <trkpt lat="-13.5944498" lon="-71.3173239">
        <ele>4462.2</ele>
        <time>2026-06-03T05:59:47Z</time>
        <hdop>3</hdop>
        <extensions>
          <osmand:speed>0.1</osmand:speed>
        </extensions>
      </trkpt>
      <trkpt lat="-13.5944507" lon="-71.3173254">
        <ele>4462.2</ele>
        <time>2026-06-03T06:00:03Z</time>
        <hdop>3</hdop>
        <extensions>
          <osmand:speed>0.1</osmand:speed>
        </extensions>
      </trkpt>
      <trkpt lat="-13.5944567" lon="-71.3173262">
        <ele>4463.2</ele>
        <time>2026-06-03T06:00:19Z</time>
        <hdop>3</hdop>
        <extensions>
          <osmand:speed>0.1</osmand:speed>
        </extensions>
      </trkpt>
      <trkpt lat="-13.5944705" lon="-71.3173271">
        <ele>4463.2</ele>
        <time>2026-06-03T06:00:35Z</time>
        <hdop>3</hdop>
        <extensions>
          <osmand:speed>0</osmand:speed>
        </extensions>
      </trkpt>
      <trkpt lat="-13.5944755" lon="-71.3173286">
        <ele>4469.8</ele>
        <time>2026-06-03T06:00:51Z</time>
        <hdop>3</hdop>
        <extensions>
          <osmand:speed>0</osmand:speed>
        </extensions>
      </trkpt>
      <trkpt lat="-13.5945059" lon="-71.3173584">
        <ele>4467.8</ele>
        <time>2026-06-03T06:01:06Z</time>
        <hdop>3</hdop>
        <extensions>
          <osmand:speed>0.7</osmand:speed>
        </extensions>
      </trkpt>
      <trkpt lat="-13.5945853" lon="-71.317448">
        <ele>4461.4</ele>
        <time>2026-06-03T06:01:22Z</time>
        <hdop>3</hdop>
        <extensions>
          <osmand:speed>0.9</osmand:speed>
        </extensions>
      </trkpt>
      <trkpt lat="-13.5946655" lon="-71.3175153">
        <ele>4464.1</ele>
        <time>2026-06-03T06:01:37Z</time>
        <hdop>3</hdop>
        <extensions>
          <osmand:speed>0.8</osmand:speed>
        </extensions>
      </trkpt>
      <trkpt lat="-13.5947175" lon="-71.3175856">
        <ele>4467.4</ele>
        <time>2026-06-03T06:01:53Z</time>
        <hdop>3</hdop>
        <extensions>
          <osmand:speed>0.9</osmand:speed>
        </extensions>
      </trkpt>
      <trkpt lat="-13.5947988" lon="-71.3176636">
        <ele>4469.3</ele>
        <time>2026-06-03T06:02:08Z</time>
        <hdop>3</hdop>
        <extensions>
          <osmand:speed>0.9</osmand:speed>
        </extensions>
      </trkpt>
      <trkpt lat="-13.5948232" lon="-71.3177529">
        <ele>4467.1</ele>
        <time>2026-06-03T06:02:23Z</time>
        <hdop>3</hdop>
        <extensions>
          <osmand:speed>0.7</osmand:speed>
        </extensions>
      </trkpt>
      <trkpt lat="-13.5948858" lon="-71.3178396">
        <ele>4471.3</ele>
        <time>2026-06-03T06:02:39Z</time>
        <hdop>3</hdop>
        <extensions>
          <osmand:speed>0.8</osmand:speed>
        </extensions>
      </trkpt>
      <trkpt lat="-13.5949598" lon="-71.3178973">
        <ele>4472.6</ele>
        <time>2026-06-03T06:02:54Z</time>
        <hdop>3</hdop>
        <extensions>
          <osmand:speed>0.8</osmand:speed>
        </extensions>
      </trkpt>
      <trkpt lat="-13.595033" lon="-71.3179751">
        <ele>4475.4</ele>
        <time>2026-06-03T06:03:09Z</time>
        <hdop>3</hdop>
        <extensions>
          <osmand:speed>0.7</osmand:speed>
        </extensions>
      </trkpt>
      <trkpt lat="-13.5950697" lon="-71.3180728">
        <ele>4472.3</ele>
        <time>2026-06-03T06:03:25Z</time>
        <hdop>3</hdop>
        <extensions>
          <osmand:speed>0.8</osmand:speed>
        </extensions>
      </trkpt>
      <trkpt lat="-13.5951814" lon="-71.3181015">
        <ele>4474.6</ele>
        <time>2026-06-03T06:03:40Z</time>
        <hdop>3</hdop>
        <extensions>
          <osmand:speed>0.8</osmand:speed>
        </extensions>
      </trkpt>
      <trkpt lat="-13.5952221" lon="-71.3181533">
        <ele>4472.5</ele>
        <time>2026-06-03T06:03:55Z</time>
        <hdop>3</hdop>
        <extensions>
          <osmand:speed>0.6</osmand:speed>
        </extensions>
      </trkpt>
      <trkpt lat="-13.5953059" lon="-71.3182223">
        <ele>4472.5</ele>
        <time>2026-06-03T06:04:10Z</time>
        <hdop>3</hdop>
        <extensions>
          <osmand:speed>0.8</osmand:speed>
        </extensions>
      </trkpt>
      <trkpt lat="-13.5953905" lon="-71.318256">
        <ele>4472.8</ele>
        <time>2026-06-03T06:04:26Z</time>
        <hdop>3</hdop>
        <extensions>
          <osmand:speed>0.4</osmand:speed>
        </extensions>
      </trkpt>
      <trkpt lat="-13.5954147" lon="-71.3183025">
        <ele>4471.1</ele>
        <time>2026-06-03T06:04:41Z</time>
        <hdop>3</hdop>
        <extensions>
          <osmand:speed>0.7</osmand:speed>
        </extensions>
      </trkpt>
      <trkpt lat="-13.5955157" lon="-71.3183486">
        <ele>4476</ele>
        <time>2026-06-03T06:04:56Z</time>
        <hdop>3</hdop>
        <extensions>
          <osmand:speed>0.8</osmand:speed>
        </extensions>
      </trkpt>
      <trkpt lat="-13.5955884" lon="-71.3183988">
        <ele>4476.7</ele>
        <time>2026-06-03T06:05:12Z</time>
        <hdop>3</hdop>
        <extensions>
          <osmand:speed>0.8</osmand:speed>
        </extensions>
      </trkpt>
      <trkpt lat="-13.5956521" lon="-71.3184294">
        <ele>4482.7</ele>
        <time>2026-06-03T06:05:27Z</time>
        <hdop>3</hdop>
        <extensions>
          <osmand:speed>0.7</osmand:speed>
        </extensions>
      </trkpt>
      <trkpt lat="-13.5957103" lon="-71.3184846">
        <ele>4482.2</ele>
        <time>2026-06-03T06:05:43Z</time>
        <hdop>3</hdop>
        <extensions>
          <osmand:speed>0.7</osmand:speed>
        </extensions>
      </trkpt>
      <trkpt lat="-13.5957438" lon="-71.3185548">
        <ele>4482.8</ele>
        <time>2026-06-03T06:05:58Z</time>
        <hdop>3</hdop>
        <extensions>
          <osmand:speed>0.7</osmand:speed>
        </extensions>
      </trkpt>
      <trkpt lat="-13.5957447" lon="-71.3186457">
        <ele>4480.8</ele>
        <time>2026-06-03T06:06:13Z</time>
        <hdop>3</hdop>
        <extensions>
          <osmand:speed>0.8</osmand:speed>
        </extensions>
      </trkpt>
      <trkpt lat="-13.5957553" lon="-71.3187383">
        <ele>4481.8</ele>
        <time>2026-06-03T06:06:29Z</time>
        <hdop>3</hdop>
        <extensions>
          <osmand:speed>0.8</osmand:speed>
        </extensions>
      </trkpt>
      <trkpt lat="-13.5958203" lon="-71.3188646">
        <ele>4479.7</ele>
        <time>2026-06-03T06:06:44Z</time>
        <hdop>3</hdop>
        <extensions>
          <osmand:speed>0.9</osmand:speed>
        </extensions>
      </trkpt>
      <trkpt lat="-13.595833" lon="-71.318954">
        <ele>4480.6</ele>
        <time>2026-06-03T06:06:59Z</time>
        <hdop>3</hdop>
        <extensions>
          <osmand:speed>0.8</osmand:speed>
        </extensions>
      </trkpt>
      <trkpt lat="-13.5958506" lon="-71.319067">
        <ele>4480.7</ele>
        <time>2026-06-03T06:07:14Z</time>
        <hdop>3</hdop>
        <extensions>
          <osmand:speed>0.9</osmand:speed>
        </extensions>
      </trkpt>
      <trkpt lat="-13.5958513" lon="-71.3191789">
        <ele>4472.9</ele>
        <time>2026-06-03T06:07:30Z</time>
        <hdop>3</hdop>
        <extensions>
          <osmand:speed>0.8</osmand:speed>
        </extensions>
      </trkpt>
      <trkpt lat="-13.5958642" lon="-71.3192805">
        <ele>4472.6</ele>
        <time>2026-06-03T06:07:45Z</time>
        <hdop>3</hdop>
        <extensions>
          <osmand:speed>0.8</osmand:speed>
        </extensions>
      </trkpt>
      <trkpt lat="-13.5958625" lon="-71.3192386">
        <ele>4473.8</ele>
        <time>2026-06-03T06:08:01Z</time>
        <hdop>3</hdop>
        <extensions>
          <osmand:speed>0.1</osmand:speed>
        </extensions>
      </trkpt>
      <trkpt lat="-13.5958614" lon="-71.3192432">
        <ele>4484.1</ele>
        <time>2026-06-03T06:08:17Z</time>
        <hdop>3</hdop>
        <extensions>
          <osmand:speed>0.1</osmand:speed>
        </extensions>
      </trkpt>
      <trkpt lat="-13.5958251" lon="-71.3193516">
        <ele>4479.6</ele>
        <time>2026-06-03T06:08:33Z</time>
        <hdop>3</hdop>
        <extensions>
          <osmand:speed>0.7</osmand:speed>
        </extensions>
      </trkpt>
      <trkpt lat="-13.5957976" lon="-71.3194391">
        <ele>4478.8</ele>
        <time>2026-06-03T06:08:48Z</time>
        <hdop>3</hdop>
        <extensions>
          <osmand:speed>0.8</osmand:speed>
        </extensions>
      </trkpt>
      <trkpt lat="-13.5957747" lon="-71.319595">
        <ele>4478.1</ele>
        <time>2026-06-03T06:09:04Z</time>
        <hdop>3</hdop>
        <extensions>
          <osmand:speed>1</osmand:speed>
        </extensions>
      </trkpt>
      <trkpt lat="-13.5957641" lon="-71.3197399">
        <ele>4481.5</ele>
        <time>2026-06-03T06:09:19Z</time>
        <hdop>3</hdop>
        <extensions>
          <osmand:speed>1</osmand:speed>
        </extensions>
      </trkpt>
      <trkpt lat="-13.595761" lon="-71.3198561">
        <ele>4484.4</ele>
        <time>2026-06-03T06:09:34Z</time>
        <hdop>3</hdop>
        <extensions>
          <osmand:speed>1.1</osmand:speed>
        </extensions>
      </trkpt>
      <trkpt lat="-13.5958288" lon="-71.3199959">
        <ele>4484.3</ele>
        <time>2026-06-03T06:09:49Z</time>
        <hdop>3</hdop>
        <extensions>
          <osmand:speed>1.1</osmand:speed>
        </extensions>
      </trkpt>
      <trkpt lat="-13.5958847" lon="-71.320121">
        <ele>4483</ele>
        <time>2026-06-03T06:10:04Z</time>
        <hdop>3</hdop>
        <extensions>
          <osmand:speed>1</osmand:speed>
        </extensions>
      </trkpt>
      <trkpt lat="-13.5959871" lon="-71.3202404">
        <ele>4482.4</ele>
        <time>2026-06-03T06:10:20Z</time>
        <hdop>3</hdop>
        <extensions>
          <osmand:speed>1.1</osmand:speed>
        </extensions>
      </trkpt>
      <trkpt lat="-13.5960806" lon="-71.3203436">
        <ele>4484.7</ele>
        <time>2026-06-03T06:10:35Z</time>
        <hdop>3</hdop>
        <extensions>
          <osmand:speed>1</osmand:speed>
        </extensions>
      </trkpt>
      <trkpt lat="-13.5961732" lon="-71.3204314">
        <ele>4484.5</ele>
        <time>2026-06-03T06:10:50Z</time>
        <hdop>3</hdop>
        <extensions>
          <osmand:speed>1</osmand:speed>
        </extensions>
      </trkpt>
      <trkpt lat="-13.5962661" lon="-71.3205176">
        <ele>4483.6</ele>
        <time>2026-06-03T06:11:06Z</time>
        <hdop>3</hdop>
        <extensions>
          <osmand:speed>1.1</osmand:speed>
        </extensions>
      </trkpt>
      <trkpt lat="-13.5963374" lon="-71.3205969">
        <ele>4483.3</ele>
        <time>2026-06-03T06:11:21Z</time>
        <hdop>3</hdop>
        <extensions>
          <osmand:speed>1</osmand:speed>
        </extensions>
      </trkpt>
      <trkpt lat="-13.5963932" lon="-71.320591">
        <ele>4484.7</ele>
        <time>2026-06-03T06:11:36Z</time>
        <hdop>3</hdop>
        <extensions>
          <osmand:speed>0.1</osmand:speed>
        </extensions>
      </trkpt>
      <trkpt lat="-13.5964135" lon="-71.3205028">
        <ele>4486.5</ele>
        <time>2026-06-03T06:11:52Z</time>
        <hdop>3</hdop>
        <extensions>
          <osmand:speed>0.2</osmand:speed>
        </extensions>
      </trkpt>
      <trkpt lat="-13.5964068" lon="-71.3204944">
        <ele>4485.4</ele>
        <time>2026-06-03T06:12:08Z</time>
        <hdop>3</hdop>
        <extensions>
          <osmand:speed>0.1</osmand:speed>
        </extensions>
      </trkpt>
      <trkpt lat="-13.5964027" lon="-71.3204846">
        <ele>4487.4</ele>
        <time>2026-06-03T06:12:24Z</time>
        <hdop>3</hdop>
        <extensions>
          <osmand:speed>0.1</osmand:speed>
        </extensions>
      </trkpt>
      <trkpt lat="-13.5964024" lon="-71.3204858">
        <ele>4487.4</ele>
        <time>2026-06-03T06:12:39Z</time>
        <hdop>3</hdop>
        <extensions>
          <osmand:speed>0.1</osmand:speed>
        </extensions>
      </trkpt>
      <trkpt lat="-13.596403" lon="-71.3204871">
        <ele>4487.4</ele>
        <time>2026-06-03T06:12:55Z</time>
        <hdop>3</hdop>
        <extensions>
          <osmand:speed>0.1</osmand:speed>
        </extensions>
      </trkpt>
      <trkpt lat="-13.5964028" lon="-71.3204842">
        <ele>4487.4</ele>
        <time>2026-06-03T06:13:11Z</time>
        <hdop>3</hdop>
        <extensions>
          <osmand:speed>0.1</osmand:speed>
        </extensions>
      </trkpt>
      <trkpt lat="-13.5964018" lon="-71.3204851">
        <ele>4487.4</ele>
        <time>2026-06-03T06:13:27Z</time>
        <hdop>3</hdop>
        <extensions>
          <osmand:speed>0.1</osmand:speed>
        </extensions>
      </trkpt>
      <trkpt lat="-13.5964069" lon="-71.3204783">
        <ele>4487.7</ele>
        <time>2026-06-03T06:13:43Z</time>
        <hdop>3</hdop>
        <extensions>
          <osmand:speed>0.1</osmand:speed>
        </extensions>
      </trkpt>
      <trkpt lat="-13.5964123" lon="-71.3204762">
        <ele>4487.7</ele>
        <time>2026-06-03T06:13:59Z</time>
        <hdop>3</hdop>
        <extensions>
          <osmand:speed>0.1</osmand:speed>
        </extensions>
      </trkpt>
      <trkpt lat="-13.5964126" lon="-71.3204754">
        <ele>4487.7</ele>
        <time>2026-06-03T06:14:15Z</time>
        <hdop>3</hdop>
        <extensions>
          <osmand:speed>0.1</osmand:speed>
        </extensions>
      </trkpt>
      <trkpt lat="-13.5964107" lon="-71.3204756">
        <ele>4487.7</ele>
        <time>2026-06-03T06:14:31Z</time>
        <hdop>3</hdop>
        <extensions>
          <osmand:speed>0.1</osmand:speed>
        </extensions>
      </trkpt>
      <trkpt lat="-13.5964106" lon="-71.3204764">
        <ele>4487.7</ele>
        <time>2026-06-03T06:14:47Z</time>
        <hdop>3</hdop>
        <extensions>
          <osmand:speed>0.1</osmand:speed>
        </extensions>
      </trkpt>
      <trkpt lat="-13.5964105" lon="-71.3204762">
        <ele>4487.7</ele>
        <time>2026-06-03T06:15:03Z</time>
        <hdop>3</hdop>
        <extensions>
          <osmand:speed>0.1</osmand:speed>
        </extensions>
      </trkpt>
      <trkpt lat="-13.596411" lon="-71.3204767">
        <ele>4487.7</ele>
        <time>2026-06-03T06:15:19Z</time>
        <hdop>3</hdop>
        <extensions>
          <osmand:speed>0.1</osmand:speed>
        </extensions>
      </trkpt>
      <trkpt lat="-13.5964101" lon="-71.320477">
        <ele>4487.7</ele>
        <time>2026-06-03T06:15:35Z</time>
        <hdop>3</hdop>
        <extensions>
          <osmand:speed>0.1</osmand:speed>
        </extensions>
      </trkpt>
      <trkpt lat="-13.5964088" lon="-71.3204769">
        <ele>4487.7</ele>
        <time>2026-06-03T06:15:51Z</time>
        <hdop>3</hdop>
        <extensions>
          <osmand:speed>0.1</osmand:speed>
        </extensions>
      </trkpt>
      <trkpt lat="-13.5964084" lon="-71.3204775">
        <ele>4487.7</ele>
        <time>2026-06-03T06:16:07Z</time>
        <hdop>3</hdop>
        <extensions>
          <osmand:speed>0.1</osmand:speed>
        </extensions>
      </trkpt>
      <trkpt lat="-13.5964085" lon="-71.3204771">
        <ele>4487.7</ele>
        <time>2026-06-03T06:16:23Z</time>
        <hdop>3</hdop>
        <extensions>
          <osmand:speed>0.1</osmand:speed>
        </extensions>
      </trkpt>
      <trkpt lat="-13.5964087" lon="-71.3204771">
        <ele>4487.7</ele>
        <time>2026-06-03T06:16:39Z</time>
        <hdop>3</hdop>
        <extensions>
          <osmand:speed>0.1</osmand:speed>
        </extensions>
      </trkpt>
      <trkpt lat="-13.5964094" lon="-71.3204772">
        <ele>4487.7</ele>
        <time>2026-06-03T06:16:55Z</time>
        <hdop>3</hdop>
        <extensions>
          <osmand:speed>0.1</osmand:speed>
        </extensions>
      </trkpt>
      <trkpt lat="-13.5964112" lon="-71.3204769">
        <ele>4487.7</ele>
        <time>2026-06-03T06:17:10Z</time>
        <hdop>3</hdop>
        <extensions>
          <osmand:speed>0.1</osmand:speed>
        </extensions>
      </trkpt>
      <trkpt lat="-13.5964109" lon="-71.3204765">
        <ele>4487.7</ele>
        <time>2026-06-03T06:17:26Z</time>
        <hdop>3</hdop>
        <extensions>
          <osmand:speed>0.1</osmand:speed>
        </extensions>
      </trkpt>
      <trkpt lat="-13.5964103" lon="-71.3204776">
        <ele>4487.7</ele>
        <time>2026-06-03T06:17:42Z</time>
        <hdop>3</hdop>
        <extensions>
          <osmand:speed>0.1</osmand:speed>
        </extensions>
      </trkpt>
      <trkpt lat="-13.5964105" lon="-71.3204768">
        <ele>4487.7</ele>
        <time>2026-06-03T06:17:58Z</time>
        <hdop>3</hdop>
        <extensions>
          <osmand:speed>0.1</osmand:speed>
        </extensions>
      </trkpt>
      <trkpt lat="-13.5964108" lon="-71.3204772">
        <ele>4487.7</ele>
        <time>2026-06-03T06:18:14Z</time>
        <hdop>3</hdop>
        <extensions>
          <osmand:speed>0.1</osmand:speed>
        </extensions>
      </trkpt>
      <trkpt lat="-13.59641" lon="-71.3204782">
        <ele>4487.7</ele>
        <time>2026-06-03T06:18:30Z</time>
        <hdop>3</hdop>
        <extensions>
          <osmand:speed>0.1</osmand:speed>
        </extensions>
      </trkpt>
      <trkpt lat="-13.5964105" lon="-71.3204771">
        <ele>4487.7</ele>
        <time>2026-06-03T06:18:46Z</time>
        <hdop>3</hdop>
        <extensions>
          <osmand:speed>0.1</osmand:speed>
        </extensions>
      </trkpt>
      <trkpt lat="-13.5964099" lon="-71.3204765">
        <ele>4487.7</ele>
        <time>2026-06-03T06:19:02Z</time>
        <hdop>3</hdop>
        <extensions>
          <osmand:speed>0.1</osmand:speed>
        </extensions>
      </trkpt>
      <trkpt lat="-13.59641" lon="-71.3204773">
        <ele>4487.7</ele>
        <time>2026-06-03T06:19:17Z</time>
        <hdop>3</hdop>
        <extensions>
          <osmand:speed>0.1</osmand:speed>
        </extensions>
      </trkpt>
      <trkpt lat="-13.596392" lon="-71.3205693">
        <ele>4485.2</ele>
        <time>2026-06-03T06:19:33Z</time>
        <hdop>3</hdop>
        <extensions>
          <osmand:speed>0.1</osmand:speed>
        </extensions>
      </trkpt>
      <trkpt lat="-13.5964851" lon="-71.3206098">
        <ele>4488.5</ele>
        <time>2026-06-03T06:19:48Z</time>
        <hdop>3</hdop>
        <extensions>
          <osmand:speed>0.7</osmand:speed>
        </extensions>
      </trkpt>
      <trkpt lat="-13.5965357" lon="-71.3206829">
        <ele>4487.3</ele>
        <time>2026-06-03T06:20:03Z</time>
        <hdop>3</hdop>
        <extensions>
          <osmand:speed>0.8</osmand:speed>
        </extensions>
      </trkpt>
      <trkpt lat="-13.5965921" lon="-71.3207844">
        <ele>4486.6</ele>
        <time>2026-06-03T06:20:18Z</time>
        <hdop>3</hdop>
        <extensions>
          <osmand:speed>0.9</osmand:speed>
        </extensions>
      </trkpt>
      <trkpt lat="-13.5966304" lon="-71.320883">
        <ele>4490.7</ele>
        <time>2026-06-03T06:20:33Z</time>
        <hdop>3</hdop>
        <extensions>
          <osmand:speed>0.7</osmand:speed>
        </extensions>
      </trkpt>
      <trkpt lat="-13.5966812" lon="-71.3209642">
        <ele>4492.3</ele>
        <time>2026-06-03T06:20:49Z</time>
        <hdop>3</hdop>
        <extensions>
          <osmand:speed>0.9</osmand:speed>
        </extensions>
      </trkpt>
      <trkpt lat="-13.596757" lon="-71.3210306">
        <ele>4493.2</ele>
        <time>2026-06-03T06:21:04Z</time>
        <hdop>3</hdop>
        <extensions>
          <osmand:speed>0.9</osmand:speed>
        </extensions>
      </trkpt>
      <trkpt lat="-13.5968299" lon="-71.3211012">
        <ele>4495.4</ele>
        <time>2026-06-03T06:21:19Z</time>
        <hdop>3</hdop>
        <extensions>
          <osmand:speed>0.9</osmand:speed>
        </extensions>
      </trkpt>
      <trkpt lat="-13.5969156" lon="-71.3211415">
        <ele>4497.3</ele>
        <time>2026-06-03T06:21:35Z</time>
        <hdop>3</hdop>
        <extensions>
          <osmand:speed>0.6</osmand:speed>
        </extensions>
      </trkpt>
      <trkpt lat="-13.596913" lon="-71.3211669">
        <ele>4496.7</ele>
        <time>2026-06-03T06:21:51Z</time>
        <hdop>3</hdop>
        <extensions>
          <osmand:speed>0.1</osmand:speed>
        </extensions>
      </trkpt>
      <trkpt lat="-13.5969108" lon="-71.3211702">
        <ele>4496.7</ele>
        <time>2026-06-03T06:22:07Z</time>
        <hdop>3</hdop>
        <extensions>
          <osmand:speed>0.1</osmand:speed>
        </extensions>
      </trkpt>
      <trkpt lat="-13.5969106" lon="-71.3211697">
        <ele>4496.7</ele>
        <time>2026-06-03T06:22:23Z</time>
        <hdop>3</hdop>
        <extensions>
          <osmand:speed>0.1</osmand:speed>
        </extensions>
      </trkpt>
      <trkpt lat="-13.5969128" lon="-71.3211681">
        <ele>4498.5</ele>
        <time>2026-06-03T06:22:39Z</time>
        <hdop>3</hdop>
        <extensions>
          <osmand:speed>0.2</osmand:speed>
        </extensions>
      </trkpt>
      <trkpt lat="-13.596928" lon="-71.321185">
        <ele>4498.7</ele>
        <time>2026-06-03T06:22:54Z</time>
        <hdop>3</hdop>
        <extensions>
          <osmand:speed>0.6</osmand:speed>
        </extensions>
      </trkpt>
      <trkpt lat="-13.5970139" lon="-71.3212443">
        <ele>4498.7</ele>
        <time>2026-06-03T06:23:09Z</time>
        <hdop>3</hdop>
        <extensions>
          <osmand:speed>0.8</osmand:speed>
        </extensions>
      </trkpt>
      <trkpt lat="-13.5970995" lon="-71.3213057">
        <ele>4499.3</ele>
        <time>2026-06-03T06:23:25Z</time>
        <hdop>3</hdop>
        <extensions>
          <osmand:speed>0.9</osmand:speed>
        </extensions>
      </trkpt>
      <trkpt lat="-13.5971477" lon="-71.3214184">
        <ele>4500.5</ele>
        <time>2026-06-03T06:23:40Z</time>
        <hdop>3</hdop>
        <extensions>
          <osmand:speed>0.9</osmand:speed>
        </extensions>
      </trkpt>
      <trkpt lat="-13.5972459" lon="-71.3214922">
        <ele>4503.4</ele>
        <time>2026-06-03T06:23:55Z</time>
        <hdop>3</hdop>
        <extensions>
          <osmand:speed>0.9</osmand:speed>
        </extensions>
      </trkpt>
      <trkpt lat="-13.5973505" lon="-71.3215101">
        <ele>4504.2</ele>
        <time>2026-06-03T06:24:10Z</time>
        <hdop>3</hdop>
        <extensions>
          <osmand:speed>0.9</osmand:speed>
        </extensions>
      </trkpt>
      <trkpt lat="-13.5974588" lon="-71.3215197">
        <ele>4506.9</ele>
        <time>2026-06-03T06:24:26Z</time>
        <hdop>3</hdop>
        <extensions>
          <osmand:speed>0.9</osmand:speed>
        </extensions>
      </trkpt>
      <trkpt lat="-13.5975787" lon="-71.321503">
        <ele>4507.9</ele>
        <time>2026-06-03T06:24:41Z</time>
        <hdop>3</hdop>
        <extensions>
          <osmand:speed>1</osmand:speed>
        </extensions>
      </trkpt>
      <trkpt lat="-13.597727" lon="-71.3215228">
        <ele>4507.1</ele>
        <time>2026-06-03T06:24:56Z</time>
        <hdop>3</hdop>
        <extensions>
          <osmand:speed>1.2</osmand:speed>
        </extensions>
      </trkpt>
      <trkpt lat="-13.5977403" lon="-71.3215128">
        <ele>4507.5</ele>
        <time>2026-06-03T06:25:12Z</time>
        <hdop>3</hdop>
        <extensions>
          <osmand:speed>0.1</osmand:speed>
        </extensions>
      </trkpt>
      <trkpt lat="-13.5977399" lon="-71.3215264">
        <ele>4507.6</ele>
        <time>2026-06-03T06:25:28Z</time>
        <hdop>3</hdop>
        <extensions>
          <osmand:speed>0.1</osmand:speed>
        </extensions>
      </trkpt>
      <trkpt lat="-13.5977377" lon="-71.3215286">
        <ele>4507.6</ele>
        <time>2026-06-03T06:25:43Z</time>
        <hdop>3</hdop>
        <extensions>
          <osmand:speed>0.1</osmand:speed>
        </extensions>
      </trkpt>
      <trkpt lat="-13.5979028" lon="-71.3215796">
        <ele>4507.1</ele>
        <time>2026-06-03T06:25:59Z</time>
        <hdop>3</hdop>
        <extensions>
          <osmand:speed>1.2</osmand:speed>
        </extensions>
      </trkpt>
      <trkpt lat="-13.5980368" lon="-71.3215927">
        <ele>4510.5</ele>
        <time>2026-06-03T06:26:14Z</time>
        <hdop>3</hdop>
        <extensions>
          <osmand:speed>1.1</osmand:speed>
        </extensions>
      </trkpt>
      <trkpt lat="-13.5981532" lon="-71.3216465">
        <ele>4507.5</ele>
        <time>2026-06-03T06:26:29Z</time>
        <hdop>3</hdop>
        <extensions>
          <osmand:speed>1.1</osmand:speed>
        </extensions>
      </trkpt>
      <trkpt lat="-13.598288" lon="-71.3217067">
        <ele>4508.7</ele>
        <time>2026-06-03T06:26:44Z</time>
        <hdop>3</hdop>
        <extensions>
          <osmand:speed>1.1</osmand:speed>
        </extensions>
      </trkpt>
      <trkpt lat="-13.5984259" lon="-71.3217625">
        <ele>4508.8</ele>
        <time>2026-06-03T06:27:00Z</time>
        <hdop>3</hdop>
        <extensions>
          <osmand:speed>1.1</osmand:speed>
        </extensions>
      </trkpt>
      <trkpt lat="-13.5985574" lon="-71.3218102">
        <ele>4510</ele>
        <time>2026-06-03T06:27:15Z</time>
        <hdop>3</hdop>
        <extensions>
          <osmand:speed>1.1</osmand:speed>
        </extensions>
      </trkpt>
      <trkpt lat="-13.5986861" lon="-71.3218559">
        <ele>4508.5</ele>
        <time>2026-06-03T06:27:30Z</time>
        <hdop>3</hdop>
        <extensions>
          <osmand:speed>1.1</osmand:speed>
        </extensions>
      </trkpt>
      <trkpt lat="-13.598759" lon="-71.3219137">
        <ele>4510.6</ele>
        <time>2026-06-03T06:27:46Z</time>
        <hdop>3</hdop>
        <extensions>
          <osmand:speed>0.9</osmand:speed>
        </extensions>
      </trkpt>
      <trkpt lat="-13.5988558" lon="-71.3219534">
        <ele>4513.4</ele>
        <time>2026-06-03T06:28:01Z</time>
        <hdop>3</hdop>
        <extensions>
          <osmand:speed>1</osmand:speed>
        </extensions>
      </trkpt>
      <trkpt lat="-13.5989739" lon="-71.3219787">
        <ele>4514.2</ele>
        <time>2026-06-03T06:28:16Z</time>
        <hdop>3</hdop>
        <extensions>
          <osmand:speed>1.1</osmand:speed>
        </extensions>
      </trkpt>
      <trkpt lat="-13.5991011" lon="-71.3219858">
        <ele>4510.6</ele>
        <time>2026-06-03T06:28:31Z</time>
        <hdop>3</hdop>
        <extensions>
          <osmand:speed>1.1</osmand:speed>
        </extensions>
      </trkpt>
      <trkpt lat="-13.5991562" lon="-71.3220928">
        <ele>4511.2</ele>
        <time>2026-06-03T06:28:46Z</time>
        <hdop>3</hdop>
        <extensions>
          <osmand:speed>1</osmand:speed>
        </extensions>
      </trkpt>
      <trkpt lat="-13.5992169" lon="-71.3221662">
        <ele>4512.3</ele>
        <time>2026-06-03T06:29:02Z</time>
        <hdop>3</hdop>
        <extensions>
          <osmand:speed>0.9</osmand:speed>
        </extensions>
      </trkpt>
      <trkpt lat="-13.5993172" lon="-71.3222153">
        <ele>4514.8</ele>
        <time>2026-06-03T06:29:17Z</time>
        <hdop>3</hdop>
        <extensions>
          <osmand:speed>1</osmand:speed>
        </extensions>
      </trkpt>
      <trkpt lat="-13.5994432" lon="-71.3222564">
        <ele>4516.4</ele>
        <time>2026-06-03T06:29:32Z</time>
        <hdop>3</hdop>
        <extensions>
          <osmand:speed>1</osmand:speed>
        </extensions>
      </trkpt>
      <trkpt lat="-13.5995579" lon="-71.3222972">
        <ele>4517.5</ele>
        <time>2026-06-03T06:29:47Z</time>
        <hdop>3</hdop>
        <extensions>
          <osmand:speed>1.1</osmand:speed>
        </extensions>
      </trkpt>
      <trkpt lat="-13.5997054" lon="-71.3223433">
        <ele>4519.2</ele>
        <time>2026-06-03T06:30:02Z</time>
        <hdop>3</hdop>
        <extensions>
          <osmand:speed>1.3</osmand:speed>
        </extensions>
      </trkpt>
      <trkpt lat="-13.5998335" lon="-71.3224295">
        <ele>4518.1</ele>
        <time>2026-06-03T06:30:18Z</time>
        <hdop>3</hdop>
        <extensions>
          <osmand:speed>1.2</osmand:speed>
        </extensions>
      </trkpt>
      <trkpt lat="-13.5999758" lon="-71.3224652">
        <ele>4518.2</ele>
        <time>2026-06-03T06:30:34Z</time>
        <hdop>3</hdop>
        <extensions>
          <osmand:speed>1.1</osmand:speed>
        </extensions>
      </trkpt>
      <trkpt lat="-13.6001052" lon="-71.3224696">
        <ele>4518.1</ele>
        <time>2026-06-03T06:30:49Z</time>
        <hdop>3</hdop>
        <extensions>
          <osmand:speed>1.1</osmand:speed>
        </extensions>
      </trkpt>
      <trkpt lat="-13.6002357" lon="-71.3225415">
        <ele>4516.7</ele>
        <time>2026-06-03T06:31:04Z</time>
        <hdop>3</hdop>
        <extensions>
          <osmand:speed>1.2</osmand:speed>
        </extensions>
      </trkpt>
      <trkpt lat="-13.6003382" lon="-71.3226128">
        <ele>4517.6</ele>
        <time>2026-06-03T06:31:19Z</time>
        <hdop>3</hdop>
        <extensions>
          <osmand:speed>1</osmand:speed>
        </extensions>
      </trkpt>
      <trkpt lat="-13.6004635" lon="-71.3226642">
        <ele>4520.4</ele>
        <time>2026-06-03T06:31:34Z</time>
        <hdop>3</hdop>
        <extensions>
          <osmand:speed>1.1</osmand:speed>
        </extensions>
      </trkpt>
      <trkpt lat="-13.6005976" lon="-71.3226986">
        <ele>4522.3</ele>
        <time>2026-06-03T06:31:50Z</time>
        <hdop>3</hdop>
        <extensions>
          <osmand:speed>1.1</osmand:speed>
        </extensions>
      </trkpt>
      <trkpt lat="-13.6007233" lon="-71.3227531">
        <ele>4523.3</ele>
        <time>2026-06-03T06:32:05Z</time>
        <hdop>3</hdop>
        <extensions>
          <osmand:speed>1.1</osmand:speed>
        </extensions>
      </trkpt>
      <trkpt lat="-13.6008456" lon="-71.3228055">
        <ele>4523.5</ele>
        <time>2026-06-03T06:32:20Z</time>
        <hdop>3</hdop>
        <extensions>
          <osmand:speed>1.1</osmand:speed>
        </extensions>
      </trkpt>
      <trkpt lat="-13.6009857" lon="-71.3228247">
        <ele>4524.5</ele>
        <time>2026-06-03T06:32:36Z</time>
        <hdop>3</hdop>
        <extensions>
          <osmand:speed>1.1</osmand:speed>
        </extensions>
      </trkpt>
      <trkpt lat="-13.6011319" lon="-71.3228332">
        <ele>4523.6</ele>
        <time>2026-06-03T06:32:51Z</time>
        <hdop>3</hdop>
        <extensions>
          <osmand:speed>1.2</osmand:speed>
        </extensions>
      </trkpt>
      <trkpt lat="-13.6012758" lon="-71.3228456">
        <ele>4522</ele>
        <time>2026-06-03T06:33:06Z</time>
        <hdop>3</hdop>
        <extensions>
          <osmand:speed>1.1</osmand:speed>
        </extensions>
      </trkpt>
      <trkpt lat="-13.6014168" lon="-71.3228228">
        <ele>4523.5</ele>
        <time>2026-06-03T06:33:21Z</time>
        <hdop>3</hdop>
        <extensions>
          <osmand:speed>1.1</osmand:speed>
        </extensions>
      </trkpt>
      <trkpt lat="-13.6015866" lon="-71.3228084">
        <ele>4523.7</ele>
        <time>2026-06-03T06:33:37Z</time>
        <hdop>3</hdop>
        <extensions>
          <osmand:speed>1.2</osmand:speed>
        </extensions>
      </trkpt>
      <trkpt lat="-13.6017233" lon="-71.3227486">
        <ele>4525.6</ele>
        <time>2026-06-03T06:33:52Z</time>
        <hdop>3</hdop>
        <extensions>
          <osmand:speed>1.2</osmand:speed>
        </extensions>
      </trkpt>
      <trkpt lat="-13.6018299" lon="-71.3228337">
        <ele>4526.9</ele>
        <time>2026-06-03T06:34:07Z</time>
        <hdop>3</hdop>
        <extensions>
          <osmand:speed>1.1</osmand:speed>
        </extensions>
      </trkpt>
      <trkpt lat="-13.6019626" lon="-71.322873">
        <ele>4526.1</ele>
        <time>2026-06-03T06:34:22Z</time>
        <hdop>3</hdop>
        <extensions>
          <osmand:speed>1.2</osmand:speed>
        </extensions>
      </trkpt>
      <trkpt lat="-13.6021385" lon="-71.3228603">
        <ele>4525.4</ele>
        <time>2026-06-03T06:34:38Z</time>
        <hdop>3</hdop>
        <extensions>
          <osmand:speed>1.2</osmand:speed>
        </extensions>
      </trkpt>
      <trkpt lat="-13.6022912" lon="-71.3228873">
        <ele>4529.7</ele>
        <time>2026-06-03T06:34:53Z</time>
        <hdop>3</hdop>
        <extensions>
          <osmand:speed>1.1</osmand:speed>
        </extensions>
      </trkpt>
      <trkpt lat="-13.6024495" lon="-71.3228934">
        <ele>4530.5</ele>
        <time>2026-06-03T06:35:08Z</time>
        <hdop>3</hdop>
        <extensions>
          <osmand:speed>1.1</osmand:speed>
        </extensions>
      </trkpt>
      <trkpt lat="-13.6026057" lon="-71.3229036">
        <ele>4529.3</ele>
        <time>2026-06-03T06:35:24Z</time>
        <hdop>3</hdop>
        <extensions>
          <osmand:speed>1.2</osmand:speed>
        </extensions>
      </trkpt>
      <trkpt lat="-13.6027534" lon="-71.3228984">
        <ele>4527.4</ele>
        <time>2026-06-03T06:35:39Z</time>
        <hdop>3</hdop>
        <extensions>
          <osmand:speed>1.2</osmand:speed>
        </extensions>
      </trkpt>
      <trkpt lat="-13.6029127" lon="-71.3228755">
        <ele>4527.9</ele>
        <time>2026-06-03T06:35:54Z</time>
        <hdop>3</hdop>
        <extensions>
          <osmand:speed>1.2</osmand:speed>
        </extensions>
      </trkpt>
      <trkpt lat="-13.6030637" lon="-71.3229087">
        <ele>4525.7</ele>
        <time>2026-06-03T06:36:09Z</time>
        <hdop>3</hdop>
        <extensions>
          <osmand:speed>1.2</osmand:speed>
        </extensions>
      </trkpt>
      <trkpt lat="-13.603216" lon="-71.3228483">
        <ele>4527.2</ele>
        <time>2026-06-03T06:36:25Z</time>
        <hdop>3</hdop>
        <extensions>
          <osmand:speed>1.1</osmand:speed>
        </extensions>
      </trkpt>
      <trkpt lat="-13.6033428" lon="-71.3228806">
        <ele>4528.7</ele>
        <time>2026-06-03T06:36:40Z</time>
        <hdop>3</hdop>
        <extensions>
          <osmand:speed>1.1</osmand:speed>
        </extensions>
      </trkpt>
      <trkpt lat="-13.6034467" lon="-71.3229623">
        <ele>4526.3</ele>
        <time>2026-06-03T06:36:55Z</time>
        <hdop>3</hdop>
        <extensions>
          <osmand:speed>1.2</osmand:speed>
        </extensions>
      </trkpt>
      <trkpt lat="-13.6035677" lon="-71.3230742">
        <ele>4524.4</ele>
        <time>2026-06-03T06:37:10Z</time>
        <hdop>3</hdop>
        <extensions>
          <osmand:speed>1.2</osmand:speed>
        </extensions>
      </trkpt>
      <trkpt lat="-13.6037136" lon="-71.3231128">
        <ele>4524.1</ele>
        <time>2026-06-03T06:37:25Z</time>
        <hdop>3</hdop>
        <extensions>
          <osmand:speed>1.1</osmand:speed>
        </extensions>
      </trkpt>
      <trkpt lat="-13.603894" lon="-71.3231852">
        <ele>4524.3</ele>
        <time>2026-06-03T06:37:40Z</time>
        <hdop>3</hdop>
        <extensions>
          <osmand:speed>1.4</osmand:speed>
        </extensions>
      </trkpt>
      <trkpt lat="-13.604047" lon="-71.3231718">
        <ele>4521.5</ele>
        <time>2026-06-03T06:37:55Z</time>
        <hdop>3</hdop>
        <extensions>
          <osmand:speed>1.4</osmand:speed>
        </extensions>
      </trkpt>
      <trkpt lat="-13.6042029" lon="-71.3231785">
        <ele>4523</ele>
        <time>2026-06-03T06:38:11Z</time>
        <hdop>3</hdop>
        <extensions>
          <osmand:speed>1.2</osmand:speed>
        </extensions>
      </trkpt>
      <trkpt lat="-13.6043354" lon="-71.3232258">
        <ele>4522.1</ele>
        <time>2026-06-03T06:38:26Z</time>
        <hdop>3</hdop>
        <extensions>
          <osmand:speed>1.2</osmand:speed>
        </extensions>
      </trkpt>
      <trkpt lat="-13.6044199" lon="-71.3233096">
        <ele>4522.6</ele>
        <time>2026-06-03T06:38:41Z</time>
        <hdop>3</hdop>
        <extensions>
          <osmand:speed>1.1</osmand:speed>
        </extensions>
      </trkpt>
      <trkpt lat="-13.604496" lon="-71.3234279">
        <ele>4522.9</ele>
        <time>2026-06-03T06:38:56Z</time>
        <hdop>3</hdop>
        <extensions>
          <osmand:speed>1.1</osmand:speed>
        </extensions>
      </trkpt>
      <trkpt lat="-13.6046165" lon="-71.3235345">
        <ele>4517.3</ele>
        <time>2026-06-03T06:39:12Z</time>
        <hdop>3</hdop>
        <extensions>
          <osmand:speed>1.3</osmand:speed>
        </extensions>
      </trkpt>
      <trkpt lat="-13.6047071" lon="-71.3236043">
        <ele>4517.4</ele>
        <time>2026-06-03T06:39:27Z</time>
        <hdop>3</hdop>
        <extensions>
          <osmand:speed>1</osmand:speed>
        </extensions>
      </trkpt>
      <trkpt lat="-13.6048589" lon="-71.3236035">
        <ele>4518.3</ele>
        <time>2026-06-03T06:39:42Z</time>
        <hdop>3</hdop>
        <extensions>
          <osmand:speed>1.1</osmand:speed>
        </extensions>
      </trkpt>
      <trkpt lat="-13.6049151" lon="-71.3236289">
        <ele>4516.9</ele>
        <time>2026-06-03T06:39:58Z</time>
        <hdop>3</hdop>
        <extensions>
          <osmand:speed>0.4</osmand:speed>
        </extensions>
      </trkpt>
      <trkpt lat="-13.6049125" lon="-71.3236343">
        <ele>4516.7</ele>
        <time>2026-06-03T06:40:14Z</time>
        <hdop>3</hdop>
        <extensions>
          <osmand:speed>0.1</osmand:speed>
        </extensions>
      </trkpt>
      <trkpt lat="-13.6048773" lon="-71.323622">
        <ele>4517.1</ele>
        <time>2026-06-03T06:40:30Z</time>
        <hdop>4.3</hdop>
        <extensions>
          <osmand:speed>0.1</osmand:speed>
        </extensions>
      </trkpt>
      <trkpt lat="-13.6048961" lon="-71.3236282">
        <ele>4517.9</ele>
        <time>2026-06-03T06:40:46Z</time>
        <hdop>3</hdop>
        <extensions>
          <osmand:speed>0.4</osmand:speed>
        </extensions>
      </trkpt>
      <trkpt lat="-13.604915" lon="-71.3236111">
        <ele>4517.2</ele>
        <time>2026-06-03T06:41:02Z</time>
        <hdop>3</hdop>
        <extensions>
          <osmand:speed>0.1</osmand:speed>
        </extensions>
      </trkpt>
      <trkpt lat="-13.6049187" lon="-71.3236184">
        <ele>4518.6</ele>
        <time>2026-06-03T06:41:18Z</time>
        <hdop>3</hdop>
        <extensions>
          <osmand:speed>0.1</osmand:speed>
        </extensions>
      </trkpt>
      <trkpt lat="-13.6049109" lon="-71.3236193">
        <ele>4518.8</ele>
        <time>2026-06-03T06:41:34Z</time>
        <hdop>3</hdop>
        <extensions>
          <osmand:speed>0.1</osmand:speed>
        </extensions>
      </trkpt>
      <trkpt lat="-13.6048882" lon="-71.3235892">
        <ele>4518</ele>
        <time>2026-06-03T06:41:50Z</time>
        <hdop>3</hdop>
        <extensions>
          <osmand:speed>0.1</osmand:speed>
        </extensions>
      </trkpt>
      <trkpt lat="-13.604973" lon="-71.32366">
        <ele>4519.8</ele>
        <time>2026-06-03T06:42:05Z</time>
        <hdop>3</hdop>
        <extensions>
          <osmand:speed>1.2</osmand:speed>
        </extensions>
      </trkpt>
      <trkpt lat="-13.6051392" lon="-71.3236745">
        <ele>4520.5</ele>
        <time>2026-06-03T06:42:20Z</time>
        <hdop>3</hdop>
        <extensions>
          <osmand:speed>1.2</osmand:speed>
        </extensions>
      </trkpt>
      <trkpt lat="-13.6052755" lon="-71.3236415">
        <ele>4521.7</ele>
        <time>2026-06-03T06:42:36Z</time>
        <hdop>3</hdop>
        <extensions>
          <osmand:speed>1.1</osmand:speed>
        </extensions>
      </trkpt>
      <trkpt lat="-13.6054147" lon="-71.3236333">
        <ele>4523.3</ele>
        <time>2026-06-03T06:42:51Z</time>
        <hdop>3</hdop>
        <extensions>
          <osmand:speed>1.1</osmand:speed>
        </extensions>
      </trkpt>
      <trkpt lat="-13.6055326" lon="-71.3237237">
        <ele>4523.8</ele>
        <time>2026-06-03T06:43:06Z</time>
        <hdop>3</hdop>
        <extensions>
          <osmand:speed>1.1</osmand:speed>
        </extensions>
      </trkpt>
      <trkpt lat="-13.6055877" lon="-71.3238557">
        <ele>4523.8</ele>
        <time>2026-06-03T06:43:21Z</time>
        <hdop>3</hdop>
        <extensions>
          <osmand:speed>1.2</osmand:speed>
        </extensions>
      </trkpt>
      <trkpt lat="-13.6057195" lon="-71.323952">
        <ele>4525.4</ele>
        <time>2026-06-03T06:43:37Z</time>
        <hdop>3</hdop>
        <extensions>
          <osmand:speed>1.2</osmand:speed>
        </extensions>
      </trkpt>
      <trkpt lat="-13.605833" lon="-71.3240284">
        <ele>4526.1</ele>
        <time>2026-06-03T06:43:52Z</time>
        <hdop>3</hdop>
        <extensions>
          <osmand:speed>1</osmand:speed>
        </extensions>
      </trkpt>
      <trkpt lat="-13.605971" lon="-71.3240201">
        <ele>4525.4</ele>
        <time>2026-06-03T06:44:07Z</time>
        <hdop>3</hdop>
        <extensions>
          <osmand:speed>1</osmand:speed>
        </extensions>
      </trkpt>
      <trkpt lat="-13.6060328" lon="-71.3241638">
        <ele>4528.1</ele>
        <time>2026-06-03T06:44:22Z</time>
        <hdop>3</hdop>
        <extensions>
          <osmand:speed>1.2</osmand:speed>
        </extensions>
      </trkpt>
      <trkpt lat="-13.6060398" lon="-71.3243399">
        <ele>4524.7</ele>
        <time>2026-06-03T06:44:38Z</time>
        <hdop>3</hdop>
        <extensions>
          <osmand:speed>1.3</osmand:speed>
        </extensions>
      </trkpt>
      <trkpt lat="-13.6060695" lon="-71.3244891">
        <ele>4521.9</ele>
        <time>2026-06-03T06:44:53Z</time>
        <hdop>3</hdop>
        <extensions>
          <osmand:speed>1.3</osmand:speed>
        </extensions>
      </trkpt>
      <trkpt lat="-13.6060671" lon="-71.32466">
        <ele>4517.7</ele>
        <time>2026-06-03T06:45:08Z</time>
        <hdop>3</hdop>
        <extensions>
          <osmand:speed>1.1</osmand:speed>
        </extensions>
      </trkpt>
      <trkpt lat="-13.6060367" lon="-71.3247941">
        <ele>4518</ele>
        <time>2026-06-03T06:45:24Z</time>
        <hdop>3</hdop>
        <extensions>
          <osmand:speed>1.2</osmand:speed>
        </extensions>
      </trkpt>
      <trkpt lat="-13.6060411" lon="-71.3249592">
        <ele>4515</ele>
        <time>2026-06-03T06:45:39Z</time>
        <hdop>3</hdop>
        <extensions>
          <osmand:speed>1.3</osmand:speed>
        </extensions>
      </trkpt>
      <trkpt lat="-13.6060847" lon="-71.3251292">
        <ele>4513.1</ele>
        <time>2026-06-03T06:45:54Z</time>
        <hdop>3</hdop>
        <extensions>
          <osmand:speed>1.3</osmand:speed>
        </extensions>
      </trkpt>
      <trkpt lat="-13.6061341" lon="-71.3252758">
        <ele>4511.1</ele>
        <time>2026-06-03T06:46:09Z</time>
        <hdop>3</hdop>
        <extensions>
          <osmand:speed>1.4</osmand:speed>
        </extensions>
      </trkpt>
      <trkpt lat="-13.6061033" lon="-71.3254373">
        <ele>4509.2</ele>
        <time>2026-06-03T06:46:25Z</time>
        <hdop>3</hdop>
        <extensions>
          <osmand:speed>1.4</osmand:speed>
        </extensions>
      </trkpt>
      <trkpt lat="-13.6061306" lon="-71.3255992">
        <ele>4506.8</ele>
        <time>2026-06-03T06:46:40Z</time>
        <hdop>3</hdop>
        <extensions>
          <osmand:speed>1.3</osmand:speed>
        </extensions>
      </trkpt>
      <trkpt lat="-13.6061833" lon="-71.3257509">
        <ele>4505.1</ele>
        <time>2026-06-03T06:46:55Z</time>
        <hdop>3</hdop>
        <extensions>
          <osmand:speed>1.3</osmand:speed>
        </extensions>
      </trkpt>
      <trkpt lat="-13.6062414" lon="-71.3259082">
        <ele>4504.5</ele>
        <time>2026-06-03T06:47:10Z</time>
        <hdop>3</hdop>
        <extensions>
          <osmand:speed>1.4</osmand:speed>
        </extensions>
      </trkpt>
      <trkpt lat="-13.6062806" lon="-71.3260618">
        <ele>4502.7</ele>
        <time>2026-06-03T06:47:25Z</time>
        <hdop>3</hdop>
        <extensions>
          <osmand:speed>1.2</osmand:speed>
        </extensions>
      </trkpt>
      <trkpt lat="-13.606287" lon="-71.3261756">
        <ele>4501.8</ele>
        <time>2026-06-03T06:47:41Z</time>
        <hdop>3</hdop>
        <extensions>
          <osmand:speed>1.2</osmand:speed>
        </extensions>
      </trkpt>
      <trkpt lat="-13.6063074" lon="-71.3263002">
        <ele>4497.4</ele>
        <time>2026-06-03T06:47:56Z</time>
        <hdop>3</hdop>
        <extensions>
          <osmand:speed>1.2</osmand:speed>
        </extensions>
      </trkpt>
      <trkpt lat="-13.6063271" lon="-71.3264399">
        <ele>4494.6</ele>
        <time>2026-06-03T06:48:11Z</time>
        <hdop>3</hdop>
        <extensions>
          <osmand:speed>1.2</osmand:speed>
        </extensions>
      </trkpt>
      <trkpt lat="-13.606347" lon="-71.3265605">
        <ele>4491.9</ele>
        <time>2026-06-03T06:48:26Z</time>
        <hdop>3</hdop>
        <extensions>
          <osmand:speed>1.2</osmand:speed>
        </extensions>
      </trkpt>
      <trkpt lat="-13.6063309" lon="-71.3267336">
        <ele>4491.8</ele>
        <time>2026-06-03T06:48:41Z</time>
        <hdop>3</hdop>
        <extensions>
          <osmand:speed>1.2</osmand:speed>
        </extensions>
      </trkpt>
      <trkpt lat="-13.6063709" lon="-71.3268771">
        <ele>4487.4</ele>
        <time>2026-06-03T06:48:56Z</time>
        <hdop>3</hdop>
        <extensions>
          <osmand:speed>1.2</osmand:speed>
        </extensions>
      </trkpt>
      <trkpt lat="-13.6065716" lon="-71.326948">
        <ele>4496.1</ele>
        <time>2026-06-03T06:49:12Z</time>
        <hdop>3</hdop>
        <extensions>
          <osmand:speed>1.5</osmand:speed>
        </extensions>
      </trkpt>
      <trkpt lat="-13.6066934" lon="-71.3270042">
        <ele>4491.9</ele>
        <time>2026-06-03T06:49:27Z</time>
        <hdop>3</hdop>
        <extensions>
          <osmand:speed>1.2</osmand:speed>
        </extensions>
      </trkpt>
      <trkpt lat="-13.6067955" lon="-71.3270809">
        <ele>4494.5</ele>
        <time>2026-06-03T06:49:42Z</time>
        <hdop>3</hdop>
        <extensions>
          <osmand:speed>1</osmand:speed>
        </extensions>
      </trkpt>
      <trkpt lat="-13.6068811" lon="-71.3271419">
        <ele>4496.1</ele>
        <time>2026-06-03T06:49:57Z</time>
        <hdop>3</hdop>
        <extensions>
          <osmand:speed>1</osmand:speed>
        </extensions>
      </trkpt>
      <trkpt lat="-13.6069776" lon="-71.3271976">
        <ele>4497.5</ele>
        <time>2026-06-03T06:50:13Z</time>
        <hdop>3</hdop>
        <extensions>
          <osmand:speed>1</osmand:speed>
        </extensions>
      </trkpt>
      <trkpt lat="-13.6070767" lon="-71.3272637">
        <ele>4493.2</ele>
        <time>2026-06-03T06:50:28Z</time>
        <hdop>3</hdop>
        <extensions>
          <osmand:speed>1</osmand:speed>
        </extensions>
      </trkpt>
      <trkpt lat="-13.6071629" lon="-71.3273631">
        <ele>4490.8</ele>
        <time>2026-06-03T06:50:43Z</time>
        <hdop>3</hdop>
        <extensions>
          <osmand:speed>1.1</osmand:speed>
        </extensions>
      </trkpt>
      <trkpt lat="-13.6072346" lon="-71.3274442">
        <ele>4492.8</ele>
        <time>2026-06-03T06:50:59Z</time>
        <hdop>3</hdop>
        <extensions>
          <osmand:speed>1.1</osmand:speed>
        </extensions>
      </trkpt>
      <trkpt lat="-13.6072866" lon="-71.3275847">
        <ele>4490.9</ele>
        <time>2026-06-03T06:51:14Z</time>
        <hdop>3</hdop>
        <extensions>
          <osmand:speed>0.8</osmand:speed>
        </extensions>
      </trkpt>
      <trkpt lat="-13.6073155" lon="-71.3276577">
        <ele>4492.2</ele>
        <time>2026-06-03T06:51:30Z</time>
        <hdop>3</hdop>
        <extensions>
          <osmand:speed>0.5</osmand:speed>
        </extensions>
      </trkpt>
      <trkpt lat="-13.6073332" lon="-71.3277602">
        <ele>4491.7</ele>
        <time>2026-06-03T06:51:45Z</time>
        <hdop>3</hdop>
        <extensions>
          <osmand:speed>1</osmand:speed>
        </extensions>
      </trkpt>
      <trkpt lat="-13.6073526" lon="-71.3279161">
        <ele>4494.7</ele>
        <time>2026-06-03T06:52:00Z</time>
        <hdop>3</hdop>
        <extensions>
          <osmand:speed>1.1</osmand:speed>
        </extensions>
      </trkpt>
      <trkpt lat="-13.6073695" lon="-71.3279111">
        <ele>4493.8</ele>
        <time>2026-06-03T06:52:16Z</time>
        <hdop>3</hdop>
        <extensions>
          <osmand:speed>0.1</osmand:speed>
        </extensions>
      </trkpt>
      <trkpt lat="-13.6073838" lon="-71.3279028">
        <ele>4492.4</ele>
        <time>2026-06-03T06:52:32Z</time>
        <hdop>3</hdop>
        <extensions>
          <osmand:speed>0.5</osmand:speed>
        </extensions>
      </trkpt>
      <trkpt lat="-13.6073801" lon="-71.3279002">
        <ele>4491.8</ele>
        <time>2026-06-03T06:52:47Z</time>
        <hdop>3.1</hdop>
        <extensions>
          <osmand:speed>0.1</osmand:speed>
        </extensions>
      </trkpt>
      <trkpt lat="-13.6073717" lon="-71.3278762">
        <ele>4486.4</ele>
        <time>2026-06-03T06:53:02Z</time>
        <hdop>3</hdop>
        <extensions>
          <osmand:speed>0.2</osmand:speed>
        </extensions>
      </trkpt>
      <trkpt lat="-13.6073746" lon="-71.3279021">
        <ele>4491.8</ele>
        <time>2026-06-03T06:53:18Z</time>
        <hdop>3</hdop>
        <extensions>
          <osmand:speed>0.1</osmand:speed>
        </extensions>
      </trkpt>
      <trkpt lat="-13.6073714" lon="-71.3279112">
        <ele>4491.9</ele>
        <time>2026-06-03T06:53:33Z</time>
        <hdop>3</hdop>
        <extensions>
          <osmand:speed>0.1</osmand:speed>
        </extensions>
      </trkpt>
      <trkpt lat="-13.6073705" lon="-71.3279132">
        <ele>4491.9</ele>
        <time>2026-06-03T06:53:49Z</time>
        <hdop>3</hdop>
        <extensions>
          <osmand:speed>0.1</osmand:speed>
        </extensions>
      </trkpt>
      <trkpt lat="-13.6073846" lon="-71.3279211">
        <ele>4490.8</ele>
        <time>2026-06-03T06:54:05Z</time>
        <hdop>3</hdop>
        <extensions>
          <osmand:speed>0.1</osmand:speed>
        </extensions>
      </trkpt>
      <trkpt lat="-13.6073859" lon="-71.3279211">
        <ele>4490.8</ele>
        <time>2026-06-03T06:54:20Z</time>
        <hdop>3</hdop>
        <extensions>
          <osmand:speed>0.1</osmand:speed>
        </extensions>
      </trkpt>
      <trkpt lat="-13.6073851" lon="-71.3279214">
        <ele>4490.8</ele>
        <time>2026-06-03T06:54:36Z</time>
        <hdop>3</hdop>
        <extensions>
          <osmand:speed>0.1</osmand:speed>
        </extensions>
      </trkpt>
      <trkpt lat="-13.6073856" lon="-71.3279214">
        <ele>4490.8</ele>
        <time>2026-06-03T06:54:52Z</time>
        <hdop>3</hdop>
        <extensions>
          <osmand:speed>0.1</osmand:speed>
        </extensions>
      </trkpt>
      <trkpt lat="-13.6073778" lon="-71.327912">
        <ele>4491.6</ele>
        <time>2026-06-03T06:55:08Z</time>
        <hdop>3</hdop>
        <extensions>
          <osmand:speed>0.1</osmand:speed>
        </extensions>
      </trkpt>
      <trkpt lat="-13.6073728" lon="-71.3279099">
        <ele>4492.3</ele>
        <time>2026-06-03T06:55:24Z</time>
        <hdop>3</hdop>
        <extensions>
          <osmand:speed>0.1</osmand:speed>
        </extensions>
      </trkpt>
      <trkpt lat="-13.6073741" lon="-71.3279111">
        <ele>4492.3</ele>
        <time>2026-06-03T06:55:39Z</time>
        <hdop>3</hdop>
        <extensions>
          <osmand:speed>0.1</osmand:speed>
        </extensions>
      </trkpt>
      <trkpt lat="-13.6073654" lon="-71.327951">
        <ele>4494.1</ele>
        <time>2026-06-03T06:55:54Z</time>
        <hdop>3</hdop>
        <extensions>
          <osmand:speed>0.1</osmand:speed>
        </extensions>
      </trkpt>
      <trkpt lat="-13.6073483" lon="-71.327983">
        <ele>4493</ele>
        <time>2026-06-03T06:56:10Z</time>
        <hdop>3</hdop>
        <extensions>
          <osmand:speed>0.1</osmand:speed>
        </extensions>
      </trkpt>
      <trkpt lat="-13.6073472" lon="-71.3279993">
        <ele>4492.4</ele>
        <time>2026-06-03T06:56:26Z</time>
        <hdop>3</hdop>
        <extensions>
          <osmand:speed>0.1</osmand:speed>
        </extensions>
      </trkpt>
      <trkpt lat="-13.6073539" lon="-71.3280037">
        <ele>4492</ele>
        <time>2026-06-03T06:56:41Z</time>
        <hdop>3</hdop>
        <extensions>
          <osmand:speed>0.1</osmand:speed>
        </extensions>
      </trkpt>
      <trkpt lat="-13.6073548" lon="-71.3280782">
        <ele>4490</ele>
        <time>2026-06-03T06:56:56Z</time>
        <hdop>3</hdop>
        <extensions>
          <osmand:speed>0.6</osmand:speed>
        </extensions>
      </trkpt>
      <trkpt lat="-13.6073616" lon="-71.3281941">
        <ele>4487.4</ele>
        <time>2026-06-03T06:57:12Z</time>
        <hdop>3</hdop>
        <extensions>
          <osmand:speed>1</osmand:speed>
        </extensions>
      </trkpt>
      <trkpt lat="-13.6073658" lon="-71.3283381">
        <ele>4485.9</ele>
        <time>2026-06-03T06:57:27Z</time>
        <hdop>3</hdop>
        <extensions>
          <osmand:speed>1.3</osmand:speed>
        </extensions>
      </trkpt>
      <trkpt lat="-13.6073922" lon="-71.328475">
        <ele>4484</ele>
        <time>2026-06-03T06:57:42Z</time>
        <hdop>3</hdop>
        <extensions>
          <osmand:speed>1</osmand:speed>
        </extensions>
      </trkpt>
      <trkpt lat="-13.6074272" lon="-71.3285448">
        <ele>4481.5</ele>
        <time>2026-06-03T06:57:57Z</time>
        <hdop>3</hdop>
        <extensions>
          <osmand:speed>0.8</osmand:speed>
        </extensions>
      </trkpt>
      <trkpt lat="-13.60745" lon="-71.3286135">
        <ele>4479</ele>
        <time>2026-06-03T06:58:13Z</time>
        <hdop>3</hdop>
        <extensions>
          <osmand:speed>0.8</osmand:speed>
        </extensions>
      </trkpt>
      <trkpt lat="-13.6075614" lon="-71.3286944">
        <ele>4477.4</ele>
        <time>2026-06-03T06:58:28Z</time>
        <hdop>3</hdop>
        <extensions>
          <osmand:speed>1</osmand:speed>
        </extensions>
      </trkpt>
      <trkpt lat="-13.6076376" lon="-71.3287955">
        <ele>4476.9</ele>
        <time>2026-06-03T06:58:43Z</time>
        <hdop>3</hdop>
        <extensions>
          <osmand:speed>1.1</osmand:speed>
        </extensions>
      </trkpt>
      <trkpt lat="-13.6077163" lon="-71.328876">
        <ele>4473.6</ele>
        <time>2026-06-03T06:58:58Z</time>
        <hdop>3</hdop>
        <extensions>
          <osmand:speed>1</osmand:speed>
        </extensions>
      </trkpt>
      <trkpt lat="-13.607802" lon="-71.328968">
        <ele>4471.1</ele>
        <time>2026-06-03T06:59:13Z</time>
        <hdop>3</hdop>
        <extensions>
          <osmand:speed>1.1</osmand:speed>
        </extensions>
      </trkpt>
      <trkpt lat="-13.6078543" lon="-71.3290855">
        <ele>4470.3</ele>
        <time>2026-06-03T06:59:29Z</time>
        <hdop>3</hdop>
        <extensions>
          <osmand:speed>1.1</osmand:speed>
        </extensions>
      </trkpt>
      <trkpt lat="-13.6078689" lon="-71.3291839">
        <ele>4467.6</ele>
        <time>2026-06-03T06:59:44Z</time>
        <hdop>3</hdop>
        <extensions>
          <osmand:speed>1.1</osmand:speed>
        </extensions>
      </trkpt>
      <trkpt lat="-13.607868" lon="-71.3293406">
        <ele>4464.1</ele>
        <time>2026-06-03T06:59:59Z</time>
        <hdop>3</hdop>
        <extensions>
          <osmand:speed>1.3</osmand:speed>
        </extensions>
      </trkpt>
      <trkpt lat="-13.6078384" lon="-71.3294986">
        <ele>4462.2</ele>
        <time>2026-06-03T07:00:14Z</time>
        <hdop>3</hdop>
        <extensions>
          <osmand:speed>1.1</osmand:speed>
        </extensions>
      </trkpt>
      <trkpt lat="-13.6078221" lon="-71.3296208">
        <ele>4462</ele>
        <time>2026-06-03T07:00:30Z</time>
        <hdop>3</hdop>
        <extensions>
          <osmand:speed>1</osmand:speed>
        </extensions>
      </trkpt>
      <trkpt lat="-13.6077694" lon="-71.3297502">
        <ele>4459.5</ele>
        <time>2026-06-03T07:00:45Z</time>
        <hdop>3</hdop>
        <extensions>
          <osmand:speed>1.2</osmand:speed>
        </extensions>
      </trkpt>
      <trkpt lat="-13.6077444" lon="-71.3298429">
        <ele>4459.7</ele>
        <time>2026-06-03T07:01:00Z</time>
        <hdop>3</hdop>
        <extensions>
          <osmand:speed>0.9</osmand:speed>
        </extensions>
      </trkpt>
      <trkpt lat="-13.6077094" lon="-71.3299124">
        <ele>4459.1</ele>
        <time>2026-06-03T07:01:16Z</time>
        <hdop>3</hdop>
        <extensions>
          <osmand:speed>0.9</osmand:speed>
        </extensions>
      </trkpt>
      <trkpt lat="-13.6076837" lon="-71.3300196">
        <ele>4458.5</ele>
        <time>2026-06-03T07:01:31Z</time>
        <hdop>3</hdop>
        <extensions>
          <osmand:speed>1.1</osmand:speed>
        </extensions>
      </trkpt>
      <trkpt lat="-13.6076052" lon="-71.3301125">
        <ele>4454.6</ele>
        <time>2026-06-03T07:01:46Z</time>
        <hdop>3</hdop>
        <extensions>
          <osmand:speed>1</osmand:speed>
        </extensions>
      </trkpt>
      <trkpt lat="-13.6075692" lon="-71.3302284">
        <ele>4446.7</ele>
        <time>2026-06-03T07:02:02Z</time>
        <hdop>3</hdop>
        <extensions>
          <osmand:speed>1.1</osmand:speed>
        </extensions>
      </trkpt>
      <trkpt lat="-13.6075237" lon="-71.3303208">
        <ele>4447.4</ele>
        <time>2026-06-03T07:02:17Z</time>
        <hdop>3</hdop>
        <extensions>
          <osmand:speed>1</osmand:speed>
        </extensions>
      </trkpt>
      <trkpt lat="-13.607478" lon="-71.3304525">
        <ele>4444.3</ele>
        <time>2026-06-03T07:02:32Z</time>
        <hdop>3</hdop>
        <extensions>
          <osmand:speed>1.1</osmand:speed>
        </extensions>
      </trkpt>
      <trkpt lat="-13.6074637" lon="-71.3305371">
        <ele>4441.4</ele>
        <time>2026-06-03T07:02:47Z</time>
        <hdop>3</hdop>
        <extensions>
          <osmand:speed>0.8</osmand:speed>
        </extensions>
      </trkpt>
      <trkpt lat="-13.607447" lon="-71.3305359">
        <ele>4440.6</ele>
        <time>2026-06-03T07:03:03Z</time>
        <hdop>3</hdop>
        <extensions>
          <osmand:speed>0</osmand:speed>
        </extensions>
      </trkpt>
      <trkpt lat="-13.6074434" lon="-71.3305826">
        <ele>4442.3</ele>
        <time>2026-06-03T07:03:18Z</time>
        <hdop>3</hdop>
        <extensions>
          <osmand:speed>0.7</osmand:speed>
        </extensions>
      </trkpt>
      <trkpt lat="-13.6074608" lon="-71.3307169">
        <ele>4439.7</ele>
        <time>2026-06-03T07:03:33Z</time>
        <hdop>3</hdop>
        <extensions>
          <osmand:speed>1</osmand:speed>
        </extensions>
      </trkpt>
      <trkpt lat="-13.6075487" lon="-71.3308282">
        <ele>4435.9</ele>
        <time>2026-06-03T07:03:49Z</time>
        <hdop>3</hdop>
        <extensions>
          <osmand:speed>1.2</osmand:speed>
        </extensions>
      </trkpt>
      <trkpt lat="-13.6077023" lon="-71.3308633">
        <ele>4434.2</ele>
        <time>2026-06-03T07:04:04Z</time>
        <hdop>3</hdop>
        <extensions>
          <osmand:speed>1.1</osmand:speed>
        </extensions>
      </trkpt>
      <trkpt lat="-13.607773" lon="-71.3308597">
        <ele>4433.6</ele>
        <time>2026-06-03T07:04:19Z</time>
        <hdop>3</hdop>
        <extensions>
          <osmand:speed>0.5</osmand:speed>
        </extensions>
      </trkpt>
      <trkpt lat="-13.6078567" lon="-71.3309147">
        <ele>4432.8</ele>
        <time>2026-06-03T07:04:34Z</time>
        <hdop>3</hdop>
        <extensions>
          <osmand:speed>0.8</osmand:speed>
        </extensions>
      </trkpt>
      <trkpt lat="-13.607886" lon="-71.3309671">
        <ele>4430.3</ele>
        <time>2026-06-03T07:04:50Z</time>
        <hdop>3</hdop>
        <extensions>
          <osmand:speed>0.6</osmand:speed>
        </extensions>
      </trkpt>
      <trkpt lat="-13.6078971" lon="-71.3310016">
        <ele>4428.5</ele>
        <time>2026-06-03T07:05:06Z</time>
        <hdop>3</hdop>
        <extensions>
          <osmand:speed>0.5</osmand:speed>
        </extensions>
      </trkpt>
      <trkpt lat="-13.6079276" lon="-71.3310588">
        <ele>4428.1</ele>
        <time>2026-06-03T07:05:22Z</time>
        <hdop>3</hdop>
        <extensions>
          <osmand:speed>0.6</osmand:speed>
        </extensions>
      </trkpt>
      <trkpt lat="-13.6079402" lon="-71.3310716">
        <ele>4426.8</ele>
        <time>2026-06-03T07:05:37Z</time>
        <hdop>3</hdop>
        <extensions>
          <osmand:speed>0.1</osmand:speed>
        </extensions>
      </trkpt>
      <trkpt lat="-13.608018" lon="-71.3311197">
        <ele>4425.7</ele>
        <time>2026-06-03T07:05:52Z</time>
        <hdop>3</hdop>
        <extensions>
          <osmand:speed>0.9</osmand:speed>
        </extensions>
      </trkpt>
      <trkpt lat="-13.6080754" lon="-71.3311325">
        <ele>4424.5</ele>
        <time>2026-06-03T07:06:07Z</time>
        <hdop>3</hdop>
        <extensions>
          <osmand:speed>0.3</osmand:speed>
        </extensions>
      </trkpt>
      <trkpt lat="-13.6081178" lon="-71.3311603">
        <ele>4422.5</ele>
        <time>2026-06-03T07:06:22Z</time>
        <hdop>3</hdop>
        <extensions>
          <osmand:speed>0.5</osmand:speed>
        </extensions>
      </trkpt>
      <trkpt lat="-13.6081694" lon="-71.3311868">
        <ele>4420.3</ele>
        <time>2026-06-03T07:06:38Z</time>
        <hdop>3</hdop>
        <extensions>
          <osmand:speed>0.7</osmand:speed>
        </extensions>
      </trkpt>
      <trkpt lat="-13.608206" lon="-71.3312622">
        <ele>4417.2</ele>
        <time>2026-06-03T07:06:53Z</time>
        <hdop>3</hdop>
        <extensions>
          <osmand:speed>0.7</osmand:speed>
        </extensions>
      </trkpt>
      <trkpt lat="-13.6082706" lon="-71.3313105">
        <ele>4414.2</ele>
        <time>2026-06-03T07:07:09Z</time>
        <hdop>3</hdop>
        <extensions>
          <osmand:speed>0.7</osmand:speed>
        </extensions>
      </trkpt>
      <trkpt lat="-13.608312" lon="-71.3313896">
        <ele>4411.8</ele>
        <time>2026-06-03T07:07:24Z</time>
        <hdop>3</hdop>
        <extensions>
          <osmand:speed>0.9</osmand:speed>
        </extensions>
      </trkpt>
      <trkpt lat="-13.6083569" lon="-71.3314453">
        <ele>4408.2</ele>
        <time>2026-06-03T07:07:40Z</time>
        <hdop>3</hdop>
        <extensions>
          <osmand:speed>0.7</osmand:speed>
        </extensions>
      </trkpt>
      <trkpt lat="-13.608403" lon="-71.3314509">
        <ele>4405</ele>
        <time>2026-06-03T07:07:55Z</time>
        <hdop>3</hdop>
        <extensions>
          <osmand:speed>0.7</osmand:speed>
        </extensions>
      </trkpt>
      <trkpt lat="-13.6084401" lon="-71.3315014">
        <ele>4401.5</ele>
        <time>2026-06-03T07:08:10Z</time>
        <hdop>3</hdop>
        <extensions>
          <osmand:speed>0.7</osmand:speed>
        </extensions>
      </trkpt>
      <trkpt lat="-13.6085227" lon="-71.3315341">
        <ele>4402.2</ele>
        <time>2026-06-03T07:08:25Z</time>
        <hdop>3</hdop>
        <extensions>
          <osmand:speed>0.8</osmand:speed>
        </extensions>
      </trkpt>
      <trkpt lat="-13.6085695" lon="-71.3315993">
        <ele>4397.6</ele>
        <time>2026-06-03T07:08:40Z</time>
        <hdop>3</hdop>
        <extensions>
          <osmand:speed>0.8</osmand:speed>
        </extensions>
      </trkpt>
      <trkpt lat="-13.6086452" lon="-71.331688">
        <ele>4395.5</ele>
        <time>2026-06-03T07:08:56Z</time>
        <hdop>3</hdop>
        <extensions>
          <osmand:speed>1</osmand:speed>
        </extensions>
      </trkpt>
      <trkpt lat="-13.6087209" lon="-71.3317676">
        <ele>4390.9</ele>
        <time>2026-06-03T07:09:11Z</time>
        <hdop>3</hdop>
        <extensions>
          <osmand:speed>0.9</osmand:speed>
        </extensions>
      </trkpt>
      <trkpt lat="-13.6087711" lon="-71.3318416">
        <ele>4388.7</ele>
        <time>2026-06-03T07:09:26Z</time>
        <hdop>3</hdop>
        <extensions>
          <osmand:speed>0.7</osmand:speed>
        </extensions>
      </trkpt>
      <trkpt lat="-13.6088345" lon="-71.3318683">
        <ele>4388.2</ele>
        <time>2026-06-03T07:09:41Z</time>
        <hdop>3</hdop>
        <extensions>
          <osmand:speed>0.7</osmand:speed>
        </extensions>
      </trkpt>
      <trkpt lat="-13.6088882" lon="-71.3319311">
        <ele>4387</ele>
        <time>2026-06-03T07:09:57Z</time>
        <hdop>3</hdop>
        <extensions>
          <osmand:speed>0.8</osmand:speed>
        </extensions>
      </trkpt>
      <trkpt lat="-13.6089692" lon="-71.3319673">
        <ele>4383.3</ele>
        <time>2026-06-03T07:10:12Z</time>
        <hdop>3</hdop>
        <extensions>
          <osmand:speed>0.9</osmand:speed>
        </extensions>
      </trkpt>
      <trkpt lat="-13.6090826" lon="-71.3319901">
        <ele>4380.6</ele>
        <time>2026-06-03T07:10:27Z</time>
        <hdop>3</hdop>
        <extensions>
          <osmand:speed>1</osmand:speed>
        </extensions>
      </trkpt>
      <trkpt lat="-13.6091815" lon="-71.3319732">
        <ele>4377.9</ele>
        <time>2026-06-03T07:10:42Z</time>
        <hdop>3</hdop>
        <extensions>
          <osmand:speed>0.9</osmand:speed>
        </extensions>
      </trkpt>
      <trkpt lat="-13.6092532" lon="-71.3319456">
        <ele>4378.2</ele>
        <time>2026-06-03T07:10:58Z</time>
        <hdop>3</hdop>
        <extensions>
          <osmand:speed>0.8</osmand:speed>
        </extensions>
      </trkpt>
      <trkpt lat="-13.6093508" lon="-71.3319211">
        <ele>4373.9</ele>
        <time>2026-06-03T07:11:13Z</time>
        <hdop>3</hdop>
        <extensions>
          <osmand:speed>0.8</osmand:speed>
        </extensions>
      </trkpt>
      <trkpt lat="-13.6094399" lon="-71.3319237">
        <ele>4373.4</ele>
        <time>2026-06-03T07:11:29Z</time>
        <hdop>3</hdop>
        <extensions>
          <osmand:speed>0.8</osmand:speed>
        </extensions>
      </trkpt>
      <trkpt lat="-13.6095257" lon="-71.3319332">
        <ele>4371.7</ele>
        <time>2026-06-03T07:11:44Z</time>
        <hdop>3</hdop>
        <extensions>
          <osmand:speed>0.9</osmand:speed>
        </extensions>
      </trkpt>
      <trkpt lat="-13.6096117" lon="-71.3319814">
        <ele>4367.7</ele>
        <time>2026-06-03T07:11:59Z</time>
        <hdop>3</hdop>
        <extensions>
          <osmand:speed>1</osmand:speed>
        </extensions>
      </trkpt>
      <trkpt lat="-13.609669" lon="-71.3319808">
        <ele>4364.6</ele>
        <time>2026-06-03T07:12:15Z</time>
        <hdop>3</hdop>
        <extensions>
          <osmand:speed>0.8</osmand:speed>
        </extensions>
      </trkpt>
      <trkpt lat="-13.6097584" lon="-71.3320356">
        <ele>4361.6</ele>
        <time>2026-06-03T07:12:30Z</time>
        <hdop>3</hdop>
        <extensions>
          <osmand:speed>1</osmand:speed>
        </extensions>
      </trkpt>
      <trkpt lat="-13.6098337" lon="-71.3320951">
        <ele>4357.3</ele>
        <time>2026-06-03T07:12:45Z</time>
        <hdop>3</hdop>
        <extensions>
          <osmand:speed>1</osmand:speed>
        </extensions>
      </trkpt>
      <trkpt lat="-13.6099155" lon="-71.3321608">
        <ele>4354.4</ele>
        <time>2026-06-03T07:13:00Z</time>
        <hdop>3</hdop>
        <extensions>
          <osmand:speed>1</osmand:speed>
        </extensions>
      </trkpt>
      <trkpt lat="-13.6099757" lon="-71.3322471">
        <ele>4349.2</ele>
        <time>2026-06-03T07:13:16Z</time>
        <hdop>3</hdop>
        <extensions>
          <osmand:speed>1</osmand:speed>
        </extensions>
      </trkpt>
      <trkpt lat="-13.6100497" lon="-71.3323371">
        <ele>4346.3</ele>
        <time>2026-06-03T07:13:31Z</time>
        <hdop>3</hdop>
        <extensions>
          <osmand:speed>1</osmand:speed>
        </extensions>
      </trkpt>
      <trkpt lat="-13.6100911" lon="-71.3323894">
        <ele>4344.8</ele>
        <time>2026-06-03T07:13:46Z</time>
        <hdop>3</hdop>
        <extensions>
          <osmand:speed>0.7</osmand:speed>
        </extensions>
      </trkpt>
      <trkpt lat="-13.6101361" lon="-71.3324557">
        <ele>4344.3</ele>
        <time>2026-06-03T07:14:02Z</time>
        <hdop>3</hdop>
        <extensions>
          <osmand:speed>0.8</osmand:speed>
        </extensions>
      </trkpt>
      <trkpt lat="-13.6101844" lon="-71.332524">
        <ele>4342.1</ele>
        <time>2026-06-03T07:14:17Z</time>
        <hdop>3</hdop>
        <extensions>
          <osmand:speed>0.8</osmand:speed>
        </extensions>
      </trkpt>
      <trkpt lat="-13.6102577" lon="-71.3325662">
        <ele>4339.9</ele>
        <time>2026-06-03T07:14:32Z</time>
        <hdop>3</hdop>
        <extensions>
          <osmand:speed>0.7</osmand:speed>
        </extensions>
      </trkpt>
      <trkpt lat="-13.6103103" lon="-71.3326202">
        <ele>4334.3</ele>
        <time>2026-06-03T07:14:48Z</time>
        <hdop>3</hdop>
        <extensions>
          <osmand:speed>0.9</osmand:speed>
        </extensions>
      </trkpt>
      <trkpt lat="-13.6103925" lon="-71.3326581">
        <ele>4333.1</ele>
        <time>2026-06-03T07:15:03Z</time>
        <hdop>3</hdop>
        <extensions>
          <osmand:speed>0.9</osmand:speed>
        </extensions>
      </trkpt>
      <trkpt lat="-13.6104572" lon="-71.3327163">
        <ele>4328.7</ele>
        <time>2026-06-03T07:15:19Z</time>
        <hdop>3</hdop>
        <extensions>
          <osmand:speed>0.9</osmand:speed>
        </extensions>
      </trkpt>
      <trkpt lat="-13.6105373" lon="-71.3327596">
        <ele>4325.9</ele>
        <time>2026-06-03T07:15:35Z</time>
        <hdop>3</hdop>
        <extensions>
          <osmand:speed>0.9</osmand:speed>
        </extensions>
      </trkpt>
      <trkpt lat="-13.6106249" lon="-71.3328215">
        <ele>4323.1</ele>
        <time>2026-06-03T07:15:50Z</time>
        <hdop>3</hdop>
        <extensions>
          <osmand:speed>0.8</osmand:speed>
        </extensions>
      </trkpt>
      <trkpt lat="-13.6106964" lon="-71.3328801">
        <ele>4320.7</ele>
        <time>2026-06-03T07:16:05Z</time>
        <hdop>3</hdop>
        <extensions>
          <osmand:speed>0.8</osmand:speed>
        </extensions>
      </trkpt>
      <trkpt lat="-13.6107978" lon="-71.3329384">
        <ele>4319.2</ele>
        <time>2026-06-03T07:16:21Z</time>
        <hdop>3</hdop>
        <extensions>
          <osmand:speed>1.1</osmand:speed>
        </extensions>
      </trkpt>
      <trkpt lat="-13.6108504" lon="-71.3329851">
        <ele>4316.5</ele>
        <time>2026-06-03T07:16:37Z</time>
        <hdop>3</hdop>
        <extensions>
          <osmand:speed>0.8</osmand:speed>
        </extensions>
      </trkpt>
      <trkpt lat="-13.6109227" lon="-71.3330374">
        <ele>4311.6</ele>
        <time>2026-06-03T07:16:52Z</time>
        <hdop>3</hdop>
        <extensions>
          <osmand:speed>0.9</osmand:speed>
        </extensions>
      </trkpt>
      <trkpt lat="-13.6109978" lon="-71.3330701">
        <ele>4311.2</ele>
        <time>2026-06-03T07:17:07Z</time>
        <hdop>3</hdop>
        <extensions>
          <osmand:speed>0.9</osmand:speed>
        </extensions>
      </trkpt>
      <trkpt lat="-13.6111066" lon="-71.3331019">
        <ele>4315.1</ele>
        <time>2026-06-03T07:17:22Z</time>
        <hdop>3.1</hdop>
        <extensions>
          <osmand:speed>1.2</osmand:speed>
        </extensions>
      </trkpt>
      <trkpt lat="-13.6111792" lon="-71.3331688">
        <ele>4311.1</ele>
        <time>2026-06-03T07:17:37Z</time>
        <hdop>3</hdop>
        <extensions>
          <osmand:speed>1</osmand:speed>
        </extensions>
      </trkpt>
      <trkpt lat="-13.6112317" lon="-71.333227">
        <ele>4307.5</ele>
        <time>2026-06-03T07:17:52Z</time>
        <hdop>3</hdop>
        <extensions>
          <osmand:speed>0.9</osmand:speed>
        </extensions>
      </trkpt>
      <trkpt lat="-13.6113048" lon="-71.3332773">
        <ele>4300.8</ele>
        <time>2026-06-03T07:18:07Z</time>
        <hdop>3</hdop>
        <extensions>
          <osmand:speed>0.8</osmand:speed>
        </extensions>
      </trkpt>
      <trkpt lat="-13.6113656" lon="-71.3333331">
        <ele>4295.2</ele>
        <time>2026-06-03T07:18:23Z</time>
        <hdop>3</hdop>
        <extensions>
          <osmand:speed>0.8</osmand:speed>
        </extensions>
      </trkpt>
      <trkpt lat="-13.6114248" lon="-71.3333798">
        <ele>4292.9</ele>
        <time>2026-06-03T07:18:38Z</time>
        <hdop>3</hdop>
        <extensions>
          <osmand:speed>0.7</osmand:speed>
        </extensions>
      </trkpt>
      <trkpt lat="-13.6114944" lon="-71.3334118">
        <ele>4292.2</ele>
        <time>2026-06-03T07:18:54Z</time>
        <hdop>3</hdop>
        <extensions>
          <osmand:speed>0.9</osmand:speed>
        </extensions>
      </trkpt>
      <trkpt lat="-13.6115604" lon="-71.3334349">
        <ele>4289.4</ele>
        <time>2026-06-03T07:19:09Z</time>
        <hdop>3</hdop>
        <extensions>
          <osmand:speed>0.9</osmand:speed>
        </extensions>
      </trkpt>
      <trkpt lat="-13.6116146" lon="-71.3334671">
        <ele>4286</ele>
        <time>2026-06-03T07:19:24Z</time>
        <hdop>3</hdop>
        <extensions>
          <osmand:speed>0.7</osmand:speed>
        </extensions>
      </trkpt>
      <trkpt lat="-13.6116944" lon="-71.3334835">
        <ele>4284.6</ele>
        <time>2026-06-03T07:19:40Z</time>
        <hdop>3</hdop>
        <extensions>
          <osmand:speed>0.9</osmand:speed>
        </extensions>
      </trkpt>
      <trkpt lat="-13.6117653" lon="-71.3335278">
        <ele>4278.7</ele>
        <time>2026-06-03T07:19:55Z</time>
        <hdop>3</hdop>
        <extensions>
          <osmand:speed>0.7</osmand:speed>
        </extensions>
      </trkpt>
      <trkpt lat="-13.6118319" lon="-71.3335413">
        <ele>4277.6</ele>
        <time>2026-06-03T07:20:10Z</time>
        <hdop>3</hdop>
        <extensions>
          <osmand:speed>0.7</osmand:speed>
        </extensions>
      </trkpt>
      <trkpt lat="-13.6119025" lon="-71.3335907">
        <ele>4277.8</ele>
        <time>2026-06-03T07:20:26Z</time>
        <hdop>3</hdop>
        <extensions>
          <osmand:speed>0.9</osmand:speed>
        </extensions>
      </trkpt>
      <trkpt lat="-13.61197" lon="-71.333617">
        <ele>4272.4</ele>
        <time>2026-06-03T07:20:41Z</time>
        <hdop>3</hdop>
        <extensions>
          <osmand:speed>0.9</osmand:speed>
        </extensions>
      </trkpt>
      <trkpt lat="-13.6120367" lon="-71.3336253">
        <ele>4270.6</ele>
        <time>2026-06-03T07:20:56Z</time>
        <hdop>3</hdop>
        <extensions>
          <osmand:speed>0.9</osmand:speed>
        </extensions>
      </trkpt>
      <trkpt lat="-13.6121108" lon="-71.3336541">
        <ele>4271.1</ele>
        <time>2026-06-03T07:21:11Z</time>
        <hdop>3</hdop>
        <extensions>
          <osmand:speed>0.9</osmand:speed>
        </extensions>
      </trkpt>
      <trkpt lat="-13.6121995" lon="-71.3336654">
        <ele>4266</ele>
        <time>2026-06-03T07:21:26Z</time>
        <hdop>3</hdop>
        <extensions>
          <osmand:speed>0.9</osmand:speed>
        </extensions>
      </trkpt>
      <trkpt lat="-13.6122576" lon="-71.3337082">
        <ele>4262.1</ele>
        <time>2026-06-03T07:21:41Z</time>
        <hdop>3</hdop>
        <extensions>
          <osmand:speed>0.8</osmand:speed>
        </extensions>
      </trkpt>
      <trkpt lat="-13.6123592" lon="-71.3337242">
        <ele>4259</ele>
        <time>2026-06-03T07:21:57Z</time>
        <hdop>3</hdop>
        <extensions>
          <osmand:speed>0.9</osmand:speed>
        </extensions>
      </trkpt>
      <trkpt lat="-13.6124404" lon="-71.3337436">
        <ele>4256.8</ele>
        <time>2026-06-03T07:22:12Z</time>
        <hdop>3</hdop>
        <extensions>
          <osmand:speed>0.9</osmand:speed>
        </extensions>
      </trkpt>
      <trkpt lat="-13.6125169" lon="-71.3337594">
        <ele>4254.2</ele>
        <time>2026-06-03T07:22:27Z</time>
        <hdop>3</hdop>
        <extensions>
          <osmand:speed>0.7</osmand:speed>
        </extensions>
      </trkpt>
      <trkpt lat="-13.6125765" lon="-71.3338002">
        <ele>4252</ele>
        <time>2026-06-03T07:22:42Z</time>
        <hdop>3</hdop>
        <extensions>
          <osmand:speed>0.6</osmand:speed>
        </extensions>
      </trkpt>
      <trkpt lat="-13.6126674" lon="-71.3338285">
        <ele>4249.3</ele>
        <time>2026-06-03T07:22:58Z</time>
        <hdop>3</hdop>
        <extensions>
          <osmand:speed>1</osmand:speed>
        </extensions>
      </trkpt>
      <trkpt lat="-13.612739" lon="-71.3338527">
        <ele>4246.4</ele>
        <time>2026-06-03T07:23:13Z</time>
        <hdop>3</hdop>
        <extensions>
          <osmand:speed>0.9</osmand:speed>
        </extensions>
      </trkpt>
      <trkpt lat="-13.6128339" lon="-71.3338582">
        <ele>4243.1</ele>
        <time>2026-06-03T07:23:28Z</time>
        <hdop>3</hdop>
        <extensions>
          <osmand:speed>0.8</osmand:speed>
        </extensions>
      </trkpt>
      <trkpt lat="-13.6128993" lon="-71.3338612">
        <ele>4242.9</ele>
        <time>2026-06-03T07:23:43Z</time>
        <hdop>3</hdop>
        <extensions>
          <osmand:speed>0.9</osmand:speed>
        </extensions>
      </trkpt>
      <trkpt lat="-13.6129776" lon="-71.3339014">
        <ele>4240.3</ele>
        <time>2026-06-03T07:23:58Z</time>
        <hdop>3</hdop>
        <extensions>
          <osmand:speed>0.8</osmand:speed>
        </extensions>
      </trkpt>
      <trkpt lat="-13.6130511" lon="-71.3339171">
        <ele>4235.4</ele>
        <time>2026-06-03T07:24:13Z</time>
        <hdop>3</hdop>
        <extensions>
          <osmand:speed>0.7</osmand:speed>
        </extensions>
      </trkpt>
      <trkpt lat="-13.6131276" lon="-71.3339371">
        <ele>4234.5</ele>
        <time>2026-06-03T07:24:29Z</time>
        <hdop>3</hdop>
        <extensions>
          <osmand:speed>0.9</osmand:speed>
        </extensions>
      </trkpt>
      <trkpt lat="-13.6132248" lon="-71.3339253">
        <ele>4231.3</ele>
        <time>2026-06-03T07:24:44Z</time>
        <hdop>3</hdop>
        <extensions>
          <osmand:speed>0.8</osmand:speed>
        </extensions>
      </trkpt>
      <trkpt lat="-13.6133022" lon="-71.3339617">
        <ele>4228.9</ele>
        <time>2026-06-03T07:24:59Z</time>
        <hdop>3</hdop>
        <extensions>
          <osmand:speed>0.6</osmand:speed>
        </extensions>
      </trkpt>
      <trkpt lat="-13.6133733" lon="-71.3339887">
        <ele>4224.5</ele>
        <time>2026-06-03T07:25:15Z</time>
        <hdop>3</hdop>
        <extensions>
          <osmand:speed>1</osmand:speed>
        </extensions>
      </trkpt>
      <trkpt lat="-13.6134148" lon="-71.3340034">
        <ele>4223.1</ele>
        <time>2026-06-03T07:25:30Z</time>
        <hdop>3</hdop>
        <extensions>
          <osmand:speed>0.7</osmand:speed>
        </extensions>
      </trkpt>
      <trkpt lat="-13.613497" lon="-71.3340181">
        <ele>4222.2</ele>
        <time>2026-06-03T07:25:45Z</time>
        <hdop>3</hdop>
        <extensions>
          <osmand:speed>0.9</osmand:speed>
        </extensions>
      </trkpt>
      <trkpt lat="-13.613537" lon="-71.3340478">
        <ele>4219.5</ele>
        <time>2026-06-03T07:26:00Z</time>
        <hdop>3</hdop>
        <extensions>
          <osmand:speed>0.7</osmand:speed>
        </extensions>
      </trkpt>
      <trkpt lat="-13.613647" lon="-71.3340678">
        <ele>4217.2</ele>
        <time>2026-06-03T07:26:15Z</time>
        <hdop>3</hdop>
        <extensions>
          <osmand:speed>0.9</osmand:speed>
        </extensions>
      </trkpt>
      <trkpt lat="-13.6136977" lon="-71.3340564">
        <ele>4215.7</ele>
        <time>2026-06-03T07:26:31Z</time>
        <hdop>3</hdop>
        <extensions>
          <osmand:speed>0.6</osmand:speed>
        </extensions>
      </trkpt>
      <trkpt lat="-13.6137185" lon="-71.3340892">
        <ele>4207.9</ele>
        <time>2026-06-03T07:26:47Z</time>
        <hdop>3</hdop>
        <extensions>
          <osmand:speed>0.9</osmand:speed>
        </extensions>
      </trkpt>
      <trkpt lat="-13.6137276" lon="-71.3340801">
        <ele>4209.8</ele>
        <time>2026-06-03T07:27:02Z</time>
        <hdop>3</hdop>
        <extensions>
          <osmand:speed>0.1</osmand:speed>
        </extensions>
      </trkpt>
      <trkpt lat="-13.6137888" lon="-71.3340837">
        <ele>4212</ele>
        <time>2026-06-03T07:27:18Z</time>
        <hdop>3</hdop>
        <extensions>
          <osmand:speed>0.7</osmand:speed>
        </extensions>
      </trkpt>
      <trkpt lat="-13.6138258" lon="-71.3340975">
        <ele>4211.7</ele>
        <time>2026-06-03T07:27:33Z</time>
        <hdop>3</hdop>
        <extensions>
          <osmand:speed>0.1</osmand:speed>
        </extensions>
      </trkpt>
      <trkpt lat="-13.6138667" lon="-71.3341096">
        <ele>4211.7</ele>
        <time>2026-06-03T07:27:49Z</time>
        <hdop>3</hdop>
        <extensions>
          <osmand:speed>0.5</osmand:speed>
        </extensions>
      </trkpt>
      <trkpt lat="-13.6138685" lon="-71.3341097">
        <ele>4210.7</ele>
        <time>2026-06-03T07:28:05Z</time>
        <hdop>3</hdop>
        <extensions>
          <osmand:speed>0</osmand:speed>
        </extensions>
      </trkpt>
      <trkpt lat="-13.6139062" lon="-71.3341338">
        <ele>4209</ele>
        <time>2026-06-03T07:28:20Z</time>
        <hdop>3</hdop>
        <extensions>
          <osmand:speed>0.8</osmand:speed>
        </extensions>
      </trkpt>
      <trkpt lat="-13.6139823" lon="-71.3341488">
        <ele>4205.8</ele>
        <time>2026-06-03T07:28:35Z</time>
        <hdop>3</hdop>
        <extensions>
          <osmand:speed>0.9</osmand:speed>
        </extensions>
      </trkpt>
      <trkpt lat="-13.6140483" lon="-71.334132">
        <ele>4204.5</ele>
        <time>2026-06-03T07:28:50Z</time>
        <hdop>3</hdop>
        <extensions>
          <osmand:speed>0.6</osmand:speed>
        </extensions>
      </trkpt>
      <trkpt lat="-13.61409" lon="-71.3341379">
        <ele>4202.9</ele>
        <time>2026-06-03T07:29:06Z</time>
        <hdop>3</hdop>
        <extensions>
          <osmand:speed>0.2</osmand:speed>
        </extensions>
      </trkpt>
      <trkpt lat="-13.6141715" lon="-71.334161">
        <ele>4200.8</ele>
        <time>2026-06-03T07:29:21Z</time>
        <hdop>3</hdop>
        <extensions>
          <osmand:speed>1</osmand:speed>
        </extensions>
      </trkpt>
      <trkpt lat="-13.614223" lon="-71.3341837">
        <ele>4197.7</ele>
        <time>2026-06-03T07:29:36Z</time>
        <hdop>3</hdop>
        <extensions>
          <osmand:speed>0.9</osmand:speed>
        </extensions>
      </trkpt>
      <trkpt lat="-13.6142955" lon="-71.3342071">
        <ele>4194</ele>
        <time>2026-06-03T07:29:51Z</time>
        <hdop>3</hdop>
        <extensions>
          <osmand:speed>0.8</osmand:speed>
        </extensions>
      </trkpt>
      <trkpt lat="-13.6143646" lon="-71.3342094">
        <ele>4192.1</ele>
        <time>2026-06-03T07:30:06Z</time>
        <hdop>3</hdop>
        <extensions>
          <osmand:speed>0.7</osmand:speed>
        </extensions>
      </trkpt>
      <trkpt lat="-13.6144382" lon="-71.3342128">
        <ele>4187.8</ele>
        <time>2026-06-03T07:30:21Z</time>
        <hdop>3</hdop>
        <extensions>
          <osmand:speed>0.8</osmand:speed>
        </extensions>
      </trkpt>
      <trkpt lat="-13.6145089" lon="-71.3342218">
        <ele>4188.3</ele>
        <time>2026-06-03T07:30:37Z</time>
        <hdop>3</hdop>
        <extensions>
          <osmand:speed>0.6</osmand:speed>
        </extensions>
      </trkpt>
      <trkpt lat="-13.6146173" lon="-71.3342148">
        <ele>4186.8</ele>
        <time>2026-06-03T07:30:52Z</time>
        <hdop>3</hdop>
        <extensions>
          <osmand:speed>1</osmand:speed>
        </extensions>
      </trkpt>
      <trkpt lat="-13.6147158" lon="-71.3342312">
        <ele>4181.6</ele>
        <time>2026-06-03T07:31:07Z</time>
        <hdop>3</hdop>
        <extensions>
          <osmand:speed>1</osmand:speed>
        </extensions>
      </trkpt>
      <trkpt lat="-13.6148155" lon="-71.3342172">
        <ele>4177.7</ele>
        <time>2026-06-03T07:31:22Z</time>
        <hdop>3</hdop>
        <extensions>
          <osmand:speed>0.9</osmand:speed>
        </extensions>
      </trkpt>
      <trkpt lat="-13.6149072" lon="-71.3342176">
        <ele>4176.4</ele>
        <time>2026-06-03T07:31:38Z</time>
        <hdop>3</hdop>
        <extensions>
          <osmand:speed>0.8</osmand:speed>
        </extensions>
      </trkpt>
      <trkpt lat="-13.614999" lon="-71.3342351">
        <ele>4172.6</ele>
        <time>2026-06-03T07:31:53Z</time>
        <hdop>3</hdop>
        <extensions>
          <osmand:speed>0.8</osmand:speed>
        </extensions>
      </trkpt>
      <trkpt lat="-13.6150794" lon="-71.3342839">
        <ele>4169.9</ele>
        <time>2026-06-03T07:32:08Z</time>
        <hdop>3</hdop>
        <extensions>
          <osmand:speed>0.8</osmand:speed>
        </extensions>
      </trkpt>
      <trkpt lat="-13.6151677" lon="-71.3343301">
        <ele>4166.2</ele>
        <time>2026-06-03T07:32:23Z</time>
        <hdop>3</hdop>
        <extensions>
          <osmand:speed>0.9</osmand:speed>
        </extensions>
      </trkpt>
      <trkpt lat="-13.6152676" lon="-71.334368">
        <ele>4164.6</ele>
        <time>2026-06-03T07:32:38Z</time>
        <hdop>3</hdop>
        <extensions>
          <osmand:speed>0.9</osmand:speed>
        </extensions>
      </trkpt>
      <trkpt lat="-13.6153466" lon="-71.3344164">
        <ele>4162.1</ele>
        <time>2026-06-03T07:32:54Z</time>
        <hdop>3</hdop>
        <extensions>
          <osmand:speed>1</osmand:speed>
        </extensions>
      </trkpt>
      <trkpt lat="-13.6154366" lon="-71.3344924">
        <ele>4158.6</ele>
        <time>2026-06-03T07:33:09Z</time>
        <hdop>3</hdop>
        <extensions>
          <osmand:speed>1</osmand:speed>
        </extensions>
      </trkpt>
      <trkpt lat="-13.6155043" lon="-71.334574">
        <ele>4155.4</ele>
        <time>2026-06-03T07:33:24Z</time>
        <hdop>3</hdop>
        <extensions>
          <osmand:speed>0.9</osmand:speed>
        </extensions>
      </trkpt>
      <trkpt lat="-13.6155832" lon="-71.334636">
        <ele>4153.1</ele>
        <time>2026-06-03T07:33:40Z</time>
        <hdop>3</hdop>
        <extensions>
          <osmand:speed>1</osmand:speed>
        </extensions>
      </trkpt>
      <trkpt lat="-13.6156781" lon="-71.33471">
        <ele>4149.8</ele>
        <time>2026-06-03T07:33:55Z</time>
        <hdop>3</hdop>
        <extensions>
          <osmand:speed>1</osmand:speed>
        </extensions>
      </trkpt>
      <trkpt lat="-13.6157629" lon="-71.3347736">
        <ele>4147.8</ele>
        <time>2026-06-03T07:34:10Z</time>
        <hdop>3</hdop>
        <extensions>
          <osmand:speed>0.9</osmand:speed>
        </extensions>
      </trkpt>
      <trkpt lat="-13.6158283" lon="-71.3348485">
        <ele>4146.6</ele>
        <time>2026-06-03T07:34:25Z</time>
        <hdop>3</hdop>
        <extensions>
          <osmand:speed>0.9</osmand:speed>
        </extensions>
      </trkpt>
      <trkpt lat="-13.615894" lon="-71.3349476">
        <ele>4142</ele>
        <time>2026-06-03T07:34:41Z</time>
        <hdop>3</hdop>
        <extensions>
          <osmand:speed>1</osmand:speed>
        </extensions>
      </trkpt>
      <trkpt lat="-13.615979" lon="-71.3350182">
        <ele>4141.5</ele>
        <time>2026-06-03T07:34:56Z</time>
        <hdop>3</hdop>
        <extensions>
          <osmand:speed>0.9</osmand:speed>
        </extensions>
      </trkpt>
      <trkpt lat="-13.6160402" lon="-71.3350903">
        <ele>4138.7</ele>
        <time>2026-06-03T07:35:11Z</time>
        <hdop>3</hdop>
        <extensions>
          <osmand:speed>0.8</osmand:speed>
        </extensions>
      </trkpt>
      <trkpt lat="-13.6161248" lon="-71.3351526">
        <ele>4135.4</ele>
        <time>2026-06-03T07:35:27Z</time>
        <hdop>3</hdop>
        <extensions>
          <osmand:speed>0.9</osmand:speed>
        </extensions>
      </trkpt>
      <trkpt lat="-13.6162152" lon="-71.3352173">
        <ele>4133.9</ele>
        <time>2026-06-03T07:35:42Z</time>
        <hdop>3</hdop>
        <extensions>
          <osmand:speed>0.9</osmand:speed>
        </extensions>
      </trkpt>
      <trkpt lat="-13.6162869" lon="-71.3352884">
        <ele>4130.8</ele>
        <time>2026-06-03T07:35:57Z</time>
        <hdop>3</hdop>
        <extensions>
          <osmand:speed>0.8</osmand:speed>
        </extensions>
      </trkpt>
      <trkpt lat="-13.6163789" lon="-71.3353407">
        <ele>4128.6</ele>
        <time>2026-06-03T07:36:13Z</time>
        <hdop>3</hdop>
        <extensions>
          <osmand:speed>0.9</osmand:speed>
        </extensions>
      </trkpt>
      <trkpt lat="-13.6164585" lon="-71.3353831">
        <ele>4126.6</ele>
        <time>2026-06-03T07:36:28Z</time>
        <hdop>3</hdop>
        <extensions>
          <osmand:speed>0.9</osmand:speed>
        </extensions>
      </trkpt>
      <trkpt lat="-13.6165329" lon="-71.3354232">
        <ele>4124.6</ele>
        <time>2026-06-03T07:36:43Z</time>
        <hdop>3</hdop>
        <extensions>
          <osmand:speed>0.8</osmand:speed>
        </extensions>
      </trkpt>
      <trkpt lat="-13.6166156" lon="-71.3354465">
        <ele>4125.4</ele>
        <time>2026-06-03T07:36:58Z</time>
        <hdop>3</hdop>
        <extensions>
          <osmand:speed>0.8</osmand:speed>
        </extensions>
      </trkpt>
      <trkpt lat="-13.6167087" lon="-71.3355016">
        <ele>4120.7</ele>
        <time>2026-06-03T07:37:13Z</time>
        <hdop>3</hdop>
        <extensions>
          <osmand:speed>0.8</osmand:speed>
        </extensions>
      </trkpt>
      <trkpt lat="-13.6167449" lon="-71.3356073">
        <ele>4118.6</ele>
        <time>2026-06-03T07:37:28Z</time>
        <hdop>3</hdop>
        <extensions>
          <osmand:speed>1</osmand:speed>
        </extensions>
      </trkpt>
      <trkpt lat="-13.6168031" lon="-71.335716">
        <ele>4113.8</ele>
        <time>2026-06-03T07:37:44Z</time>
        <hdop>3</hdop>
        <extensions>
          <osmand:speed>1</osmand:speed>
        </extensions>
      </trkpt>
      <trkpt lat="-13.6169013" lon="-71.335806">
        <ele>4112.9</ele>
        <time>2026-06-03T07:37:59Z</time>
        <hdop>3</hdop>
        <extensions>
          <osmand:speed>1</osmand:speed>
        </extensions>
      </trkpt>
      <trkpt lat="-13.6169592" lon="-71.3359027">
        <ele>4110.1</ele>
        <time>2026-06-03T07:38:14Z</time>
        <hdop>3</hdop>
        <extensions>
          <osmand:speed>0.9</osmand:speed>
        </extensions>
      </trkpt>
      <trkpt lat="-13.61703" lon="-71.3359923">
        <ele>4108.5</ele>
        <time>2026-06-03T07:38:30Z</time>
        <hdop>3</hdop>
        <extensions>
          <osmand:speed>1</osmand:speed>
        </extensions>
      </trkpt>
      <trkpt lat="-13.6171" lon="-71.3360978">
        <ele>4105.3</ele>
        <time>2026-06-03T07:38:45Z</time>
        <hdop>3</hdop>
        <extensions>
          <osmand:speed>1.1</osmand:speed>
        </extensions>
      </trkpt>
      <trkpt lat="-13.6171593" lon="-71.3361732">
        <ele>4103.4</ele>
        <time>2026-06-03T07:39:00Z</time>
        <hdop>3</hdop>
        <extensions>
          <osmand:speed>0.9</osmand:speed>
        </extensions>
      </trkpt>
      <trkpt lat="-13.6172243" lon="-71.3362941">
        <ele>4102.6</ele>
        <time>2026-06-03T07:39:16Z</time>
        <hdop>3</hdop>
        <extensions>
          <osmand:speed>1.1</osmand:speed>
        </extensions>
      </trkpt>
      <trkpt lat="-13.6172959" lon="-71.3363861">
        <ele>4101.6</ele>
        <time>2026-06-03T07:39:31Z</time>
        <hdop>3</hdop>
        <extensions>
          <osmand:speed>1</osmand:speed>
        </extensions>
      </trkpt>
      <trkpt lat="-13.617371" lon="-71.3364633">
        <ele>4098.8</ele>
        <time>2026-06-03T07:39:46Z</time>
        <hdop>3</hdop>
        <extensions>
          <osmand:speed>1</osmand:speed>
        </extensions>
      </trkpt>
      <trkpt lat="-13.6174472" lon="-71.3365407">
        <ele>4094.9</ele>
        <time>2026-06-03T07:40:01Z</time>
        <hdop>3</hdop>
        <extensions>
          <osmand:speed>1</osmand:speed>
        </extensions>
      </trkpt>
      <trkpt lat="-13.6175413" lon="-71.3366095">
        <ele>4093.8</ele>
        <time>2026-06-03T07:40:16Z</time>
        <hdop>3</hdop>
        <extensions>
          <osmand:speed>0.9</osmand:speed>
        </extensions>
      </trkpt>
      <trkpt lat="-13.6176317" lon="-71.3366845">
        <ele>4090</ele>
        <time>2026-06-03T07:40:32Z</time>
        <hdop>3</hdop>
        <extensions>
          <osmand:speed>0.8</osmand:speed>
        </extensions>
      </trkpt>
      <trkpt lat="-13.6176762" lon="-71.3367407">
        <ele>4088.8</ele>
        <time>2026-06-03T07:40:47Z</time>
        <hdop>3</hdop>
        <extensions>
          <osmand:speed>0.9</osmand:speed>
        </extensions>
      </trkpt>
      <trkpt lat="-13.6177456" lon="-71.3368087">
        <ele>4086.8</ele>
        <time>2026-06-03T07:41:02Z</time>
        <hdop>3</hdop>
        <extensions>
          <osmand:speed>0.8</osmand:speed>
        </extensions>
      </trkpt>
      <trkpt lat="-13.6178112" lon="-71.3368937">
        <ele>4086.2</ele>
        <time>2026-06-03T07:41:17Z</time>
        <hdop>3</hdop>
        <extensions>
          <osmand:speed>0.8</osmand:speed>
        </extensions>
      </trkpt>
      <trkpt lat="-13.617881" lon="-71.3369997">
        <ele>4084</ele>
        <time>2026-06-03T07:41:33Z</time>
        <hdop>3</hdop>
        <extensions>
          <osmand:speed>0.9</osmand:speed>
        </extensions>
      </trkpt>
      <trkpt lat="-13.6179472" lon="-71.3370937">
        <ele>4082.3</ele>
        <time>2026-06-03T07:41:48Z</time>
        <hdop>3</hdop>
        <extensions>
          <osmand:speed>1</osmand:speed>
        </extensions>
      </trkpt>
      <trkpt lat="-13.618012" lon="-71.3371934">
        <ele>4080.2</ele>
        <time>2026-06-03T07:42:03Z</time>
        <hdop>3</hdop>
        <extensions>
          <osmand:speed>0.8</osmand:speed>
        </extensions>
      </trkpt>
      <trkpt lat="-13.6180898" lon="-71.3372754">
        <ele>4078.9</ele>
        <time>2026-06-03T07:42:18Z</time>
        <hdop>3</hdop>
        <extensions>
          <osmand:speed>0.9</osmand:speed>
        </extensions>
      </trkpt>
      <trkpt lat="-13.6181666" lon="-71.3373416">
        <ele>4076.1</ele>
        <time>2026-06-03T07:42:34Z</time>
        <hdop>3</hdop>
        <extensions>
          <osmand:speed>0.8</osmand:speed>
        </extensions>
      </trkpt>
      <trkpt lat="-13.6182459" lon="-71.3374261">
        <ele>4074.9</ele>
        <time>2026-06-03T07:42:49Z</time>
        <hdop>3</hdop>
        <extensions>
          <osmand:speed>1</osmand:speed>
        </extensions>
      </trkpt>
      <trkpt lat="-13.6182985" lon="-71.3375182">
        <ele>4073.9</ele>
        <time>2026-06-03T07:43:04Z</time>
        <hdop>3</hdop>
        <extensions>
          <osmand:speed>1</osmand:speed>
        </extensions>
      </trkpt>
      <trkpt lat="-13.6184076" lon="-71.3375995">
        <ele>4071</ele>
        <time>2026-06-03T07:43:19Z</time>
        <hdop>3</hdop>
        <extensions>
          <osmand:speed>1</osmand:speed>
        </extensions>
      </trkpt>
      <trkpt lat="-13.6184887" lon="-71.3376792">
        <ele>4066.9</ele>
        <time>2026-06-03T07:43:34Z</time>
        <hdop>3</hdop>
        <extensions>
          <osmand:speed>1</osmand:speed>
        </extensions>
      </trkpt>
      <trkpt lat="-13.6185696" lon="-71.3377924">
        <ele>4066.4</ele>
        <time>2026-06-03T07:43:50Z</time>
        <hdop>3</hdop>
        <extensions>
          <osmand:speed>1.1</osmand:speed>
        </extensions>
      </trkpt>
      <trkpt lat="-13.6186184" lon="-71.3379138">
        <ele>4064</ele>
        <time>2026-06-03T07:44:05Z</time>
        <hdop>3</hdop>
        <extensions>
          <osmand:speed>1</osmand:speed>
        </extensions>
      </trkpt>
      <trkpt lat="-13.6186753" lon="-71.3380113">
        <ele>4061.9</ele>
        <time>2026-06-03T07:44:20Z</time>
        <hdop>3</hdop>
        <extensions>
          <osmand:speed>0.9</osmand:speed>
        </extensions>
      </trkpt>
      <trkpt lat="-13.6187281" lon="-71.3381054">
        <ele>4059.7</ele>
        <time>2026-06-03T07:44:35Z</time>
        <hdop>3</hdop>
        <extensions>
          <osmand:speed>0.9</osmand:speed>
        </extensions>
      </trkpt>
      <trkpt lat="-13.6187884" lon="-71.3382064">
        <ele>4058.7</ele>
        <time>2026-06-03T07:44:50Z</time>
        <hdop>3</hdop>
        <extensions>
          <osmand:speed>0.9</osmand:speed>
        </extensions>
      </trkpt>
      <trkpt lat="-13.6188383" lon="-71.3383121">
        <ele>4057</ele>
        <time>2026-06-03T07:45:06Z</time>
        <hdop>3</hdop>
        <extensions>
          <osmand:speed>1</osmand:speed>
        </extensions>
      </trkpt>
      <trkpt lat="-13.618893" lon="-71.3384253">
        <ele>4055.3</ele>
        <time>2026-06-03T07:45:21Z</time>
        <hdop>3</hdop>
        <extensions>
          <osmand:speed>1</osmand:speed>
        </extensions>
      </trkpt>
      <trkpt lat="-13.618941" lon="-71.3385174">
        <ele>4054.4</ele>
        <time>2026-06-03T07:45:36Z</time>
        <hdop>3</hdop>
        <extensions>
          <osmand:speed>0.8</osmand:speed>
        </extensions>
      </trkpt>
      <trkpt lat="-13.6189635" lon="-71.3386236">
        <ele>4052.1</ele>
        <time>2026-06-03T07:45:51Z</time>
        <hdop>3</hdop>
        <extensions>
          <osmand:speed>0.9</osmand:speed>
        </extensions>
      </trkpt>
      <trkpt lat="-13.6189707" lon="-71.338744">
        <ele>4049.6</ele>
        <time>2026-06-03T07:46:07Z</time>
        <hdop>3</hdop>
        <extensions>
          <osmand:speed>1</osmand:speed>
        </extensions>
      </trkpt>
      <trkpt lat="-13.6189848" lon="-71.3388887">
        <ele>4048.3</ele>
        <time>2026-06-03T07:46:22Z</time>
        <hdop>3</hdop>
        <extensions>
          <osmand:speed>1</osmand:speed>
        </extensions>
      </trkpt>
      <trkpt lat="-13.6189938" lon="-71.3390012">
        <ele>4047.5</ele>
        <time>2026-06-03T07:46:37Z</time>
        <hdop>3</hdop>
        <extensions>
          <osmand:speed>0.9</osmand:speed>
        </extensions>
      </trkpt>
      <trkpt lat="-13.6190023" lon="-71.3391241">
        <ele>4045.9</ele>
        <time>2026-06-03T07:46:52Z</time>
        <hdop>3</hdop>
        <extensions>
          <osmand:speed>1</osmand:speed>
        </extensions>
      </trkpt>
      <trkpt lat="-13.6190538" lon="-71.3392326">
        <ele>4044.1</ele>
        <time>2026-06-03T07:47:08Z</time>
        <hdop>3</hdop>
        <extensions>
          <osmand:speed>1</osmand:speed>
        </extensions>
      </trkpt>
      <trkpt lat="-13.6190924" lon="-71.3393372">
        <ele>4041.7</ele>
        <time>2026-06-03T07:47:23Z</time>
        <hdop>3</hdop>
        <extensions>
          <osmand:speed>0.9</osmand:speed>
        </extensions>
      </trkpt>
      <trkpt lat="-13.6190977" lon="-71.3394558">
        <ele>4039.2</ele>
        <time>2026-06-03T07:47:38Z</time>
        <hdop>3</hdop>
        <extensions>
          <osmand:speed>1</osmand:speed>
        </extensions>
      </trkpt>
      <trkpt lat="-13.6190211" lon="-71.3395432">
        <ele>4037.2</ele>
        <time>2026-06-03T07:47:53Z</time>
        <hdop>3</hdop>
        <extensions>
          <osmand:speed>0.9</osmand:speed>
        </extensions>
      </trkpt>
      <trkpt lat="-13.6189125" lon="-71.3396125">
        <ele>4036.9</ele>
        <time>2026-06-03T07:48:08Z</time>
        <hdop>3</hdop>
        <extensions>
          <osmand:speed>1</osmand:speed>
        </extensions>
      </trkpt>
      <trkpt lat="-13.6188763" lon="-71.3397327">
        <ele>4036.8</ele>
        <time>2026-06-03T07:48:24Z</time>
        <hdop>3</hdop>
        <extensions>
          <osmand:speed>1</osmand:speed>
        </extensions>
      </trkpt>
      <trkpt lat="-13.6188682" lon="-71.339846">
        <ele>4034.4</ele>
        <time>2026-06-03T07:48:39Z</time>
        <hdop>3</hdop>
        <extensions>
          <osmand:speed>1</osmand:speed>
        </extensions>
      </trkpt>
      <trkpt lat="-13.6188726" lon="-71.3399694">
        <ele>4030.8</ele>
        <time>2026-06-03T07:48:54Z</time>
        <hdop>3</hdop>
        <extensions>
          <osmand:speed>1</osmand:speed>
        </extensions>
      </trkpt>
      <trkpt lat="-13.618868" lon="-71.3400936">
        <ele>4030.7</ele>
        <time>2026-06-03T07:49:09Z</time>
        <hdop>3</hdop>
        <extensions>
          <osmand:speed>1</osmand:speed>
        </extensions>
      </trkpt>
      <trkpt lat="-13.6189057" lon="-71.340204">
        <ele>4030.3</ele>
        <time>2026-06-03T07:49:24Z</time>
        <hdop>3</hdop>
        <extensions>
          <osmand:speed>0.9</osmand:speed>
        </extensions>
      </trkpt>
      <trkpt lat="-13.6189131" lon="-71.3403172">
        <ele>4026.4</ele>
        <time>2026-06-03T07:49:39Z</time>
        <hdop>3</hdop>
        <extensions>
          <osmand:speed>1</osmand:speed>
        </extensions>
      </trkpt>
      <trkpt lat="-13.6189562" lon="-71.340439">
        <ele>4026.4</ele>
        <time>2026-06-03T07:49:54Z</time>
        <hdop>3</hdop>
        <extensions>
          <osmand:speed>0.9</osmand:speed>
        </extensions>
      </trkpt>
      <trkpt lat="-13.6189912" lon="-71.3405483">
        <ele>4025.3</ele>
        <time>2026-06-03T07:50:09Z</time>
        <hdop>3</hdop>
        <extensions>
          <osmand:speed>1</osmand:speed>
        </extensions>
      </trkpt>
      <trkpt lat="-13.6190186" lon="-71.3406761">
        <ele>4024.1</ele>
        <time>2026-06-03T07:50:24Z</time>
        <hdop>3</hdop>
        <extensions>
          <osmand:speed>1</osmand:speed>
        </extensions>
      </trkpt>
      <trkpt lat="-13.6190348" lon="-71.3407965">
        <ele>4022.6</ele>
        <time>2026-06-03T07:50:40Z</time>
        <hdop>3</hdop>
        <extensions>
          <osmand:speed>1</osmand:speed>
        </extensions>
      </trkpt>
      <trkpt lat="-13.6190661" lon="-71.3408928">
        <ele>4021.7</ele>
        <time>2026-06-03T07:50:55Z</time>
        <hdop>3</hdop>
        <extensions>
          <osmand:speed>0.8</osmand:speed>
        </extensions>
      </trkpt>
      <trkpt lat="-13.6190839" lon="-71.3410229">
        <ele>4018.6</ele>
        <time>2026-06-03T07:51:10Z</time>
        <hdop>3</hdop>
        <extensions>
          <osmand:speed>1</osmand:speed>
        </extensions>
      </trkpt>
      <trkpt lat="-13.6190928" lon="-71.3411511">
        <ele>4017.8</ele>
        <time>2026-06-03T07:51:25Z</time>
        <hdop>3</hdop>
        <extensions>
          <osmand:speed>0.9</osmand:speed>
        </extensions>
      </trkpt>
      <trkpt lat="-13.6190761" lon="-71.3412545">
        <ele>4015.5</ele>
        <time>2026-06-03T07:51:41Z</time>
        <hdop>3</hdop>
        <extensions>
          <osmand:speed>0.9</osmand:speed>
        </extensions>
      </trkpt>
      <trkpt lat="-13.6190801" lon="-71.3413706">
        <ele>4014.8</ele>
        <time>2026-06-03T07:51:56Z</time>
        <hdop>3</hdop>
        <extensions>
          <osmand:speed>0.9</osmand:speed>
        </extensions>
      </trkpt>
      <trkpt lat="-13.6190888" lon="-71.3414747">
        <ele>4012.1</ele>
        <time>2026-06-03T07:52:11Z</time>
        <hdop>3</hdop>
        <extensions>
          <osmand:speed>0.9</osmand:speed>
        </extensions>
      </trkpt>
      <trkpt lat="-13.6191191" lon="-71.3415868">
        <ele>4010.3</ele>
        <time>2026-06-03T07:52:26Z</time>
        <hdop>3</hdop>
        <extensions>
          <osmand:speed>0.9</osmand:speed>
        </extensions>
      </trkpt>
      <trkpt lat="-13.6191368" lon="-71.3417042">
        <ele>4008</ele>
        <time>2026-06-03T07:52:42Z</time>
        <hdop>3</hdop>
        <extensions>
          <osmand:speed>0.9</osmand:speed>
        </extensions>
      </trkpt>
      <trkpt lat="-13.619131" lon="-71.3418163">
        <ele>4008.3</ele>
        <time>2026-06-03T07:52:57Z</time>
        <hdop>3</hdop>
        <extensions>
          <osmand:speed>0.9</osmand:speed>
        </extensions>
      </trkpt>
      <trkpt lat="-13.6191433" lon="-71.3419218">
        <ele>4005.3</ele>
        <time>2026-06-03T07:53:12Z</time>
        <hdop>3</hdop>
        <extensions>
          <osmand:speed>0.8</osmand:speed>
        </extensions>
      </trkpt>
      <trkpt lat="-13.6191685" lon="-71.3420308">
        <ele>4003.8</ele>
        <time>2026-06-03T07:53:27Z</time>
        <hdop>3</hdop>
        <extensions>
          <osmand:speed>0.8</osmand:speed>
        </extensions>
      </trkpt>
      <trkpt lat="-13.6191774" lon="-71.3421506">
        <ele>4002.1</ele>
        <time>2026-06-03T07:53:43Z</time>
        <hdop>3</hdop>
        <extensions>
          <osmand:speed>1</osmand:speed>
        </extensions>
      </trkpt>
      <trkpt lat="-13.6191804" lon="-71.3422483">
        <ele>4000.5</ele>
        <time>2026-06-03T07:53:58Z</time>
        <hdop>3</hdop>
        <extensions>
          <osmand:speed>0.9</osmand:speed>
        </extensions>
      </trkpt>
      <trkpt lat="-13.6191919" lon="-71.3423478">
        <ele>3999</ele>
        <time>2026-06-03T07:54:13Z</time>
        <hdop>3</hdop>
        <extensions>
          <osmand:speed>0.7</osmand:speed>
        </extensions>
      </trkpt>
      <trkpt lat="-13.6192025" lon="-71.3424595">
        <ele>3997.3</ele>
        <time>2026-06-03T07:54:28Z</time>
        <hdop>3</hdop>
        <extensions>
          <osmand:speed>0.8</osmand:speed>
        </extensions>
      </trkpt>
      <trkpt lat="-13.6191463" lon="-71.3425659">
        <ele>3995.3</ele>
        <time>2026-06-03T07:54:44Z</time>
        <hdop>3</hdop>
        <extensions>
          <osmand:speed>1</osmand:speed>
        </extensions>
      </trkpt>
      <trkpt lat="-13.6191129" lon="-71.3426903">
        <ele>3994</ele>
        <time>2026-06-03T07:54:59Z</time>
        <hdop>3</hdop>
        <extensions>
          <osmand:speed>1</osmand:speed>
        </extensions>
      </trkpt>
      <trkpt lat="-13.6190465" lon="-71.3427996">
        <ele>3991.3</ele>
        <time>2026-06-03T07:55:14Z</time>
        <hdop>3</hdop>
        <extensions>
          <osmand:speed>0.9</osmand:speed>
        </extensions>
      </trkpt>
      <trkpt lat="-13.6189706" lon="-71.3428556">
        <ele>3990.6</ele>
        <time>2026-06-03T07:55:30Z</time>
        <hdop>3</hdop>
        <extensions>
          <osmand:speed>0.8</osmand:speed>
        </extensions>
      </trkpt>
      <trkpt lat="-13.6188893" lon="-71.3429372">
        <ele>3989.5</ele>
        <time>2026-06-03T07:55:45Z</time>
        <hdop>3</hdop>
        <extensions>
          <osmand:speed>0.9</osmand:speed>
        </extensions>
      </trkpt>
      <trkpt lat="-13.6188219" lon="-71.3430316">
        <ele>3990</ele>
        <time>2026-06-03T07:56:00Z</time>
        <hdop>3</hdop>
        <extensions>
          <osmand:speed>0.9</osmand:speed>
        </extensions>
      </trkpt>
      <trkpt lat="-13.6187682" lon="-71.3431111">
        <ele>3989.6</ele>
        <time>2026-06-03T07:56:15Z</time>
        <hdop>3</hdop>
        <extensions>
          <osmand:speed>0.8</osmand:speed>
        </extensions>
      </trkpt>
      <trkpt lat="-13.618714" lon="-71.3431511">
        <ele>3989.8</ele>
        <time>2026-06-03T07:56:31Z</time>
        <hdop>3</hdop>
        <extensions>
          <osmand:speed>0.4</osmand:speed>
        </extensions>
      </trkpt>
      <trkpt lat="-13.6187224" lon="-71.3431559">
        <ele>3989.6</ele>
        <time>2026-06-03T07:56:47Z</time>
        <hdop>3</hdop>
        <extensions>
          <osmand:speed>0.2</osmand:speed>
        </extensions>
      </trkpt>
      <trkpt lat="-13.618729" lon="-71.3431464">
        <ele>3989.6</ele>
        <time>2026-06-03T07:57:02Z</time>
        <hdop>3</hdop>
        <extensions>
          <osmand:speed>0.1</osmand:speed>
        </extensions>
      </trkpt>
      <trkpt lat="-13.6187321" lon="-71.3431429">
        <ele>3989.6</ele>
        <time>2026-06-03T07:57:18Z</time>
        <hdop>3</hdop>
        <extensions>
          <osmand:speed>0.1</osmand:speed>
        </extensions>
      </trkpt>
      <trkpt lat="-13.6187333" lon="-71.3431444">
        <ele>3989.6</ele>
        <time>2026-06-03T07:57:34Z</time>
        <hdop>3</hdop>
        <extensions>
          <osmand:speed>0.1</osmand:speed>
        </extensions>
      </trkpt>
      <trkpt lat="-13.6187319" lon="-71.3431461">
        <ele>3989.6</ele>
        <time>2026-06-03T07:57:50Z</time>
        <hdop>3</hdop>
        <extensions>
          <osmand:speed>0.1</osmand:speed>
        </extensions>
      </trkpt>
      <trkpt lat="-13.6187319" lon="-71.3431459">
        <ele>3989.6</ele>
        <time>2026-06-03T07:58:06Z</time>
        <hdop>3</hdop>
        <extensions>
          <osmand:speed>0.1</osmand:speed>
        </extensions>
      </trkpt>
      <trkpt lat="-13.6187306" lon="-71.3431455">
        <ele>3989.6</ele>
        <time>2026-06-03T07:58:21Z</time>
        <hdop>3</hdop>
        <extensions>
          <osmand:speed>0.1</osmand:speed>
        </extensions>
      </trkpt>
      <trkpt lat="-13.6187312" lon="-71.3431451">
        <ele>3989.6</ele>
        <time>2026-06-03T07:58:37Z</time>
        <hdop>3</hdop>
        <extensions>
          <osmand:speed>0.1</osmand:speed>
        </extensions>
      </trkpt>
      <trkpt lat="-13.6187106" lon="-71.3431439">
        <ele>3990.8</ele>
        <time>2026-06-03T07:58:53Z</time>
        <hdop>3</hdop>
        <extensions>
          <osmand:speed>0.1</osmand:speed>
        </extensions>
      </trkpt>
      <trkpt lat="-13.6187027" lon="-71.3431478">
        <ele>3990.8</ele>
        <time>2026-06-03T07:59:08Z</time>
        <hdop>3</hdop>
        <extensions>
          <osmand:speed>0.1</osmand:speed>
        </extensions>
      </trkpt>
      <trkpt lat="-13.6187017" lon="-71.3431506">
        <ele>3990.8</ele>
        <time>2026-06-03T07:59:23Z</time>
        <hdop>3</hdop>
        <extensions>
          <osmand:speed>0.1</osmand:speed>
        </extensions>
      </trkpt>
      <trkpt lat="-13.6187041" lon="-71.3431503">
        <ele>3990.8</ele>
        <time>2026-06-03T07:59:39Z</time>
        <hdop>3</hdop>
        <extensions>
          <osmand:speed>0.1</osmand:speed>
        </extensions>
      </trkpt>
      <trkpt lat="-13.6187045" lon="-71.3431506">
        <ele>3990.8</ele>
        <time>2026-06-03T07:59:55Z</time>
        <hdop>3</hdop>
        <extensions>
          <osmand:speed>0.1</osmand:speed>
        </extensions>
      </trkpt>
      <trkpt lat="-13.6187046" lon="-71.3431499">
        <ele>3990.8</ele>
        <time>2026-06-03T08:00:11Z</time>
        <hdop>3</hdop>
        <extensions>
          <osmand:speed>0.1</osmand:speed>
        </extensions>
      </trkpt>
      <trkpt lat="-13.6187045" lon="-71.3431503">
        <ele>3990.8</ele>
        <time>2026-06-03T08:00:27Z</time>
        <hdop>3</hdop>
        <extensions>
          <osmand:speed>0.1</osmand:speed>
        </extensions>
      </trkpt>
      <trkpt lat="-13.6187035" lon="-71.343151">
        <ele>3990.8</ele>
        <time>2026-06-03T08:00:43Z</time>
        <hdop>3</hdop>
        <extensions>
          <osmand:speed>0.1</osmand:speed>
        </extensions>
      </trkpt>
      <trkpt lat="-13.6187021" lon="-71.3431505">
        <ele>3990.8</ele>
        <time>2026-06-03T08:00:58Z</time>
        <hdop>3</hdop>
        <extensions>
          <osmand:speed>0.1</osmand:speed>
        </extensions>
      </trkpt>
      <trkpt lat="-13.6187015" lon="-71.3431498">
        <ele>3990.8</ele>
        <time>2026-06-03T08:01:13Z</time>
        <hdop>3</hdop>
        <extensions>
          <osmand:speed>0.1</osmand:speed>
        </extensions>
      </trkpt>
      <trkpt lat="-13.6187024" lon="-71.343148">
        <ele>3990.8</ele>
        <time>2026-06-03T08:01:29Z</time>
        <hdop>3</hdop>
        <extensions>
          <osmand:speed>0.1</osmand:speed>
        </extensions>
      </trkpt>
      <trkpt lat="-13.6187096" lon="-71.343147">
        <ele>3989</ele>
        <time>2026-06-03T08:01:44Z</time>
        <hdop>3</hdop>
        <extensions>
          <osmand:speed>0.1</osmand:speed>
        </extensions>
      </trkpt>
      <trkpt lat="-13.61872" lon="-71.34316">
        <ele>3990.7</ele>
        <time>2026-06-03T08:02:00Z</time>
        <hdop>2.6</hdop>
        <extensions>
          <osmand:speed>0.4</osmand:speed>
        </extensions>
      </trkpt>
      <trkpt lat="-13.6186783" lon="-71.3432467">
        <ele>3990.9</ele>
        <time>2026-06-03T08:02:15Z</time>
        <hdop>1.4</hdop>
        <extensions>
          <osmand:speed>0.6</osmand:speed>
        </extensions>
      </trkpt>
      <trkpt lat="-13.6186065" lon="-71.3433143">
        <ele>3991.4</ele>
        <time>2026-06-03T08:02:31Z</time>
        <hdop>1.4</hdop>
        <extensions>
          <osmand:speed>0.7</osmand:speed>
        </extensions>
      </trkpt>
      <trkpt lat="-13.618532" lon="-71.3433981">
        <ele>3989.7</ele>
        <time>2026-06-03T08:02:47Z</time>
        <hdop>1.4</hdop>
        <extensions>
          <osmand:speed>0.8</osmand:speed>
        </extensions>
      </trkpt>
      <trkpt lat="-13.6185172" lon="-71.3434112">
        <ele>3990</ele>
        <time>2026-06-03T08:03:02Z</time>
        <hdop>3</hdop>
        <extensions>
          <osmand:speed>0.1</osmand:speed>
        </extensions>
      </trkpt>
      <trkpt lat="-13.61852" lon="-71.3435222">
        <ele>3989.2</ele>
        <time>2026-06-03T08:03:17Z</time>
        <hdop>3</hdop>
        <extensions>
          <osmand:speed>0.7</osmand:speed>
        </extensions>
      </trkpt>
      <trkpt lat="-13.6184462" lon="-71.3435856">
        <ele>3987.3</ele>
        <time>2026-06-03T08:03:33Z</time>
        <hdop>3</hdop>
        <extensions>
          <osmand:speed>0.9</osmand:speed>
        </extensions>
      </trkpt>
      <trkpt lat="-13.6184385" lon="-71.3435852">
        <ele>3988.4</ele>
        <time>2026-06-03T08:03:48Z</time>
        <hdop>3</hdop>
        <extensions>
          <osmand:speed>0.2</osmand:speed>
        </extensions>
      </trkpt>
      <trkpt lat="-13.6183255" lon="-71.3435955">
        <ele>3987.1</ele>
        <time>2026-06-03T08:04:04Z</time>
        <hdop>3</hdop>
        <extensions>
          <osmand:speed>0.7</osmand:speed>
        </extensions>
      </trkpt>
      <trkpt lat="-13.6183092" lon="-71.3435909">
        <ele>3986.3</ele>
        <time>2026-06-03T08:04:19Z</time>
        <hdop>3</hdop>
        <extensions>
          <osmand:speed>0.1</osmand:speed>
        </extensions>
      </trkpt>
      <trkpt lat="-13.6183513" lon="-71.3436799">
        <ele>3985.7</ele>
        <time>2026-06-03T08:04:34Z</time>
        <hdop>3</hdop>
        <extensions>
          <osmand:speed>0.9</osmand:speed>
        </extensions>
      </trkpt>
      <trkpt lat="-13.6184398" lon="-71.3437869">
        <ele>3987.9</ele>
        <time>2026-06-03T08:04:50Z</time>
        <hdop>3</hdop>
        <extensions>
          <osmand:speed>0.9</osmand:speed>
        </extensions>
      </trkpt>
      <trkpt lat="-13.6185504" lon="-71.3438189">
        <ele>3985.7</ele>
        <time>2026-06-03T08:05:05Z</time>
        <hdop>3</hdop>
        <extensions>
          <osmand:speed>1</osmand:speed>
        </extensions>
      </trkpt>
      <trkpt lat="-13.6186546" lon="-71.3438662">
        <ele>3983.2</ele>
        <time>2026-06-03T08:05:20Z</time>
        <hdop>3</hdop>
        <extensions>
          <osmand:speed>1</osmand:speed>
        </extensions>
      </trkpt>
      <trkpt lat="-13.618735" lon="-71.343906">
        <ele>3982.2</ele>
        <time>2026-06-03T08:05:35Z</time>
        <hdop>3</hdop>
        <extensions>
          <osmand:speed>1</osmand:speed>
        </extensions>
      </trkpt>
      <trkpt lat="-13.6187812" lon="-71.3439249">
        <ele>3982.2</ele>
        <time>2026-06-03T08:05:50Z</time>
        <hdop>3</hdop>
        <extensions>
          <osmand:speed>0.5</osmand:speed>
        </extensions>
      </trkpt>
      <trkpt lat="-13.618818" lon="-71.3439133">
        <ele>3979.5</ele>
        <time>2026-06-03T08:06:06Z</time>
        <hdop>3</hdop>
        <extensions>
          <osmand:speed>0.1</osmand:speed>
        </extensions>
      </trkpt>
      <trkpt lat="-13.618883" lon="-71.3439417">
        <ele>3977.6</ele>
        <time>2026-06-03T08:06:21Z</time>
        <hdop>3</hdop>
        <extensions>
          <osmand:speed>0.7</osmand:speed>
        </extensions>
      </trkpt>
      <trkpt lat="-13.6189834" lon="-71.3439538">
        <ele>3977.1</ele>
        <time>2026-06-03T08:06:37Z</time>
        <hdop>3</hdop>
        <extensions>
          <osmand:speed>0.7</osmand:speed>
        </extensions>
      </trkpt>
      <trkpt lat="-13.619028" lon="-71.3440126">
        <ele>3976.3</ele>
        <time>2026-06-03T08:06:52Z</time>
        <hdop>3</hdop>
        <extensions>
          <osmand:speed>0.8</osmand:speed>
        </extensions>
      </trkpt>
      <trkpt lat="-13.6190431" lon="-71.3441243">
        <ele>3974.6</ele>
        <time>2026-06-03T08:07:07Z</time>
        <hdop>3</hdop>
        <extensions>
          <osmand:speed>0.9</osmand:speed>
        </extensions>
      </trkpt>
      <trkpt lat="-13.6190558" lon="-71.3441985">
        <ele>3973.9</ele>
        <time>2026-06-03T08:07:22Z</time>
        <hdop>3</hdop>
        <extensions>
          <osmand:speed>0.7</osmand:speed>
        </extensions>
      </trkpt>
      <trkpt lat="-13.6190716" lon="-71.3442443">
        <ele>3972.4</ele>
        <time>2026-06-03T08:07:38Z</time>
        <hdop>3</hdop>
        <extensions>
          <osmand:speed>0.1</osmand:speed>
        </extensions>
      </trkpt>
      <trkpt lat="-13.619091" lon="-71.3442607">
        <ele>3971.3</ele>
        <time>2026-06-03T08:07:53Z</time>
        <hdop>3</hdop>
        <extensions>
          <osmand:speed>0.1</osmand:speed>
        </extensions>
      </trkpt>
      <trkpt lat="-13.619156" lon="-71.3441668">
        <ele>3967.1</ele>
        <time>2026-06-03T08:08:08Z</time>
        <hdop>3</hdop>
        <extensions>
          <osmand:speed>0.9</osmand:speed>
        </extensions>
      </trkpt>
      <trkpt lat="-13.6192336" lon="-71.3440934">
        <ele>3967.9</ele>
        <time>2026-06-03T08:08:23Z</time>
        <hdop>3</hdop>
        <extensions>
          <osmand:speed>0.7</osmand:speed>
        </extensions>
      </trkpt>
      <trkpt lat="-13.6192428" lon="-71.3441495">
        <ele>3967.9</ele>
        <time>2026-06-03T08:08:39Z</time>
        <hdop>3</hdop>
        <extensions>
          <osmand:speed>0.9</osmand:speed>
        </extensions>
      </trkpt>
      <trkpt lat="-13.6192773" lon="-71.3442857">
        <ele>3969.9</ele>
        <time>2026-06-03T08:08:54Z</time>
        <hdop>3</hdop>
        <extensions>
          <osmand:speed>1</osmand:speed>
        </extensions>
      </trkpt>
      <trkpt lat="-13.6193194" lon="-71.3444037">
        <ele>3965.6</ele>
        <time>2026-06-03T08:09:09Z</time>
        <hdop>3</hdop>
        <extensions>
          <osmand:speed>1.1</osmand:speed>
        </extensions>
      </trkpt>
      <trkpt lat="-13.6193176" lon="-71.3445399">
        <ele>3965.3</ele>
        <time>2026-06-03T08:09:24Z</time>
        <hdop>3</hdop>
        <extensions>
          <osmand:speed>1</osmand:speed>
        </extensions>
      </trkpt>
      <trkpt lat="-13.6193462" lon="-71.3446937">
        <ele>3963.2</ele>
        <time>2026-06-03T08:09:39Z</time>
        <hdop>3</hdop>
        <extensions>
          <osmand:speed>1.1</osmand:speed>
        </extensions>
      </trkpt>
      <trkpt lat="-13.6194119" lon="-71.3448163">
        <ele>3964.7</ele>
        <time>2026-06-03T08:09:54Z</time>
        <hdop>3</hdop>
        <extensions>
          <osmand:speed>0.9</osmand:speed>
        </extensions>
      </trkpt>
      <trkpt lat="-13.6194225" lon="-71.3449502">
        <ele>3965.5</ele>
        <time>2026-06-03T08:10:09Z</time>
        <hdop>3</hdop>
        <extensions>
          <osmand:speed>1</osmand:speed>
        </extensions>
      </trkpt>
      <trkpt lat="-13.6194383" lon="-71.3450948">
        <ele>3968.1</ele>
        <time>2026-06-03T08:10:25Z</time>
        <hdop>3</hdop>
        <extensions>
          <osmand:speed>1.1</osmand:speed>
        </extensions>
      </trkpt>
      <trkpt lat="-13.6193831" lon="-71.3452416">
        <ele>3964.8</ele>
        <time>2026-06-03T08:10:40Z</time>
        <hdop>3</hdop>
        <extensions>
          <osmand:speed>1.1</osmand:speed>
        </extensions>
      </trkpt>
      <trkpt lat="-13.6193661" lon="-71.3453994">
        <ele>3966.2</ele>
        <time>2026-06-03T08:10:55Z</time>
        <hdop>3</hdop>
        <extensions>
          <osmand:speed>1.1</osmand:speed>
        </extensions>
      </trkpt>
      <trkpt lat="-13.6193614" lon="-71.3455304">
        <ele>3965.2</ele>
        <time>2026-06-03T08:11:11Z</time>
        <hdop>3</hdop>
        <extensions>
          <osmand:speed>1</osmand:speed>
        </extensions>
      </trkpt>
      <trkpt lat="-13.6193435" lon="-71.3456605">
        <ele>3963.5</ele>
        <time>2026-06-03T08:11:26Z</time>
        <hdop>3</hdop>
        <extensions>
          <osmand:speed>1</osmand:speed>
        </extensions>
      </trkpt>
      <trkpt lat="-13.6193527" lon="-71.3458265">
        <ele>3964.7</ele>
        <time>2026-06-03T08:11:41Z</time>
        <hdop>3</hdop>
        <extensions>
          <osmand:speed>1.3</osmand:speed>
        </extensions>
      </trkpt>
      <trkpt lat="-13.619367" lon="-71.3459935">
        <ele>3963.2</ele>
        <time>2026-06-03T08:11:56Z</time>
        <hdop>3</hdop>
        <extensions>
          <osmand:speed>1.2</osmand:speed>
        </extensions>
      </trkpt>
      <trkpt lat="-13.6193816" lon="-71.3461589">
        <ele>3962.8</ele>
        <time>2026-06-03T08:12:11Z</time>
        <hdop>3</hdop>
        <extensions>
          <osmand:speed>1.1</osmand:speed>
        </extensions>
      </trkpt>
      <trkpt lat="-13.6194289" lon="-71.34632">
        <ele>3963.2</ele>
        <time>2026-06-03T08:12:27Z</time>
        <hdop>3</hdop>
        <extensions>
          <osmand:speed>1.1</osmand:speed>
        </extensions>
      </trkpt>
      <trkpt lat="-13.6194627" lon="-71.34647">
        <ele>3965.6</ele>
        <time>2026-06-03T08:12:42Z</time>
        <hdop>3</hdop>
        <extensions>
          <osmand:speed>1.2</osmand:speed>
        </extensions>
      </trkpt>
      <trkpt lat="-13.6194304" lon="-71.3466447">
        <ele>3963.2</ele>
        <time>2026-06-03T08:12:57Z</time>
        <hdop>3</hdop>
        <extensions>
          <osmand:speed>1.2</osmand:speed>
        </extensions>
      </trkpt>
      <trkpt lat="-13.6194092" lon="-71.346747">
        <ele>3963.3</ele>
        <time>2026-06-03T08:13:13Z</time>
        <hdop>3</hdop>
        <extensions>
          <osmand:speed>0.8</osmand:speed>
        </extensions>
      </trkpt>
      <trkpt lat="-13.6194072" lon="-71.346738">
        <ele>3964</ele>
        <time>2026-06-03T08:13:28Z</time>
        <hdop>3</hdop>
        <extensions>
          <osmand:speed>0.1</osmand:speed>
        </extensions>
      </trkpt>
      <trkpt lat="-13.6194085" lon="-71.3467385">
        <ele>3964</ele>
        <time>2026-06-03T08:13:43Z</time>
        <hdop>3</hdop>
        <extensions>
          <osmand:speed>0</osmand:speed>
        </extensions>
      </trkpt>
      <trkpt lat="-13.6194088" lon="-71.3467391">
        <ele>3964</ele>
        <time>2026-06-03T08:13:59Z</time>
        <hdop>3</hdop>
        <extensions>
          <osmand:speed>0.1</osmand:speed>
        </extensions>
      </trkpt>
      <trkpt lat="-13.6194298" lon="-71.3468205">
        <ele>3962.6</ele>
        <time>2026-06-03T08:14:14Z</time>
        <hdop>3</hdop>
        <extensions>
          <osmand:speed>0.8</osmand:speed>
        </extensions>
      </trkpt>
      <trkpt lat="-13.6194627" lon="-71.3469234">
        <ele>3962.4</ele>
        <time>2026-06-03T08:14:30Z</time>
        <hdop>3</hdop>
        <extensions>
          <osmand:speed>0.8</osmand:speed>
        </extensions>
      </trkpt>
      <trkpt lat="-13.619491" lon="-71.3470316">
        <ele>3963</ele>
        <time>2026-06-03T08:14:45Z</time>
        <hdop>3</hdop>
        <extensions>
          <osmand:speed>0.9</osmand:speed>
        </extensions>
      </trkpt>
      <trkpt lat="-13.6195061" lon="-71.3471431">
        <ele>3961.1</ele>
        <time>2026-06-03T08:15:00Z</time>
        <hdop>3</hdop>
        <extensions>
          <osmand:speed>0.7</osmand:speed>
        </extensions>
      </trkpt>
      <trkpt lat="-13.6195254" lon="-71.3472164">
        <ele>3960</ele>
        <time>2026-06-03T08:15:16Z</time>
        <hdop>3</hdop>
        <extensions>
          <osmand:speed>0.8</osmand:speed>
        </extensions>
      </trkpt>
      <trkpt lat="-13.6195365" lon="-71.3472968">
        <ele>3959.4</ele>
        <time>2026-06-03T08:15:31Z</time>
        <hdop>3</hdop>
        <extensions>
          <osmand:speed>0.3</osmand:speed>
        </extensions>
      </trkpt>
      <trkpt lat="-13.6195405" lon="-71.3472793">
        <ele>3959.1</ele>
        <time>2026-06-03T08:15:46Z</time>
        <hdop>3</hdop>
        <extensions>
          <osmand:speed>0.1</osmand:speed>
        </extensions>
      </trkpt>
      <trkpt lat="-13.6195565" lon="-71.3473841">
        <ele>3957.6</ele>
        <time>2026-06-03T08:16:01Z</time>
        <hdop>3</hdop>
        <extensions>
          <osmand:speed>0.8</osmand:speed>
        </extensions>
      </trkpt>
      <trkpt lat="-13.6195525" lon="-71.347479">
        <ele>3956.9</ele>
        <time>2026-06-03T08:16:16Z</time>
        <hdop>3</hdop>
        <extensions>
          <osmand:speed>0.7</osmand:speed>
        </extensions>
      </trkpt>
      <trkpt lat="-13.6195651" lon="-71.3475624">
        <ele>3954.8</ele>
        <time>2026-06-03T08:16:32Z</time>
        <hdop>3</hdop>
        <extensions>
          <osmand:speed>0.8</osmand:speed>
        </extensions>
      </trkpt>
      <trkpt lat="-13.6195556" lon="-71.3476696">
        <ele>3954.3</ele>
        <time>2026-06-03T08:16:47Z</time>
        <hdop>3</hdop>
        <extensions>
          <osmand:speed>0.9</osmand:speed>
        </extensions>
      </trkpt>
      <trkpt lat="-13.619578" lon="-71.3477713">
        <ele>3953.3</ele>
        <time>2026-06-03T08:17:02Z</time>
        <hdop>3</hdop>
        <extensions>
          <osmand:speed>0.9</osmand:speed>
        </extensions>
      </trkpt>
      <trkpt lat="-13.6195699" lon="-71.3478554">
        <ele>3951.7</ele>
        <time>2026-06-03T08:17:17Z</time>
        <hdop>3</hdop>
        <extensions>
          <osmand:speed>0.7</osmand:speed>
        </extensions>
      </trkpt>
      <trkpt lat="-13.6195689" lon="-71.3479473">
        <ele>3949.1</ele>
        <time>2026-06-03T08:17:32Z</time>
        <hdop>3</hdop>
        <extensions>
          <osmand:speed>0.8</osmand:speed>
        </extensions>
      </trkpt>
      <trkpt lat="-13.6195978" lon="-71.3480427">
        <ele>3946.6</ele>
        <time>2026-06-03T08:17:48Z</time>
        <hdop>3</hdop>
        <extensions>
          <osmand:speed>0.9</osmand:speed>
        </extensions>
      </trkpt>
      <trkpt lat="-13.6196052" lon="-71.3481295">
        <ele>3945.3</ele>
        <time>2026-06-03T08:18:03Z</time>
        <hdop>3</hdop>
        <extensions>
          <osmand:speed>0.8</osmand:speed>
        </extensions>
      </trkpt>
      <trkpt lat="-13.619594" lon="-71.3482139">
        <ele>3945.3</ele>
        <time>2026-06-03T08:18:18Z</time>
        <hdop>3</hdop>
        <extensions>
          <osmand:speed>0.8</osmand:speed>
        </extensions>
      </trkpt>
      <trkpt lat="-13.6195881" lon="-71.3483344">
        <ele>3943</ele>
        <time>2026-06-03T08:18:34Z</time>
        <hdop>3</hdop>
        <extensions>
          <osmand:speed>0.9</osmand:speed>
        </extensions>
      </trkpt>
      <trkpt lat="-13.6196101" lon="-71.3484381">
        <ele>3941.1</ele>
        <time>2026-06-03T08:18:49Z</time>
        <hdop>3</hdop>
        <extensions>
          <osmand:speed>0.8</osmand:speed>
        </extensions>
      </trkpt>
      <trkpt lat="-13.6197481" lon="-71.3484811">
        <ele>3940.2</ele>
        <time>2026-06-03T08:19:04Z</time>
        <hdop>3</hdop>
        <extensions>
          <osmand:speed>1.2</osmand:speed>
        </extensions>
      </trkpt>
      <trkpt lat="-13.6198645" lon="-71.3485784">
        <ele>3936.3</ele>
        <time>2026-06-03T08:19:20Z</time>
        <hdop>3</hdop>
        <extensions>
          <osmand:speed>1.1</osmand:speed>
        </extensions>
      </trkpt>
      <trkpt lat="-13.6199661" lon="-71.3486714">
        <ele>3936.9</ele>
        <time>2026-06-03T08:19:35Z</time>
        <hdop>3</hdop>
        <extensions>
          <osmand:speed>1.1</osmand:speed>
        </extensions>
      </trkpt>
      <trkpt lat="-13.6200707" lon="-71.3487813">
        <ele>3934.2</ele>
        <time>2026-06-03T08:19:50Z</time>
        <hdop>3</hdop>
        <extensions>
          <osmand:speed>1.1</osmand:speed>
        </extensions>
      </trkpt>
      <trkpt lat="-13.62017" lon="-71.3488871">
        <ele>3934.8</ele>
        <time>2026-06-03T08:20:05Z</time>
        <hdop>3</hdop>
        <extensions>
          <osmand:speed>1.1</osmand:speed>
        </extensions>
      </trkpt>
      <trkpt lat="-13.6202779" lon="-71.3489965">
        <ele>3933</ele>
        <time>2026-06-03T08:20:21Z</time>
        <hdop>3</hdop>
        <extensions>
          <osmand:speed>1.2</osmand:speed>
        </extensions>
      </trkpt>
      <trkpt lat="-13.6203955" lon="-71.3490969">
        <ele>3930.8</ele>
        <time>2026-06-03T08:20:36Z</time>
        <hdop>3</hdop>
        <extensions>
          <osmand:speed>1.1</osmand:speed>
        </extensions>
      </trkpt>
      <trkpt lat="-13.6205374" lon="-71.3491756">
        <ele>3931</ele>
        <time>2026-06-03T08:20:51Z</time>
        <hdop>3</hdop>
        <extensions>
          <osmand:speed>1.2</osmand:speed>
        </extensions>
      </trkpt>
      <trkpt lat="-13.6206691" lon="-71.3492001">
        <ele>3927.2</ele>
        <time>2026-06-03T08:21:06Z</time>
        <hdop>3</hdop>
        <extensions>
          <osmand:speed>1</osmand:speed>
        </extensions>
      </trkpt>
      <trkpt lat="-13.6206997" lon="-71.3493479">
        <ele>3927</ele>
        <time>2026-06-03T08:21:21Z</time>
        <hdop>3</hdop>
        <extensions>
          <osmand:speed>1.2</osmand:speed>
        </extensions>
      </trkpt>
      <trkpt lat="-13.6206584" lon="-71.3495036">
        <ele>3926.4</ele>
        <time>2026-06-03T08:21:36Z</time>
        <hdop>3</hdop>
        <extensions>
          <osmand:speed>1.1</osmand:speed>
        </extensions>
      </trkpt>
      <trkpt lat="-13.6206931" lon="-71.3496793">
        <ele>3928.9</ele>
        <time>2026-06-03T08:21:52Z</time>
        <hdop>3</hdop>
        <extensions>
          <osmand:speed>1.2</osmand:speed>
        </extensions>
      </trkpt>
      <trkpt lat="-13.6207668" lon="-71.3498233">
        <ele>3927</ele>
        <time>2026-06-03T08:22:07Z</time>
        <hdop>3</hdop>
        <extensions>
          <osmand:speed>1.2</osmand:speed>
        </extensions>
      </trkpt>
      <trkpt lat="-13.6208499" lon="-71.3499362">
        <ele>3925.3</ele>
        <time>2026-06-03T08:22:22Z</time>
        <hdop>3</hdop>
        <extensions>
          <osmand:speed>1.1</osmand:speed>
        </extensions>
      </trkpt>
      <trkpt lat="-13.6209683" lon="-71.3500272">
        <ele>3923.6</ele>
        <time>2026-06-03T08:22:37Z</time>
        <hdop>3</hdop>
        <extensions>
          <osmand:speed>1.1</osmand:speed>
        </extensions>
      </trkpt>
      <trkpt lat="-13.6210942" lon="-71.3501206">
        <ele>3920.4</ele>
        <time>2026-06-03T08:22:53Z</time>
        <hdop>3</hdop>
        <extensions>
          <osmand:speed>1.2</osmand:speed>
        </extensions>
      </trkpt>
      <trkpt lat="-13.6212201" lon="-71.3502338">
        <ele>3919.2</ele>
        <time>2026-06-03T08:23:08Z</time>
        <hdop>3</hdop>
        <extensions>
          <osmand:speed>1.2</osmand:speed>
        </extensions>
      </trkpt>
      <trkpt lat="-13.6213256" lon="-71.350351">
        <ele>3921.5</ele>
        <time>2026-06-03T08:23:23Z</time>
        <hdop>3</hdop>
        <extensions>
          <osmand:speed>1.2</osmand:speed>
        </extensions>
      </trkpt>
      <trkpt lat="-13.6214506" lon="-71.3504447">
        <ele>3919.2</ele>
        <time>2026-06-03T08:23:38Z</time>
        <hdop>3</hdop>
        <extensions>
          <osmand:speed>1.1</osmand:speed>
        </extensions>
      </trkpt>
      <trkpt lat="-13.6215769" lon="-71.3505347">
        <ele>3919.1</ele>
        <time>2026-06-03T08:23:54Z</time>
        <hdop>3</hdop>
        <extensions>
          <osmand:speed>1.2</osmand:speed>
        </extensions>
      </trkpt>
      <trkpt lat="-13.6215812" lon="-71.3506828">
        <ele>3915.9</ele>
        <time>2026-06-03T08:24:09Z</time>
        <hdop>3</hdop>
        <extensions>
          <osmand:speed>1.1</osmand:speed>
        </extensions>
      </trkpt>
      <trkpt lat="-13.6214662" lon="-71.3507465">
        <ele>3915.5</ele>
        <time>2026-06-03T08:24:24Z</time>
        <hdop>3</hdop>
        <extensions>
          <osmand:speed>1</osmand:speed>
        </extensions>
      </trkpt>
      <trkpt lat="-13.621369" lon="-71.3508527">
        <ele>3918.4</ele>
        <time>2026-06-03T08:24:39Z</time>
        <hdop>3</hdop>
        <extensions>
          <osmand:speed>1.1</osmand:speed>
        </extensions>
      </trkpt>
      <trkpt lat="-13.6214082" lon="-71.3510163">
        <ele>3919.3</ele>
        <time>2026-06-03T08:24:54Z</time>
        <hdop>3</hdop>
        <extensions>
          <osmand:speed>1.1</osmand:speed>
        </extensions>
      </trkpt>
      <trkpt lat="-13.6214398" lon="-71.351169">
        <ele>3920.3</ele>
        <time>2026-06-03T08:25:10Z</time>
        <hdop>3</hdop>
        <extensions>
          <osmand:speed>1.2</osmand:speed>
        </extensions>
      </trkpt>
      <trkpt lat="-13.6214681" lon="-71.3513239">
        <ele>3918.1</ele>
        <time>2026-06-03T08:25:25Z</time>
        <hdop>3</hdop>
        <extensions>
          <osmand:speed>1.1</osmand:speed>
        </extensions>
      </trkpt>
      <trkpt lat="-13.6214693" lon="-71.3514857">
        <ele>3914.7</ele>
        <time>2026-06-03T08:25:40Z</time>
        <hdop>3</hdop>
        <extensions>
          <osmand:speed>1.1</osmand:speed>
        </extensions>
      </trkpt>
      <trkpt lat="-13.6214462" lon="-71.3516281">
        <ele>3917.3</ele>
        <time>2026-06-03T08:25:55Z</time>
        <hdop>3</hdop>
        <extensions>
          <osmand:speed>1</osmand:speed>
        </extensions>
      </trkpt>
      <trkpt lat="-13.6214183" lon="-71.3518077">
        <ele>3919.4</ele>
        <time>2026-06-03T08:26:10Z</time>
        <hdop>3</hdop>
        <extensions>
          <osmand:speed>1.1</osmand:speed>
        </extensions>
      </trkpt>
      <trkpt lat="-13.6213613" lon="-71.3519663">
        <ele>3919.2</ele>
        <time>2026-06-03T08:26:25Z</time>
        <hdop>3</hdop>
        <extensions>
          <osmand:speed>1.1</osmand:speed>
        </extensions>
      </trkpt>
      <trkpt lat="-13.6213132" lon="-71.3521305">
        <ele>3914.9</ele>
        <time>2026-06-03T08:26:41Z</time>
        <hdop>3</hdop>
        <extensions>
          <osmand:speed>1</osmand:speed>
        </extensions>
      </trkpt>
      <trkpt lat="-13.6212505" lon="-71.3522799">
        <ele>3913.6</ele>
        <time>2026-06-03T08:26:56Z</time>
        <hdop>3</hdop>
        <extensions>
          <osmand:speed>1.1</osmand:speed>
        </extensions>
      </trkpt>
      <trkpt lat="-13.6211894" lon="-71.3524403">
        <ele>3913.2</ele>
        <time>2026-06-03T08:27:11Z</time>
        <hdop>3</hdop>
        <extensions>
          <osmand:speed>1.2</osmand:speed>
        </extensions>
      </trkpt>
      <trkpt lat="-13.6211593" lon="-71.3525902">
        <ele>3913.4</ele>
        <time>2026-06-03T08:27:26Z</time>
        <hdop>3</hdop>
        <extensions>
          <osmand:speed>1.1</osmand:speed>
        </extensions>
      </trkpt>
      <trkpt lat="-13.6211127" lon="-71.3527338">
        <ele>3915.2</ele>
        <time>2026-06-03T08:27:42Z</time>
        <hdop>3</hdop>
        <extensions>
          <osmand:speed>1</osmand:speed>
        </extensions>
      </trkpt>
      <trkpt lat="-13.6210543" lon="-71.3528891">
        <ele>3915.1</ele>
        <time>2026-06-03T08:27:57Z</time>
        <hdop>3</hdop>
        <extensions>
          <osmand:speed>1.1</osmand:speed>
        </extensions>
      </trkpt>
      <trkpt lat="-13.6210084" lon="-71.3530394">
        <ele>3914</ele>
        <time>2026-06-03T08:28:12Z</time>
        <hdop>3</hdop>
        <extensions>
          <osmand:speed>1.1</osmand:speed>
        </extensions>
      </trkpt>
      <trkpt lat="-13.6209561" lon="-71.3531896">
        <ele>3913.5</ele>
        <time>2026-06-03T08:28:28Z</time>
        <hdop>3</hdop>
        <extensions>
          <osmand:speed>1.1</osmand:speed>
        </extensions>
      </trkpt>
      <trkpt lat="-13.6208987" lon="-71.353347">
        <ele>3915</ele>
        <time>2026-06-03T08:28:43Z</time>
        <hdop>3</hdop>
        <extensions>
          <osmand:speed>1.1</osmand:speed>
        </extensions>
      </trkpt>
      <trkpt lat="-13.6208513" lon="-71.3534972">
        <ele>3914.6</ele>
        <time>2026-06-03T08:28:58Z</time>
        <hdop>3</hdop>
        <extensions>
          <osmand:speed>1.1</osmand:speed>
        </extensions>
      </trkpt>
      <trkpt lat="-13.6207951" lon="-71.3536444">
        <ele>3915.3</ele>
        <time>2026-06-03T08:29:13Z</time>
        <hdop>3</hdop>
        <extensions>
          <osmand:speed>1.1</osmand:speed>
        </extensions>
      </trkpt>
      <trkpt lat="-13.6207424" lon="-71.353781">
        <ele>3915.9</ele>
        <time>2026-06-03T08:29:29Z</time>
        <hdop>3</hdop>
        <extensions>
          <osmand:speed>1</osmand:speed>
        </extensions>
      </trkpt>
      <trkpt lat="-13.6206915" lon="-71.3538945">
        <ele>3916</ele>
        <time>2026-06-03T08:29:44Z</time>
        <hdop>3</hdop>
        <extensions>
          <osmand:speed>0.8</osmand:speed>
        </extensions>
      </trkpt>
      <trkpt lat="-13.6206838" lon="-71.3539004">
        <ele>3917.9</ele>
        <time>2026-06-03T08:29:59Z</time>
        <hdop>3</hdop>
        <extensions>
          <osmand:speed>0.1</osmand:speed>
        </extensions>
      </trkpt>
      <trkpt lat="-13.6206848" lon="-71.3538984">
        <ele>3917.9</ele>
        <time>2026-06-03T08:30:15Z</time>
        <hdop>3</hdop>
        <extensions>
          <osmand:speed>0.1</osmand:speed>
        </extensions>
      </trkpt>
      <trkpt lat="-13.6206633" lon="-71.3539687">
        <ele>3918.5</ele>
        <time>2026-06-03T08:30:31Z</time>
        <hdop>3</hdop>
        <extensions>
          <osmand:speed>1</osmand:speed>
        </extensions>
      </trkpt>
      <trkpt lat="-13.6206223" lon="-71.3540995">
        <ele>3919.6</ele>
        <time>2026-06-03T08:30:46Z</time>
        <hdop>3</hdop>
        <extensions>
          <osmand:speed>1.1</osmand:speed>
        </extensions>
      </trkpt>
      <trkpt lat="-13.6205637" lon="-71.3542091">
        <ele>3922.5</ele>
        <time>2026-06-03T08:31:01Z</time>
        <hdop>3</hdop>
        <extensions>
          <osmand:speed>1</osmand:speed>
        </extensions>
      </trkpt>
      <trkpt lat="-13.620488" lon="-71.3542974">
        <ele>3924.6</ele>
        <time>2026-06-03T08:31:16Z</time>
        <hdop>3</hdop>
        <extensions>
          <osmand:speed>0.9</osmand:speed>
        </extensions>
      </trkpt>
      <trkpt lat="-13.620366" lon="-71.3543613">
        <ele>3925.9</ele>
        <time>2026-06-03T08:31:32Z</time>
        <hdop>3</hdop>
        <extensions>
          <osmand:speed>0.9</osmand:speed>
        </extensions>
      </trkpt>
      <trkpt lat="-13.6203142" lon="-71.3543995">
        <ele>3924.3</ele>
        <time>2026-06-03T08:31:47Z</time>
        <hdop>3</hdop>
        <extensions>
          <osmand:speed>0.3</osmand:speed>
        </extensions>
      </trkpt>
      <trkpt lat="-13.6203145" lon="-71.3543958">
        <ele>3924.3</ele>
        <time>2026-06-03T08:32:02Z</time>
        <hdop>3</hdop>
        <extensions>
          <osmand:speed>0.1</osmand:speed>
        </extensions>
      </trkpt>
      <trkpt lat="-13.6203124" lon="-71.3543729">
        <ele>3924.1</ele>
        <time>2026-06-03T08:32:18Z</time>
        <hdop>3</hdop>
        <extensions>
          <osmand:speed>0.1</osmand:speed>
        </extensions>
      </trkpt>
      <trkpt lat="-13.6203125" lon="-71.3543717">
        <ele>3924.1</ele>
        <time>2026-06-03T08:32:33Z</time>
        <hdop>3</hdop>
        <extensions>
          <osmand:speed>0.1</osmand:speed>
        </extensions>
      </trkpt>
      <trkpt lat="-13.6203138" lon="-71.3543711">
        <ele>3924.1</ele>
        <time>2026-06-03T08:32:49Z</time>
        <hdop>3</hdop>
        <extensions>
          <osmand:speed>0.1</osmand:speed>
        </extensions>
      </trkpt>
      <trkpt lat="-13.6203147" lon="-71.3543714">
        <ele>3924.1</ele>
        <time>2026-06-03T08:33:05Z</time>
        <hdop>3</hdop>
        <extensions>
          <osmand:speed>0.1</osmand:speed>
        </extensions>
      </trkpt>
      <trkpt lat="-13.6203138" lon="-71.3543716">
        <ele>3924.1</ele>
        <time>2026-06-03T08:33:20Z</time>
        <hdop>3</hdop>
        <extensions>
          <osmand:speed>0.1</osmand:speed>
        </extensions>
      </trkpt>
      <trkpt lat="-13.6203119" lon="-71.3543706">
        <ele>3924.1</ele>
        <time>2026-06-03T08:33:35Z</time>
        <hdop>3</hdop>
        <extensions>
          <osmand:speed>0.1</osmand:speed>
        </extensions>
      </trkpt>
      <trkpt lat="-13.6203121" lon="-71.3543709">
        <ele>3924.1</ele>
        <time>2026-06-03T08:33:51Z</time>
        <hdop>3</hdop>
        <extensions>
          <osmand:speed>0</osmand:speed>
        </extensions>
      </trkpt>
      <trkpt lat="-13.6203107" lon="-71.35437">
        <ele>3924.1</ele>
        <time>2026-06-03T08:34:06Z</time>
        <hdop>3</hdop>
        <extensions>
          <osmand:speed>0.1</osmand:speed>
        </extensions>
      </trkpt>
      <trkpt lat="-13.6203115" lon="-71.3543713">
        <ele>3924.1</ele>
        <time>2026-06-03T08:34:22Z</time>
        <hdop>3</hdop>
        <extensions>
          <osmand:speed>0.1</osmand:speed>
        </extensions>
      </trkpt>
      <trkpt lat="-13.6203117" lon="-71.3543717">
        <ele>3924.1</ele>
        <time>2026-06-03T08:34:38Z</time>
        <hdop>1.2</hdop>
      </trkpt>
      <trkpt lat="-13.6203117" lon="-71.3543717">
        <ele>3924.1</ele>
        <time>2026-06-03T08:34:54Z</time>
        <hdop>1.2</hdop>
      </trkpt>
      <trkpt lat="-13.6203117" lon="-71.3543717">
        <ele>3924.1</ele>
        <time>2026-06-03T08:35:10Z</time>
        <hdop>1.2</hdop>
      </trkpt>
      <trkpt lat="-13.6203117" lon="-71.3543717">
        <ele>3924.1</ele>
        <time>2026-06-03T08:35:26Z</time>
        <hdop>1.2</hdop>
      </trkpt>
      <trkpt lat="-13.6203117" lon="-71.3543717">
        <ele>3924.1</ele>
        <time>2026-06-03T08:35:42Z</time>
        <hdop>1.2</hdop>
      </trkpt>
      <trkpt lat="-13.6203117" lon="-71.3543717">
        <ele>3924.1</ele>
        <time>2026-06-03T08:35:58Z</time>
        <hdop>1.3</hdop>
      </trkpt>
      <trkpt lat="-13.6203117" lon="-71.3543717">
        <ele>3924.1</ele>
        <time>2026-06-03T08:36:14Z</time>
        <hdop>1.3</hdop>
      </trkpt>
      <trkpt lat="-13.6203117" lon="-71.3543717">
        <ele>3924.1</ele>
        <time>2026-06-03T08:36:30Z</time>
        <hdop>1.3</hdop>
      </trkpt>
      <trkpt lat="-13.6203117" lon="-71.3543717">
        <ele>3924.1</ele>
        <time>2026-06-03T08:36:46Z</time>
        <hdop>1.3</hdop>
      </trkpt>
      <trkpt lat="-13.6203117" lon="-71.3543717">
        <ele>3924.1</ele>
        <time>2026-06-03T08:37:02Z</time>
        <hdop>1.3</hdop>
      </trkpt>
      <trkpt lat="-13.6203117" lon="-71.3543717">
        <ele>3924.1</ele>
        <time>2026-06-03T08:37:18Z</time>
        <hdop>1.5</hdop>
      </trkpt>
      <trkpt lat="-13.6203117" lon="-71.3543717">
        <ele>3924.1</ele>
        <time>2026-06-03T08:37:35Z</time>
        <hdop>1.4</hdop>
      </trkpt>
    </trkseg>
  </trk>
</gpx>