<?xml version='1.0' encoding='UTF-8' standalone='yes' ?>
<gpx version="1.1" creator="OsmAnd 5.3.10" xmlns="http://www.topografix.com/GPX/1/1" xmlns:osmand="https://osmand.net/docs/technical/osmand-file-formats/osmand-gpx" xmlns:gpxtpx="https://www8.garmin.com/xmlschemas/TrackPointExtensionv1.xsd" xmlns:xsi="http://www.w3.org/2001/XMLSchema-instance" xsi:schemaLocation="http://www.topografix.com/GPX/1/1 https://www.topografix.com/GPX/1/1/gpx.xsd">
  <metadata>
    <name>2026-06-01_23-53_Mon santuario Colque punku</name>
  </metadata>
  <trk>
    <trkseg>
      <trkpt lat="-13.5470703" lon="-71.2365854">
        <ele>4691.8</ele>
        <time>2026-06-02T04:53:55Z</time>
        <hdop>3</hdop>
        <extensions>
          <osmand:speed>0.1</osmand:speed>
        </extensions>
      </trkpt>
      <trkpt lat="-13.5470688" lon="-71.2365828">
        <ele>4691.8</ele>
        <time>2026-06-02T04:54:10Z</time>
        <hdop>3</hdop>
        <extensions>
          <osmand:speed>0.1</osmand:speed>
        </extensions>
      </trkpt>
      <trkpt lat="-13.5470931" lon="-71.236584">
        <ele>4692.7</ele>
        <time>2026-06-02T04:54:26Z</time>
        <hdop>3</hdop>
        <extensions>
          <osmand:speed>0.1</osmand:speed>
        </extensions>
      </trkpt>
      <trkpt lat="-13.5470947" lon="-71.2365755">
        <ele>4690.5</ele>
        <time>2026-06-02T04:54:42Z</time>
        <hdop>3</hdop>
        <extensions>
          <osmand:speed>0.1</osmand:speed>
        </extensions>
      </trkpt>
      <trkpt lat="-13.5470939" lon="-71.2365738">
        <ele>4690.5</ele>
        <time>2026-06-02T04:54:58Z</time>
        <hdop>3</hdop>
        <extensions>
          <osmand:speed>0.1</osmand:speed>
        </extensions>
      </trkpt>
      <trkpt lat="-13.5470946" lon="-71.2365722">
        <ele>4690.5</ele>
        <time>2026-06-02T04:55:14Z</time>
        <hdop>3</hdop>
        <extensions>
          <osmand:speed>0.1</osmand:speed>
        </extensions>
      </trkpt>
      <trkpt lat="-13.5470949" lon="-71.2365729">
        <ele>4690.5</ele>
        <time>2026-06-02T04:55:30Z</time>
        <hdop>3</hdop>
        <extensions>
          <osmand:speed>0.1</osmand:speed>
        </extensions>
      </trkpt>
      <trkpt lat="-13.547094" lon="-71.236572">
        <ele>4690.5</ele>
        <time>2026-06-02T04:55:46Z</time>
        <hdop>3</hdop>
        <extensions>
          <osmand:speed>0.1</osmand:speed>
        </extensions>
      </trkpt>
      <trkpt lat="-13.5470929" lon="-71.2365725">
        <ele>4690.5</ele>
        <time>2026-06-02T04:56:02Z</time>
        <hdop>3</hdop>
        <extensions>
          <osmand:speed>0.1</osmand:speed>
        </extensions>
      </trkpt>
      <trkpt lat="-13.5470934" lon="-71.2365751">
        <ele>4690.5</ele>
        <time>2026-06-02T04:56:18Z</time>
        <hdop>3</hdop>
        <extensions>
          <osmand:speed>0.1</osmand:speed>
        </extensions>
      </trkpt>
      <trkpt lat="-13.5470942" lon="-71.2365757">
        <ele>4690.5</ele>
        <time>2026-06-02T04:56:34Z</time>
        <hdop>3</hdop>
        <extensions>
          <osmand:speed>0.1</osmand:speed>
        </extensions>
      </trkpt>
      <trkpt lat="-13.5470935" lon="-71.2365763">
        <ele>4690.5</ele>
        <time>2026-06-02T04:56:50Z</time>
        <hdop>3</hdop>
        <extensions>
          <osmand:speed>0.1</osmand:speed>
        </extensions>
      </trkpt>
      <trkpt lat="-13.5470937" lon="-71.2365766">
        <ele>4690.5</ele>
        <time>2026-06-02T04:57:05Z</time>
        <hdop>3</hdop>
        <extensions>
          <osmand:speed>0.1</osmand:speed>
        </extensions>
      </trkpt>
      <trkpt lat="-13.5470934" lon="-71.2365775">
        <ele>4690.5</ele>
        <time>2026-06-02T04:57:21Z</time>
        <hdop>3</hdop>
        <extensions>
          <osmand:speed>0.1</osmand:speed>
        </extensions>
      </trkpt>
      <trkpt lat="-13.5470952" lon="-71.2365772">
        <ele>4690.5</ele>
        <time>2026-06-02T04:57:37Z</time>
        <hdop>3</hdop>
        <extensions>
          <osmand:speed>0.1</osmand:speed>
        </extensions>
      </trkpt>
      <trkpt lat="-13.5470954" lon="-71.236577">
        <ele>4690.5</ele>
        <time>2026-06-02T04:57:52Z</time>
        <hdop>3</hdop>
        <extensions>
          <osmand:speed>0.1</osmand:speed>
        </extensions>
      </trkpt>
      <trkpt lat="-13.5470946" lon="-71.2365755">
        <ele>4690.5</ele>
        <time>2026-06-02T04:58:08Z</time>
        <hdop>3</hdop>
        <extensions>
          <osmand:speed>0.1</osmand:speed>
        </extensions>
      </trkpt>
      <trkpt lat="-13.547093" lon="-71.2365753">
        <ele>4690.5</ele>
        <time>2026-06-02T04:58:24Z</time>
        <hdop>3</hdop>
        <extensions>
          <osmand:speed>0.1</osmand:speed>
        </extensions>
      </trkpt>
      <trkpt lat="-13.5470931" lon="-71.2365756">
        <ele>4690.5</ele>
        <time>2026-06-02T04:58:40Z</time>
        <hdop>3</hdop>
        <extensions>
          <osmand:speed>0.1</osmand:speed>
        </extensions>
      </trkpt>
      <trkpt lat="-13.5470944" lon="-71.2365767">
        <ele>4690.5</ele>
        <time>2026-06-02T04:58:56Z</time>
        <hdop>3</hdop>
        <extensions>
          <osmand:speed>0.1</osmand:speed>
        </extensions>
      </trkpt>
      <trkpt lat="-13.5470953" lon="-71.2365779">
        <ele>4690.5</ele>
        <time>2026-06-02T04:59:12Z</time>
        <hdop>3</hdop>
        <extensions>
          <osmand:speed>0.1</osmand:speed>
        </extensions>
      </trkpt>
      <trkpt lat="-13.5470943" lon="-71.2365771">
        <ele>4690.5</ele>
        <time>2026-06-02T04:59:27Z</time>
        <hdop>3</hdop>
        <extensions>
          <osmand:speed>0.1</osmand:speed>
        </extensions>
      </trkpt>
      <trkpt lat="-13.5470939" lon="-71.2365786">
        <ele>4690.5</ele>
        <time>2026-06-02T04:59:43Z</time>
        <hdop>3</hdop>
        <extensions>
          <osmand:speed>0.1</osmand:speed>
        </extensions>
      </trkpt>
      <trkpt lat="-13.5470931" lon="-71.2365788">
        <ele>4690.5</ele>
        <time>2026-06-02T04:59:59Z</time>
        <hdop>3</hdop>
        <extensions>
          <osmand:speed>0.1</osmand:speed>
        </extensions>
      </trkpt>
      <trkpt lat="-13.5470951" lon="-71.2365759">
        <ele>4690.5</ele>
        <time>2026-06-02T05:00:15Z</time>
        <hdop>3</hdop>
        <extensions>
          <osmand:speed>0.1</osmand:speed>
        </extensions>
      </trkpt>
      <trkpt lat="-13.5470953" lon="-71.2365739">
        <ele>4690.5</ele>
        <time>2026-06-02T05:00:31Z</time>
        <hdop>3</hdop>
        <extensions>
          <osmand:speed>0.1</osmand:speed>
        </extensions>
      </trkpt>
      <trkpt lat="-13.5470939" lon="-71.2365712">
        <ele>4690.5</ele>
        <time>2026-06-02T05:00:46Z</time>
        <hdop>3</hdop>
        <extensions>
          <osmand:speed>0.1</osmand:speed>
        </extensions>
      </trkpt>
      <trkpt lat="-13.5470942" lon="-71.2365728">
        <ele>4690.5</ele>
        <time>2026-06-02T05:01:02Z</time>
        <hdop>3</hdop>
        <extensions>
          <osmand:speed>0.1</osmand:speed>
        </extensions>
      </trkpt>
      <trkpt lat="-13.5470928" lon="-71.2365767">
        <ele>4690.5</ele>
        <time>2026-06-02T05:01:18Z</time>
        <hdop>3</hdop>
        <extensions>
          <osmand:speed>0.1</osmand:speed>
        </extensions>
      </trkpt>
      <trkpt lat="-13.5470921" lon="-71.2365754">
        <ele>4690.5</ele>
        <time>2026-06-02T05:01:34Z</time>
        <hdop>3</hdop>
        <extensions>
          <osmand:speed>0.1</osmand:speed>
        </extensions>
      </trkpt>
      <trkpt lat="-13.5470932" lon="-71.2365739">
        <ele>4690.5</ele>
        <time>2026-06-02T05:01:49Z</time>
        <hdop>3</hdop>
        <extensions>
          <osmand:speed>0.1</osmand:speed>
        </extensions>
      </trkpt>
      <trkpt lat="-13.5470953" lon="-71.2365718">
        <ele>4690.5</ele>
        <time>2026-06-02T05:02:05Z</time>
        <hdop>3</hdop>
        <extensions>
          <osmand:speed>0.1</osmand:speed>
        </extensions>
      </trkpt>
      <trkpt lat="-13.5470953" lon="-71.2365721">
        <ele>4690.5</ele>
        <time>2026-06-02T05:02:21Z</time>
        <hdop>3</hdop>
        <extensions>
          <osmand:speed>0</osmand:speed>
        </extensions>
      </trkpt>
      <trkpt lat="-13.5470957" lon="-71.236573">
        <ele>4690.5</ele>
        <time>2026-06-02T05:02:37Z</time>
        <hdop>3</hdop>
        <extensions>
          <osmand:speed>0.1</osmand:speed>
        </extensions>
      </trkpt>
      <trkpt lat="-13.547097" lon="-71.236574">
        <ele>4690.5</ele>
        <time>2026-06-02T05:02:53Z</time>
        <hdop>3</hdop>
        <extensions>
          <osmand:speed>0.1</osmand:speed>
        </extensions>
      </trkpt>
      <trkpt lat="-13.547096" lon="-71.2365752">
        <ele>4690.5</ele>
        <time>2026-06-02T05:03:09Z</time>
        <hdop>3</hdop>
        <extensions>
          <osmand:speed>0.1</osmand:speed>
        </extensions>
      </trkpt>
      <trkpt lat="-13.5470966" lon="-71.2365773">
        <ele>4690.5</ele>
        <time>2026-06-02T05:03:25Z</time>
        <hdop>3</hdop>
        <extensions>
          <osmand:speed>0.1</osmand:speed>
        </extensions>
      </trkpt>
      <trkpt lat="-13.5470953" lon="-71.2365783">
        <ele>4690.5</ele>
        <time>2026-06-02T05:03:41Z</time>
        <hdop>3</hdop>
        <extensions>
          <osmand:speed>0.1</osmand:speed>
        </extensions>
      </trkpt>
      <trkpt lat="-13.5470961" lon="-71.2365759">
        <ele>4690.5</ele>
        <time>2026-06-02T05:03:57Z</time>
        <hdop>3</hdop>
        <extensions>
          <osmand:speed>0.1</osmand:speed>
        </extensions>
      </trkpt>
      <trkpt lat="-13.5470955" lon="-71.2365767">
        <ele>4690.5</ele>
        <time>2026-06-02T05:04:12Z</time>
        <hdop>3</hdop>
        <extensions>
          <osmand:speed>0.1</osmand:speed>
        </extensions>
      </trkpt>
      <trkpt lat="-13.5470938" lon="-71.2365781">
        <ele>4690.5</ele>
        <time>2026-06-02T05:04:28Z</time>
        <hdop>3</hdop>
        <extensions>
          <osmand:speed>0.1</osmand:speed>
        </extensions>
      </trkpt>
      <trkpt lat="-13.5470922" lon="-71.2365761">
        <ele>4690.5</ele>
        <time>2026-06-02T05:04:44Z</time>
        <hdop>3</hdop>
        <extensions>
          <osmand:speed>0.1</osmand:speed>
        </extensions>
      </trkpt>
      <trkpt lat="-13.5470935" lon="-71.2365744">
        <ele>4690.5</ele>
        <time>2026-06-02T05:05:00Z</time>
        <hdop>3</hdop>
        <extensions>
          <osmand:speed>0.1</osmand:speed>
        </extensions>
      </trkpt>
      <trkpt lat="-13.5470941" lon="-71.2365764">
        <ele>4690.5</ele>
        <time>2026-06-02T05:05:15Z</time>
        <hdop>3</hdop>
        <extensions>
          <osmand:speed>0.1</osmand:speed>
        </extensions>
      </trkpt>
      <trkpt lat="-13.5470943" lon="-71.2365751">
        <ele>4690.5</ele>
        <time>2026-06-02T05:05:31Z</time>
        <hdop>3</hdop>
        <extensions>
          <osmand:speed>0.1</osmand:speed>
        </extensions>
      </trkpt>
      <trkpt lat="-13.5470945" lon="-71.2365758">
        <ele>4690.5</ele>
        <time>2026-06-02T05:05:47Z</time>
        <hdop>3</hdop>
        <extensions>
          <osmand:speed>0.1</osmand:speed>
        </extensions>
      </trkpt>
      <trkpt lat="-13.5470952" lon="-71.2365744">
        <ele>4690.5</ele>
        <time>2026-06-02T05:06:03Z</time>
        <hdop>3</hdop>
        <extensions>
          <osmand:speed>0.1</osmand:speed>
        </extensions>
      </trkpt>
      <trkpt lat="-13.5470969" lon="-71.2365751">
        <ele>4690.5</ele>
        <time>2026-06-02T05:06:19Z</time>
        <hdop>3</hdop>
        <extensions>
          <osmand:speed>0.1</osmand:speed>
        </extensions>
      </trkpt>
      <trkpt lat="-13.5470973" lon="-71.2365734">
        <ele>4690.5</ele>
        <time>2026-06-02T05:06:35Z</time>
        <hdop>3</hdop>
        <extensions>
          <osmand:speed>0.1</osmand:speed>
        </extensions>
      </trkpt>
      <trkpt lat="-13.5470988" lon="-71.236573">
        <ele>4690.5</ele>
        <time>2026-06-02T05:06:51Z</time>
        <hdop>3</hdop>
        <extensions>
          <osmand:speed>0.1</osmand:speed>
        </extensions>
      </trkpt>
      <trkpt lat="-13.5470958" lon="-71.2365766">
        <ele>4690.5</ele>
        <time>2026-06-02T05:07:07Z</time>
        <hdop>3</hdop>
        <extensions>
          <osmand:speed>0.1</osmand:speed>
        </extensions>
      </trkpt>
      <trkpt lat="-13.5470931" lon="-71.2365757">
        <ele>4690.5</ele>
        <time>2026-06-02T05:07:22Z</time>
        <hdop>3</hdop>
        <extensions>
          <osmand:speed>0.1</osmand:speed>
        </extensions>
      </trkpt>
      <trkpt lat="-13.547093" lon="-71.2365747">
        <ele>4690.5</ele>
        <time>2026-06-02T05:07:38Z</time>
        <hdop>3</hdop>
        <extensions>
          <osmand:speed>0.1</osmand:speed>
        </extensions>
      </trkpt>
      <trkpt lat="-13.5470947" lon="-71.236575">
        <ele>4690.5</ele>
        <time>2026-06-02T05:07:54Z</time>
        <hdop>3</hdop>
        <extensions>
          <osmand:speed>0</osmand:speed>
        </extensions>
      </trkpt>
      <trkpt lat="-13.5470937" lon="-71.2365742">
        <ele>4690.5</ele>
        <time>2026-06-02T05:08:10Z</time>
        <hdop>3</hdop>
        <extensions>
          <osmand:speed>0.1</osmand:speed>
        </extensions>
      </trkpt>
      <trkpt lat="-13.5470941" lon="-71.2365728">
        <ele>4690.5</ele>
        <time>2026-06-02T05:08:26Z</time>
        <hdop>3</hdop>
        <extensions>
          <osmand:speed>0.1</osmand:speed>
        </extensions>
      </trkpt>
      <trkpt lat="-13.5470943" lon="-71.236574">
        <ele>4690.5</ele>
        <time>2026-06-02T05:08:42Z</time>
        <hdop>3</hdop>
        <extensions>
          <osmand:speed>0.1</osmand:speed>
        </extensions>
      </trkpt>
      <trkpt lat="-13.5470966" lon="-71.2365755">
        <ele>4690.5</ele>
        <time>2026-06-02T05:08:57Z</time>
        <hdop>3</hdop>
        <extensions>
          <osmand:speed>0.1</osmand:speed>
        </extensions>
      </trkpt>
      <trkpt lat="-13.5470965" lon="-71.2365759">
        <ele>4690.5</ele>
        <time>2026-06-02T05:09:13Z</time>
        <hdop>3</hdop>
        <extensions>
          <osmand:speed>0.1</osmand:speed>
        </extensions>
      </trkpt>
      <trkpt lat="-13.5470952" lon="-71.236575">
        <ele>4690.5</ele>
        <time>2026-06-02T05:09:29Z</time>
        <hdop>3</hdop>
        <extensions>
          <osmand:speed>0.1</osmand:speed>
        </extensions>
      </trkpt>
      <trkpt lat="-13.5470949" lon="-71.2365747">
        <ele>4690.5</ele>
        <time>2026-06-02T05:09:45Z</time>
        <hdop>3</hdop>
        <extensions>
          <osmand:speed>0.1</osmand:speed>
        </extensions>
      </trkpt>
      <trkpt lat="-13.5470952" lon="-71.2365759">
        <ele>4690.5</ele>
        <time>2026-06-02T05:10:01Z</time>
        <hdop>3</hdop>
        <extensions>
          <osmand:speed>0.1</osmand:speed>
        </extensions>
      </trkpt>
      <trkpt lat="-13.5470949" lon="-71.2365756">
        <ele>4690.5</ele>
        <time>2026-06-02T05:10:17Z</time>
        <hdop>3</hdop>
        <extensions>
          <osmand:speed>0.1</osmand:speed>
        </extensions>
      </trkpt>
      <trkpt lat="-13.5470946" lon="-71.2365773">
        <ele>4690.5</ele>
        <time>2026-06-02T05:10:33Z</time>
        <hdop>3</hdop>
        <extensions>
          <osmand:speed>0.1</osmand:speed>
        </extensions>
      </trkpt>
      <trkpt lat="-13.547095" lon="-71.2365782">
        <ele>4690.5</ele>
        <time>2026-06-02T05:10:49Z</time>
        <hdop>3</hdop>
        <extensions>
          <osmand:speed>0.1</osmand:speed>
        </extensions>
      </trkpt>
      <trkpt lat="-13.5470945" lon="-71.2365754">
        <ele>4690.5</ele>
        <time>2026-06-02T05:11:04Z</time>
        <hdop>3</hdop>
        <extensions>
          <osmand:speed>0</osmand:speed>
        </extensions>
      </trkpt>
      <trkpt lat="-13.5470951" lon="-71.2365743">
        <ele>4690.5</ele>
        <time>2026-06-02T05:11:20Z</time>
        <hdop>3</hdop>
        <extensions>
          <osmand:speed>0.1</osmand:speed>
        </extensions>
      </trkpt>
      <trkpt lat="-13.5470961" lon="-71.2365746">
        <ele>4690.5</ele>
        <time>2026-06-02T05:11:36Z</time>
        <hdop>3</hdop>
        <extensions>
          <osmand:speed>0.1</osmand:speed>
        </extensions>
      </trkpt>
      <trkpt lat="-13.5470966" lon="-71.2365745">
        <ele>4690.5</ele>
        <time>2026-06-02T05:11:52Z</time>
        <hdop>3</hdop>
        <extensions>
          <osmand:speed>0.1</osmand:speed>
        </extensions>
      </trkpt>
      <trkpt lat="-13.5470972" lon="-71.2365733">
        <ele>4690.5</ele>
        <time>2026-06-02T05:12:08Z</time>
        <hdop>3</hdop>
        <extensions>
          <osmand:speed>0.1</osmand:speed>
        </extensions>
      </trkpt>
      <trkpt lat="-13.5470956" lon="-71.2365723">
        <ele>4690.5</ele>
        <time>2026-06-02T05:12:24Z</time>
        <hdop>3</hdop>
        <extensions>
          <osmand:speed>0.1</osmand:speed>
        </extensions>
      </trkpt>
      <trkpt lat="-13.5470952" lon="-71.2365731">
        <ele>4690.5</ele>
        <time>2026-06-02T05:12:40Z</time>
        <hdop>3</hdop>
        <extensions>
          <osmand:speed>0.1</osmand:speed>
        </extensions>
      </trkpt>
      <trkpt lat="-13.5470982" lon="-71.2365741">
        <ele>4690.5</ele>
        <time>2026-06-02T05:12:56Z</time>
        <hdop>3</hdop>
        <extensions>
          <osmand:speed>0.1</osmand:speed>
        </extensions>
      </trkpt>
      <trkpt lat="-13.5470883" lon="-71.2365877">
        <ele>4689.9</ele>
        <time>2026-06-02T05:13:12Z</time>
        <hdop>3</hdop>
        <extensions>
          <osmand:speed>0.1</osmand:speed>
        </extensions>
      </trkpt>
      <trkpt lat="-13.5470793" lon="-71.2365929">
        <ele>4689.9</ele>
        <time>2026-06-02T05:13:28Z</time>
        <hdop>3</hdop>
        <extensions>
          <osmand:speed>0.1</osmand:speed>
        </extensions>
      </trkpt>
      <trkpt lat="-13.5470741" lon="-71.2365936">
        <ele>4689.9</ele>
        <time>2026-06-02T05:13:43Z</time>
        <hdop>3</hdop>
        <extensions>
          <osmand:speed>0.1</osmand:speed>
        </extensions>
      </trkpt>
      <trkpt lat="-13.5470723" lon="-71.2365953">
        <ele>4689.9</ele>
        <time>2026-06-02T05:13:59Z</time>
        <hdop>3</hdop>
        <extensions>
          <osmand:speed>0.1</osmand:speed>
        </extensions>
      </trkpt>
      <trkpt lat="-13.5470727" lon="-71.2365954">
        <ele>4689.9</ele>
        <time>2026-06-02T05:14:15Z</time>
        <hdop>3</hdop>
        <extensions>
          <osmand:speed>0.1</osmand:speed>
        </extensions>
      </trkpt>
      <trkpt lat="-13.5470731" lon="-71.2365941">
        <ele>4689.9</ele>
        <time>2026-06-02T05:14:31Z</time>
        <hdop>3</hdop>
        <extensions>
          <osmand:speed>0.1</osmand:speed>
        </extensions>
      </trkpt>
      <trkpt lat="-13.5470753" lon="-71.2365936">
        <ele>4689.9</ele>
        <time>2026-06-02T05:14:47Z</time>
        <hdop>3</hdop>
        <extensions>
          <osmand:speed>0.1</osmand:speed>
        </extensions>
      </trkpt>
      <trkpt lat="-13.5470788" lon="-71.2365921">
        <ele>4689.9</ele>
        <time>2026-06-02T05:15:03Z</time>
        <hdop>3</hdop>
        <extensions>
          <osmand:speed>0.1</osmand:speed>
        </extensions>
      </trkpt>
      <trkpt lat="-13.5470781" lon="-71.2365931">
        <ele>4689.9</ele>
        <time>2026-06-02T05:15:19Z</time>
        <hdop>3</hdop>
        <extensions>
          <osmand:speed>0.1</osmand:speed>
        </extensions>
      </trkpt>
      <trkpt lat="-13.5470776" lon="-71.2365941">
        <ele>4689.9</ele>
        <time>2026-06-02T05:15:35Z</time>
        <hdop>3</hdop>
        <extensions>
          <osmand:speed>0.1</osmand:speed>
        </extensions>
      </trkpt>
      <trkpt lat="-13.5470736" lon="-71.2365947">
        <ele>4689.9</ele>
        <time>2026-06-02T05:15:51Z</time>
        <hdop>3</hdop>
        <extensions>
          <osmand:speed>0.1</osmand:speed>
        </extensions>
      </trkpt>
      <trkpt lat="-13.5470743" lon="-71.2365956">
        <ele>4689.9</ele>
        <time>2026-06-02T05:16:06Z</time>
        <hdop>3</hdop>
        <extensions>
          <osmand:speed>0.1</osmand:speed>
        </extensions>
      </trkpt>
      <trkpt lat="-13.5470764" lon="-71.2365948">
        <ele>4689.9</ele>
        <time>2026-06-02T05:16:22Z</time>
        <hdop>3</hdop>
        <extensions>
          <osmand:speed>0.1</osmand:speed>
        </extensions>
      </trkpt>
      <trkpt lat="-13.5470766" lon="-71.2365938">
        <ele>4689.9</ele>
        <time>2026-06-02T05:16:37Z</time>
        <hdop>3</hdop>
        <extensions>
          <osmand:speed>0.1</osmand:speed>
        </extensions>
      </trkpt>
      <trkpt lat="-13.5470766" lon="-71.2365932">
        <ele>4689.9</ele>
        <time>2026-06-02T05:16:53Z</time>
        <hdop>3</hdop>
        <extensions>
          <osmand:speed>0.1</osmand:speed>
        </extensions>
      </trkpt>
      <trkpt lat="-13.5470767" lon="-71.2365932">
        <ele>4689.9</ele>
        <time>2026-06-02T05:17:09Z</time>
        <hdop>3</hdop>
        <extensions>
          <osmand:speed>0.1</osmand:speed>
        </extensions>
      </trkpt>
      <trkpt lat="-13.547078" lon="-71.2365929">
        <ele>4689.9</ele>
        <time>2026-06-02T05:17:25Z</time>
        <hdop>3</hdop>
        <extensions>
          <osmand:speed>0.1</osmand:speed>
        </extensions>
      </trkpt>
      <trkpt lat="-13.5470793" lon="-71.2365931">
        <ele>4689.9</ele>
        <time>2026-06-02T05:17:41Z</time>
        <hdop>3</hdop>
        <extensions>
          <osmand:speed>0.1</osmand:speed>
        </extensions>
      </trkpt>
      <trkpt lat="-13.5470775" lon="-71.2365921">
        <ele>4689.9</ele>
        <time>2026-06-02T05:17:56Z</time>
        <hdop>3</hdop>
        <extensions>
          <osmand:speed>0.1</osmand:speed>
        </extensions>
      </trkpt>
      <trkpt lat="-13.5470774" lon="-71.2365917">
        <ele>4689.9</ele>
        <time>2026-06-02T05:18:12Z</time>
        <hdop>3</hdop>
        <extensions>
          <osmand:speed>0.1</osmand:speed>
        </extensions>
      </trkpt>
      <trkpt lat="-13.5470759" lon="-71.2365935">
        <ele>4689.9</ele>
        <time>2026-06-02T05:18:28Z</time>
        <hdop>3</hdop>
        <extensions>
          <osmand:speed>0.1</osmand:speed>
        </extensions>
      </trkpt>
      <trkpt lat="-13.5470753" lon="-71.2365908">
        <ele>4689.9</ele>
        <time>2026-06-02T05:18:44Z</time>
        <hdop>3</hdop>
        <extensions>
          <osmand:speed>0.1</osmand:speed>
        </extensions>
      </trkpt>
      <trkpt lat="-13.5470767" lon="-71.2365915">
        <ele>4689.9</ele>
        <time>2026-06-02T05:19:00Z</time>
        <hdop>3</hdop>
        <extensions>
          <osmand:speed>0.1</osmand:speed>
        </extensions>
      </trkpt>
      <trkpt lat="-13.5470769" lon="-71.2365913">
        <ele>4689.9</ele>
        <time>2026-06-02T05:19:16Z</time>
        <hdop>3</hdop>
        <extensions>
          <osmand:speed>0.1</osmand:speed>
        </extensions>
      </trkpt>
      <trkpt lat="-13.5470753" lon="-71.2365927">
        <ele>4689.9</ele>
        <time>2026-06-02T05:19:32Z</time>
        <hdop>3</hdop>
        <extensions>
          <osmand:speed>0.1</osmand:speed>
        </extensions>
      </trkpt>
      <trkpt lat="-13.5470768" lon="-71.2365935">
        <ele>4689.9</ele>
        <time>2026-06-02T05:19:48Z</time>
        <hdop>3</hdop>
        <extensions>
          <osmand:speed>0.1</osmand:speed>
        </extensions>
      </trkpt>
      <trkpt lat="-13.547077" lon="-71.2365931">
        <ele>4689.9</ele>
        <time>2026-06-02T05:20:04Z</time>
        <hdop>3</hdop>
        <extensions>
          <osmand:speed>0.1</osmand:speed>
        </extensions>
      </trkpt>
      <trkpt lat="-13.5470748" lon="-71.236594">
        <ele>4689.9</ele>
        <time>2026-06-02T05:20:20Z</time>
        <hdop>3</hdop>
        <extensions>
          <osmand:speed>0.1</osmand:speed>
        </extensions>
      </trkpt>
      <trkpt lat="-13.5470774" lon="-71.2365946">
        <ele>4689.9</ele>
        <time>2026-06-02T05:20:36Z</time>
        <hdop>3</hdop>
        <extensions>
          <osmand:speed>0.1</osmand:speed>
        </extensions>
      </trkpt>
      <trkpt lat="-13.5470763" lon="-71.2365943">
        <ele>4689.9</ele>
        <time>2026-06-02T05:20:52Z</time>
        <hdop>3</hdop>
        <extensions>
          <osmand:speed>0.1</osmand:speed>
        </extensions>
      </trkpt>
      <trkpt lat="-13.5470743" lon="-71.2365929">
        <ele>4689.9</ele>
        <time>2026-06-02T05:21:08Z</time>
        <hdop>3</hdop>
        <extensions>
          <osmand:speed>0.1</osmand:speed>
        </extensions>
      </trkpt>
      <trkpt lat="-13.5470753" lon="-71.2365917">
        <ele>4689.9</ele>
        <time>2026-06-02T05:21:24Z</time>
        <hdop>3</hdop>
        <extensions>
          <osmand:speed>0.1</osmand:speed>
        </extensions>
      </trkpt>
      <trkpt lat="-13.5470765" lon="-71.2365924">
        <ele>4689.9</ele>
        <time>2026-06-02T05:21:39Z</time>
        <hdop>3</hdop>
        <extensions>
          <osmand:speed>0.1</osmand:speed>
        </extensions>
      </trkpt>
      <trkpt lat="-13.5470776" lon="-71.236593">
        <ele>4689.9</ele>
        <time>2026-06-02T05:21:55Z</time>
        <hdop>3</hdop>
        <extensions>
          <osmand:speed>0.1</osmand:speed>
        </extensions>
      </trkpt>
      <trkpt lat="-13.5470764" lon="-71.2365945">
        <ele>4689.9</ele>
        <time>2026-06-02T05:22:11Z</time>
        <hdop>3</hdop>
        <extensions>
          <osmand:speed>0.1</osmand:speed>
        </extensions>
      </trkpt>
      <trkpt lat="-13.5470794" lon="-71.2365956">
        <ele>4689.9</ele>
        <time>2026-06-02T05:22:27Z</time>
        <hdop>3</hdop>
        <extensions>
          <osmand:speed>0.1</osmand:speed>
        </extensions>
      </trkpt>
      <trkpt lat="-13.5470789" lon="-71.2365951">
        <ele>4689.9</ele>
        <time>2026-06-02T05:22:43Z</time>
        <hdop>3</hdop>
        <extensions>
          <osmand:speed>0.1</osmand:speed>
        </extensions>
      </trkpt>
      <trkpt lat="-13.5470768" lon="-71.2365939">
        <ele>4689.9</ele>
        <time>2026-06-02T05:22:59Z</time>
        <hdop>3</hdop>
        <extensions>
          <osmand:speed>0.1</osmand:speed>
        </extensions>
      </trkpt>
      <trkpt lat="-13.5470771" lon="-71.2365923">
        <ele>4689.9</ele>
        <time>2026-06-02T05:23:15Z</time>
        <hdop>3</hdop>
        <extensions>
          <osmand:speed>0.1</osmand:speed>
        </extensions>
      </trkpt>
      <trkpt lat="-13.5470749" lon="-71.2365911">
        <ele>4689.9</ele>
        <time>2026-06-02T05:23:30Z</time>
        <hdop>3</hdop>
        <extensions>
          <osmand:speed>0.1</osmand:speed>
        </extensions>
      </trkpt>
      <trkpt lat="-13.5470746" lon="-71.2365926">
        <ele>4689.9</ele>
        <time>2026-06-02T05:23:46Z</time>
        <hdop>3</hdop>
        <extensions>
          <osmand:speed>0.1</osmand:speed>
        </extensions>
      </trkpt>
      <trkpt lat="-13.5470762" lon="-71.2365942">
        <ele>4689.9</ele>
        <time>2026-06-02T05:24:02Z</time>
        <hdop>3</hdop>
        <extensions>
          <osmand:speed>0.1</osmand:speed>
        </extensions>
      </trkpt>
      <trkpt lat="-13.5470769" lon="-71.2365938">
        <ele>4689.9</ele>
        <time>2026-06-02T05:24:18Z</time>
        <hdop>3</hdop>
        <extensions>
          <osmand:speed>0.1</osmand:speed>
        </extensions>
      </trkpt>
      <trkpt lat="-13.547079" lon="-71.2365931">
        <ele>4689.9</ele>
        <time>2026-06-02T05:24:34Z</time>
        <hdop>3</hdop>
        <extensions>
          <osmand:speed>0.1</osmand:speed>
        </extensions>
      </trkpt>
      <trkpt lat="-13.5470786" lon="-71.2365936">
        <ele>4689.9</ele>
        <time>2026-06-02T05:24:50Z</time>
        <hdop>3</hdop>
        <extensions>
          <osmand:speed>0.1</osmand:speed>
        </extensions>
      </trkpt>
      <trkpt lat="-13.5470765" lon="-71.2365935">
        <ele>4689.9</ele>
        <time>2026-06-02T05:25:05Z</time>
        <hdop>3</hdop>
        <extensions>
          <osmand:speed>0.1</osmand:speed>
        </extensions>
      </trkpt>
      <trkpt lat="-13.5470751" lon="-71.2365931">
        <ele>4689.9</ele>
        <time>2026-06-02T05:25:21Z</time>
        <hdop>3</hdop>
        <extensions>
          <osmand:speed>0.1</osmand:speed>
        </extensions>
      </trkpt>
      <trkpt lat="-13.5470742" lon="-71.2365923">
        <ele>4689.9</ele>
        <time>2026-06-02T05:25:37Z</time>
        <hdop>3</hdop>
        <extensions>
          <osmand:speed>0.1</osmand:speed>
        </extensions>
      </trkpt>
      <trkpt lat="-13.5470751" lon="-71.2365932">
        <ele>4689.9</ele>
        <time>2026-06-02T05:25:52Z</time>
        <hdop>3</hdop>
        <extensions>
          <osmand:speed>0.1</osmand:speed>
        </extensions>
      </trkpt>
      <trkpt lat="-13.5470737" lon="-71.2365932">
        <ele>4689.9</ele>
        <time>2026-06-02T05:26:08Z</time>
        <hdop>3</hdop>
        <extensions>
          <osmand:speed>0.1</osmand:speed>
        </extensions>
      </trkpt>
      <trkpt lat="-13.5470745" lon="-71.2365905">
        <ele>4689.9</ele>
        <time>2026-06-02T05:26:24Z</time>
        <hdop>3</hdop>
        <extensions>
          <osmand:speed>0.1</osmand:speed>
        </extensions>
      </trkpt>
      <trkpt lat="-13.5470769" lon="-71.2365918">
        <ele>4689.9</ele>
        <time>2026-06-02T05:26:40Z</time>
        <hdop>3</hdop>
        <extensions>
          <osmand:speed>0.1</osmand:speed>
        </extensions>
      </trkpt>
      <trkpt lat="-13.547077" lon="-71.2365945">
        <ele>4689.9</ele>
        <time>2026-06-02T05:26:55Z</time>
        <hdop>3</hdop>
        <extensions>
          <osmand:speed>0.1</osmand:speed>
        </extensions>
      </trkpt>
      <trkpt lat="-13.5470788" lon="-71.2365946">
        <ele>4689.9</ele>
        <time>2026-06-02T05:27:11Z</time>
        <hdop>3</hdop>
        <extensions>
          <osmand:speed>0.1</osmand:speed>
        </extensions>
      </trkpt>
      <trkpt lat="-13.5470784" lon="-71.2365949">
        <ele>4689.9</ele>
        <time>2026-06-02T05:27:26Z</time>
        <hdop>3</hdop>
        <extensions>
          <osmand:speed>0.1</osmand:speed>
        </extensions>
      </trkpt>
      <trkpt lat="-13.5470785" lon="-71.2365964">
        <ele>4689.9</ele>
        <time>2026-06-02T05:27:42Z</time>
        <hdop>3</hdop>
        <extensions>
          <osmand:speed>0.1</osmand:speed>
        </extensions>
      </trkpt>
      <trkpt lat="-13.5470768" lon="-71.2365961">
        <ele>4689.9</ele>
        <time>2026-06-02T05:27:58Z</time>
        <hdop>3</hdop>
        <extensions>
          <osmand:speed>0.1</osmand:speed>
        </extensions>
      </trkpt>
      <trkpt lat="-13.5470771" lon="-71.2365931">
        <ele>4689.9</ele>
        <time>2026-06-02T05:28:14Z</time>
        <hdop>3</hdop>
        <extensions>
          <osmand:speed>0.1</osmand:speed>
        </extensions>
      </trkpt>
      <trkpt lat="-13.5470759" lon="-71.2365927">
        <ele>4689.9</ele>
        <time>2026-06-02T05:28:30Z</time>
        <hdop>3</hdop>
        <extensions>
          <osmand:speed>0.1</osmand:speed>
        </extensions>
      </trkpt>
      <trkpt lat="-13.5470766" lon="-71.2365917">
        <ele>4689.9</ele>
        <time>2026-06-02T05:28:46Z</time>
        <hdop>3</hdop>
        <extensions>
          <osmand:speed>0.1</osmand:speed>
        </extensions>
      </trkpt>
      <trkpt lat="-13.5470764" lon="-71.2365917">
        <ele>4689.9</ele>
        <time>2026-06-02T05:29:02Z</time>
        <hdop>3</hdop>
        <extensions>
          <osmand:speed>0.1</osmand:speed>
        </extensions>
      </trkpt>
      <trkpt lat="-13.5470755" lon="-71.2365926">
        <ele>4689.9</ele>
        <time>2026-06-02T05:29:17Z</time>
        <hdop>3</hdop>
        <extensions>
          <osmand:speed>0.1</osmand:speed>
        </extensions>
      </trkpt>
      <trkpt lat="-13.5470754" lon="-71.2365935">
        <ele>4689.9</ele>
        <time>2026-06-02T05:29:33Z</time>
        <hdop>3</hdop>
        <extensions>
          <osmand:speed>0.1</osmand:speed>
        </extensions>
      </trkpt>
      <trkpt lat="-13.5470767" lon="-71.2365959">
        <ele>4689.9</ele>
        <time>2026-06-02T05:29:48Z</time>
        <hdop>3</hdop>
        <extensions>
          <osmand:speed>0.1</osmand:speed>
        </extensions>
      </trkpt>
      <trkpt lat="-13.5470768" lon="-71.2365969">
        <ele>4689.9</ele>
        <time>2026-06-02T05:30:04Z</time>
        <hdop>3</hdop>
        <extensions>
          <osmand:speed>0.1</osmand:speed>
        </extensions>
      </trkpt>
      <trkpt lat="-13.547077" lon="-71.2365957">
        <ele>4689.9</ele>
        <time>2026-06-02T05:30:20Z</time>
        <hdop>3</hdop>
        <extensions>
          <osmand:speed>0.1</osmand:speed>
        </extensions>
      </trkpt>
      <trkpt lat="-13.5470759" lon="-71.2365932">
        <ele>4689.9</ele>
        <time>2026-06-02T05:30:36Z</time>
        <hdop>3</hdop>
        <extensions>
          <osmand:speed>0.1</osmand:speed>
        </extensions>
      </trkpt>
      <trkpt lat="-13.5470749" lon="-71.236593">
        <ele>4689.9</ele>
        <time>2026-06-02T05:30:52Z</time>
        <hdop>3</hdop>
        <extensions>
          <osmand:speed>0.1</osmand:speed>
        </extensions>
      </trkpt>
      <trkpt lat="-13.5470757" lon="-71.2365914">
        <ele>4689.9</ele>
        <time>2026-06-02T05:31:07Z</time>
        <hdop>3</hdop>
        <extensions>
          <osmand:speed>0.1</osmand:speed>
        </extensions>
      </trkpt>
      <trkpt lat="-13.5470764" lon="-71.2365906">
        <ele>4689.9</ele>
        <time>2026-06-02T05:31:23Z</time>
        <hdop>3</hdop>
        <extensions>
          <osmand:speed>0.1</osmand:speed>
        </extensions>
      </trkpt>
      <trkpt lat="-13.5470767" lon="-71.2365924">
        <ele>4689.9</ele>
        <time>2026-06-02T05:31:38Z</time>
        <hdop>3</hdop>
        <extensions>
          <osmand:speed>0.1</osmand:speed>
        </extensions>
      </trkpt>
      <trkpt lat="-13.547076" lon="-71.2365923">
        <ele>4689.9</ele>
        <time>2026-06-02T05:31:54Z</time>
        <hdop>3</hdop>
        <extensions>
          <osmand:speed>0.1</osmand:speed>
        </extensions>
      </trkpt>
      <trkpt lat="-13.547076" lon="-71.2365912">
        <ele>4689.9</ele>
        <time>2026-06-02T05:32:10Z</time>
        <hdop>3</hdop>
        <extensions>
          <osmand:speed>0.1</osmand:speed>
        </extensions>
      </trkpt>
      <trkpt lat="-13.5470774" lon="-71.2365926">
        <ele>4689.9</ele>
        <time>2026-06-02T05:32:26Z</time>
        <hdop>3</hdop>
        <extensions>
          <osmand:speed>0.1</osmand:speed>
        </extensions>
      </trkpt>
      <trkpt lat="-13.5470771" lon="-71.2365941">
        <ele>4689.9</ele>
        <time>2026-06-02T05:32:42Z</time>
        <hdop>3</hdop>
        <extensions>
          <osmand:speed>0</osmand:speed>
        </extensions>
      </trkpt>
      <trkpt lat="-13.5470916" lon="-71.2365226">
        <ele>4689.3</ele>
        <time>2026-06-02T05:32:58Z</time>
        <hdop>3.1</hdop>
        <extensions>
          <osmand:speed>0.1</osmand:speed>
        </extensions>
      </trkpt>
      <trkpt lat="-13.5470937" lon="-71.2365156">
        <ele>4689.3</ele>
        <time>2026-06-02T05:33:14Z</time>
        <hdop>3</hdop>
        <extensions>
          <osmand:speed>0.1</osmand:speed>
        </extensions>
      </trkpt>
      <trkpt lat="-13.5470943" lon="-71.2365169">
        <ele>4689.3</ele>
        <time>2026-06-02T05:33:29Z</time>
        <hdop>3</hdop>
        <extensions>
          <osmand:speed>0.1</osmand:speed>
        </extensions>
      </trkpt>
      <trkpt lat="-13.5470927" lon="-71.2365133">
        <ele>4689.3</ele>
        <time>2026-06-02T05:33:45Z</time>
        <hdop>3</hdop>
        <extensions>
          <osmand:speed>0.1</osmand:speed>
        </extensions>
      </trkpt>
      <trkpt lat="-13.5470929" lon="-71.2365133">
        <ele>4689.3</ele>
        <time>2026-06-02T05:34:01Z</time>
        <hdop>3</hdop>
        <extensions>
          <osmand:speed>0.1</osmand:speed>
        </extensions>
      </trkpt>
      <trkpt lat="-13.5470936" lon="-71.2365161">
        <ele>4689.3</ele>
        <time>2026-06-02T05:34:17Z</time>
        <hdop>3</hdop>
        <extensions>
          <osmand:speed>0.1</osmand:speed>
        </extensions>
      </trkpt>
      <trkpt lat="-13.5471135" lon="-71.2364127">
        <ele>4690.3</ele>
        <time>2026-06-02T05:34:33Z</time>
        <hdop>3.1</hdop>
        <extensions>
          <osmand:speed>0.3</osmand:speed>
        </extensions>
      </trkpt>
      <trkpt lat="-13.5471862" lon="-71.2363628">
        <ele>4692.7</ele>
        <time>2026-06-02T05:34:48Z</time>
        <hdop>3</hdop>
        <extensions>
          <osmand:speed>0.4</osmand:speed>
        </extensions>
      </trkpt>
      <trkpt lat="-13.5472942" lon="-71.2363424">
        <ele>4691.5</ele>
        <time>2026-06-02T05:35:04Z</time>
        <hdop>3</hdop>
        <extensions>
          <osmand:speed>0.9</osmand:speed>
        </extensions>
      </trkpt>
      <trkpt lat="-13.5473414" lon="-71.236309">
        <ele>4688.6</ele>
        <time>2026-06-02T05:35:19Z</time>
        <hdop>3.1</hdop>
        <extensions>
          <osmand:speed>0.6</osmand:speed>
        </extensions>
      </trkpt>
      <trkpt lat="-13.5474029" lon="-71.2362446">
        <ele>4688.8</ele>
        <time>2026-06-02T05:35:34Z</time>
        <hdop>3</hdop>
        <extensions>
          <osmand:speed>0.6</osmand:speed>
        </extensions>
      </trkpt>
      <trkpt lat="-13.547444" lon="-71.2361898">
        <ele>4689.2</ele>
        <time>2026-06-02T05:35:49Z</time>
        <hdop>3</hdop>
        <extensions>
          <osmand:speed>0.5</osmand:speed>
        </extensions>
      </trkpt>
      <trkpt lat="-13.5474033" lon="-71.2361421">
        <ele>4689.4</ele>
        <time>2026-06-02T05:36:04Z</time>
        <hdop>3.2</hdop>
        <extensions>
          <osmand:speed>0.7</osmand:speed>
        </extensions>
      </trkpt>
      <trkpt lat="-13.5474522" lon="-71.2361249">
        <ele>4691.2</ele>
        <time>2026-06-02T05:36:20Z</time>
        <hdop>3</hdop>
        <extensions>
          <osmand:speed>0.5</osmand:speed>
        </extensions>
      </trkpt>
      <trkpt lat="-13.5474706" lon="-71.2361239">
        <ele>4692.3</ele>
        <time>2026-06-02T05:36:35Z</time>
        <hdop>3</hdop>
        <extensions>
          <osmand:speed>0.1</osmand:speed>
        </extensions>
      </trkpt>
      <trkpt lat="-13.5474807" lon="-71.2361269">
        <ele>4692.2</ele>
        <time>2026-06-02T05:36:51Z</time>
        <hdop>3</hdop>
        <extensions>
          <osmand:speed>0.5</osmand:speed>
        </extensions>
      </trkpt>
      <trkpt lat="-13.5476112" lon="-71.2361773">
        <ele>4695.6</ele>
        <time>2026-06-02T05:37:06Z</time>
        <hdop>3</hdop>
        <extensions>
          <osmand:speed>0.6</osmand:speed>
        </extensions>
      </trkpt>
      <trkpt lat="-13.5476453" lon="-71.2361943">
        <ele>4696.3</ele>
        <time>2026-06-02T05:37:22Z</time>
        <hdop>3</hdop>
        <extensions>
          <osmand:speed>0.1</osmand:speed>
        </extensions>
      </trkpt>
      <trkpt lat="-13.5476454" lon="-71.2361961">
        <ele>4696.3</ele>
        <time>2026-06-02T05:37:38Z</time>
        <hdop>3</hdop>
        <extensions>
          <osmand:speed>0.1</osmand:speed>
        </extensions>
      </trkpt>
      <trkpt lat="-13.547646" lon="-71.2361957">
        <ele>4696.3</ele>
        <time>2026-06-02T05:37:54Z</time>
        <hdop>3</hdop>
        <extensions>
          <osmand:speed>0.1</osmand:speed>
        </extensions>
      </trkpt>
      <trkpt lat="-13.5476451" lon="-71.2361958">
        <ele>4696.3</ele>
        <time>2026-06-02T05:38:10Z</time>
        <hdop>3</hdop>
        <extensions>
          <osmand:speed>0.1</osmand:speed>
        </extensions>
      </trkpt>
      <trkpt lat="-13.5476431" lon="-71.2361947">
        <ele>4696.3</ele>
        <time>2026-06-02T05:38:26Z</time>
        <hdop>3</hdop>
        <extensions>
          <osmand:speed>0.1</osmand:speed>
        </extensions>
      </trkpt>
      <trkpt lat="-13.5476433" lon="-71.236195">
        <ele>4696.3</ele>
        <time>2026-06-02T05:38:42Z</time>
        <hdop>3</hdop>
        <extensions>
          <osmand:speed>0.1</osmand:speed>
        </extensions>
      </trkpt>
      <trkpt lat="-13.5476424" lon="-71.2361948">
        <ele>4696.3</ele>
        <time>2026-06-02T05:38:58Z</time>
        <hdop>3</hdop>
        <extensions>
          <osmand:speed>0.1</osmand:speed>
        </extensions>
      </trkpt>
      <trkpt lat="-13.5476427" lon="-71.2361946">
        <ele>4696.3</ele>
        <time>2026-06-02T05:39:14Z</time>
        <hdop>3</hdop>
        <extensions>
          <osmand:speed>0.1</osmand:speed>
        </extensions>
      </trkpt>
      <trkpt lat="-13.5476428" lon="-71.2361948">
        <ele>4696.3</ele>
        <time>2026-06-02T05:39:30Z</time>
        <hdop>3</hdop>
        <extensions>
          <osmand:speed>0.1</osmand:speed>
        </extensions>
      </trkpt>
      <trkpt lat="-13.5476436" lon="-71.236195">
        <ele>4696.3</ele>
        <time>2026-06-02T05:39:46Z</time>
        <hdop>3</hdop>
        <extensions>
          <osmand:speed>0.1</osmand:speed>
        </extensions>
      </trkpt>
      <trkpt lat="-13.5476433" lon="-71.236196">
        <ele>4696.3</ele>
        <time>2026-06-02T05:40:01Z</time>
        <hdop>3</hdop>
        <extensions>
          <osmand:speed>0.1</osmand:speed>
        </extensions>
      </trkpt>
      <trkpt lat="-13.5476427" lon="-71.2361979">
        <ele>4696.3</ele>
        <time>2026-06-02T05:40:17Z</time>
        <hdop>3</hdop>
        <extensions>
          <osmand:speed>0.1</osmand:speed>
        </extensions>
      </trkpt>
      <trkpt lat="-13.5476575" lon="-71.2361987">
        <ele>4694</ele>
        <time>2026-06-02T05:40:33Z</time>
        <hdop>3</hdop>
        <extensions>
          <osmand:speed>0.2</osmand:speed>
        </extensions>
      </trkpt>
      <trkpt lat="-13.5477047" lon="-71.2362088">
        <ele>4693.9</ele>
        <time>2026-06-02T05:40:49Z</time>
        <hdop>3</hdop>
        <extensions>
          <osmand:speed>0.1</osmand:speed>
        </extensions>
      </trkpt>
      <trkpt lat="-13.5477055" lon="-71.2362097">
        <ele>4693.9</ele>
        <time>2026-06-02T05:41:05Z</time>
        <hdop>3</hdop>
        <extensions>
          <osmand:speed>0.1</osmand:speed>
        </extensions>
      </trkpt>
      <trkpt lat="-13.5477025" lon="-71.2362095">
        <ele>4693.9</ele>
        <time>2026-06-02T05:41:21Z</time>
        <hdop>3</hdop>
        <extensions>
          <osmand:speed>0.1</osmand:speed>
        </extensions>
      </trkpt>
      <trkpt lat="-13.5477043" lon="-71.2362089">
        <ele>4693.9</ele>
        <time>2026-06-02T05:41:37Z</time>
        <hdop>3</hdop>
        <extensions>
          <osmand:speed>0.1</osmand:speed>
        </extensions>
      </trkpt>
      <trkpt lat="-13.5477571" lon="-71.2361723">
        <ele>4695.6</ele>
        <time>2026-06-02T05:41:52Z</time>
        <hdop>3.2</hdop>
        <extensions>
          <osmand:speed>0.1</osmand:speed>
        </extensions>
      </trkpt>
      <trkpt lat="-13.5477637" lon="-71.2361576">
        <ele>4695.6</ele>
        <time>2026-06-02T05:42:07Z</time>
        <hdop>3</hdop>
        <extensions>
          <osmand:speed>0.1</osmand:speed>
        </extensions>
      </trkpt>
      <trkpt lat="-13.5477967" lon="-71.2360583">
        <ele>4699.5</ele>
        <time>2026-06-02T05:42:23Z</time>
        <hdop>1.7</hdop>
        <extensions>
          <osmand:speed>0.6</osmand:speed>
        </extensions>
      </trkpt>
      <trkpt lat="-13.5477233" lon="-71.2359767">
        <ele>4700.5</ele>
        <time>2026-06-02T05:42:39Z</time>
        <hdop>1.7</hdop>
        <extensions>
          <osmand:speed>0.8</osmand:speed>
        </extensions>
      </trkpt>
      <trkpt lat="-13.5476676" lon="-71.2358828">
        <ele>4702.8</ele>
        <time>2026-06-02T05:42:55Z</time>
        <hdop>1.7</hdop>
        <extensions>
          <osmand:speed>0.7</osmand:speed>
        </extensions>
      </trkpt>
      <trkpt lat="-13.5476061" lon="-71.2358047">
        <ele>4705.1</ele>
        <time>2026-06-02T05:43:10Z</time>
        <hdop>2.9</hdop>
        <extensions>
          <osmand:speed>0.8</osmand:speed>
        </extensions>
      </trkpt>
      <trkpt lat="-13.5475631" lon="-71.2357346">
        <ele>4706.6</ele>
        <time>2026-06-02T05:43:26Z</time>
        <hdop>3</hdop>
        <extensions>
          <osmand:speed>0.8</osmand:speed>
        </extensions>
      </trkpt>
      <trkpt lat="-13.5475151" lon="-71.2356572">
        <ele>4708.5</ele>
        <time>2026-06-02T05:43:41Z</time>
        <hdop>3</hdop>
        <extensions>
          <osmand:speed>0.8</osmand:speed>
        </extensions>
      </trkpt>
      <trkpt lat="-13.5474309" lon="-71.2355669">
        <ele>4711.6</ele>
        <time>2026-06-02T05:43:56Z</time>
        <hdop>3</hdop>
        <extensions>
          <osmand:speed>1</osmand:speed>
        </extensions>
      </trkpt>
      <trkpt lat="-13.5473732" lon="-71.2354766">
        <ele>4714.4</ele>
        <time>2026-06-02T05:44:11Z</time>
        <hdop>3</hdop>
        <extensions>
          <osmand:speed>1</osmand:speed>
        </extensions>
      </trkpt>
      <trkpt lat="-13.5472755" lon="-71.2353903">
        <ele>4714.4</ele>
        <time>2026-06-02T05:44:26Z</time>
        <hdop>3</hdop>
        <extensions>
          <osmand:speed>1</osmand:speed>
        </extensions>
      </trkpt>
      <trkpt lat="-13.5471439" lon="-71.2353559">
        <ele>4716.3</ele>
        <time>2026-06-02T05:44:42Z</time>
        <hdop>3</hdop>
        <extensions>
          <osmand:speed>0.9</osmand:speed>
        </extensions>
      </trkpt>
      <trkpt lat="-13.5470379" lon="-71.2353249">
        <ele>4718.7</ele>
        <time>2026-06-02T05:44:57Z</time>
        <hdop>3</hdop>
        <extensions>
          <osmand:speed>0.8</osmand:speed>
        </extensions>
      </trkpt>
      <trkpt lat="-13.5469527" lon="-71.2352943">
        <ele>4720</ele>
        <time>2026-06-02T05:45:12Z</time>
        <hdop>3</hdop>
        <extensions>
          <osmand:speed>0.5</osmand:speed>
        </extensions>
      </trkpt>
      <trkpt lat="-13.5469678" lon="-71.2352961">
        <ele>4720</ele>
        <time>2026-06-02T05:45:28Z</time>
        <hdop>3</hdop>
        <extensions>
          <osmand:speed>0.1</osmand:speed>
        </extensions>
      </trkpt>
      <trkpt lat="-13.5469656" lon="-71.2352957">
        <ele>4720</ele>
        <time>2026-06-02T05:45:44Z</time>
        <hdop>3</hdop>
        <extensions>
          <osmand:speed>0.1</osmand:speed>
        </extensions>
      </trkpt>
      <trkpt lat="-13.5469654" lon="-71.2352967">
        <ele>4720</ele>
        <time>2026-06-02T05:46:00Z</time>
        <hdop>3</hdop>
        <extensions>
          <osmand:speed>0.1</osmand:speed>
        </extensions>
      </trkpt>
      <trkpt lat="-13.5469672" lon="-71.2352965">
        <ele>4720</ele>
        <time>2026-06-02T05:46:16Z</time>
        <hdop>3</hdop>
        <extensions>
          <osmand:speed>0.1</osmand:speed>
        </extensions>
      </trkpt>
      <trkpt lat="-13.5469669" lon="-71.2352976">
        <ele>4720</ele>
        <time>2026-06-02T05:46:32Z</time>
        <hdop>3</hdop>
        <extensions>
          <osmand:speed>0.1</osmand:speed>
        </extensions>
      </trkpt>
      <trkpt lat="-13.5469683" lon="-71.2352975">
        <ele>4720</ele>
        <time>2026-06-02T05:46:48Z</time>
        <hdop>3</hdop>
        <extensions>
          <osmand:speed>0.1</osmand:speed>
        </extensions>
      </trkpt>
      <trkpt lat="-13.5469684" lon="-71.2352975">
        <ele>4720</ele>
        <time>2026-06-02T05:47:03Z</time>
        <hdop>3</hdop>
        <extensions>
          <osmand:speed>0.1</osmand:speed>
        </extensions>
      </trkpt>
      <trkpt lat="-13.5469677" lon="-71.2352965">
        <ele>4720</ele>
        <time>2026-06-02T05:47:19Z</time>
        <hdop>3</hdop>
        <extensions>
          <osmand:speed>0.1</osmand:speed>
        </extensions>
      </trkpt>
      <trkpt lat="-13.546968" lon="-71.2352964">
        <ele>4720</ele>
        <time>2026-06-02T05:47:35Z</time>
        <hdop>3</hdop>
        <extensions>
          <osmand:speed>0.1</osmand:speed>
        </extensions>
      </trkpt>
      <trkpt lat="-13.5469684" lon="-71.2352968">
        <ele>4720</ele>
        <time>2026-06-02T05:47:51Z</time>
        <hdop>3</hdop>
        <extensions>
          <osmand:speed>0.1</osmand:speed>
        </extensions>
      </trkpt>
      <trkpt lat="-13.5469684" lon="-71.2352966">
        <ele>4720</ele>
        <time>2026-06-02T05:48:07Z</time>
        <hdop>3</hdop>
        <extensions>
          <osmand:speed>0.1</osmand:speed>
        </extensions>
      </trkpt>
      <trkpt lat="-13.5469699" lon="-71.2352978">
        <ele>4720</ele>
        <time>2026-06-02T05:48:23Z</time>
        <hdop>3</hdop>
        <extensions>
          <osmand:speed>0.1</osmand:speed>
        </extensions>
      </trkpt>
      <trkpt lat="-13.5469688" lon="-71.2352979">
        <ele>4720</ele>
        <time>2026-06-02T05:48:38Z</time>
        <hdop>3</hdop>
        <extensions>
          <osmand:speed>0.1</osmand:speed>
        </extensions>
      </trkpt>
      <trkpt lat="-13.5469674" lon="-71.235297">
        <ele>4720</ele>
        <time>2026-06-02T05:48:54Z</time>
        <hdop>3</hdop>
        <extensions>
          <osmand:speed>0.1</osmand:speed>
        </extensions>
      </trkpt>
      <trkpt lat="-13.5469136" lon="-71.235247">
        <ele>4718.9</ele>
        <time>2026-06-02T05:49:09Z</time>
        <hdop>3</hdop>
        <extensions>
          <osmand:speed>0.6</osmand:speed>
        </extensions>
      </trkpt>
      <trkpt lat="-13.5468639" lon="-71.2352197">
        <ele>4719.3</ele>
        <time>2026-06-02T05:49:25Z</time>
        <hdop>3</hdop>
        <extensions>
          <osmand:speed>0.6</osmand:speed>
        </extensions>
      </trkpt>
      <trkpt lat="-13.5468255" lon="-71.2351765">
        <ele>4718.2</ele>
        <time>2026-06-02T05:49:40Z</time>
        <hdop>3</hdop>
        <extensions>
          <osmand:speed>0.3</osmand:speed>
        </extensions>
      </trkpt>
      <trkpt lat="-13.5467441" lon="-71.2351309">
        <ele>4719.3</ele>
        <time>2026-06-02T05:49:55Z</time>
        <hdop>3</hdop>
        <extensions>
          <osmand:speed>0.7</osmand:speed>
        </extensions>
      </trkpt>
      <trkpt lat="-13.5467082" lon="-71.235117">
        <ele>4721.3</ele>
        <time>2026-06-02T05:50:11Z</time>
        <hdop>3</hdop>
        <extensions>
          <osmand:speed>0.1</osmand:speed>
        </extensions>
      </trkpt>
      <trkpt lat="-13.5465997" lon="-71.235072">
        <ele>4721.5</ele>
        <time>2026-06-02T05:50:26Z</time>
        <hdop>3</hdop>
        <extensions>
          <osmand:speed>0.8</osmand:speed>
        </extensions>
      </trkpt>
      <trkpt lat="-13.5464981" lon="-71.2350093">
        <ele>4721.6</ele>
        <time>2026-06-02T05:50:41Z</time>
        <hdop>3</hdop>
        <extensions>
          <osmand:speed>1</osmand:speed>
        </extensions>
      </trkpt>
      <trkpt lat="-13.5464201" lon="-71.2349274">
        <ele>4722.6</ele>
        <time>2026-06-02T05:50:56Z</time>
        <hdop>3</hdop>
        <extensions>
          <osmand:speed>0.9</osmand:speed>
        </extensions>
      </trkpt>
      <trkpt lat="-13.5463003" lon="-71.2348747">
        <ele>4724</ele>
        <time>2026-06-02T05:51:11Z</time>
        <hdop>3</hdop>
        <extensions>
          <osmand:speed>0.9</osmand:speed>
        </extensions>
      </trkpt>
      <trkpt lat="-13.5462107" lon="-71.2348045">
        <ele>4724.6</ele>
        <time>2026-06-02T05:51:27Z</time>
        <hdop>3</hdop>
        <extensions>
          <osmand:speed>0.8</osmand:speed>
        </extensions>
      </trkpt>
      <trkpt lat="-13.546134" lon="-71.2347091">
        <ele>4723.8</ele>
        <time>2026-06-02T05:51:42Z</time>
        <hdop>3</hdop>
        <extensions>
          <osmand:speed>0.9</osmand:speed>
        </extensions>
      </trkpt>
      <trkpt lat="-13.5460922" lon="-71.2345931">
        <ele>4722.9</ele>
        <time>2026-06-02T05:51:58Z</time>
        <hdop>3</hdop>
        <extensions>
          <osmand:speed>0.9</osmand:speed>
        </extensions>
      </trkpt>
      <trkpt lat="-13.5459811" lon="-71.2344728">
        <ele>4724.5</ele>
        <time>2026-06-02T05:52:13Z</time>
        <hdop>3</hdop>
        <extensions>
          <osmand:speed>1.2</osmand:speed>
        </extensions>
      </trkpt>
      <trkpt lat="-13.5458607" lon="-71.2344894">
        <ele>4729.7</ele>
        <time>2026-06-02T05:52:28Z</time>
        <hdop>3</hdop>
        <extensions>
          <osmand:speed>0.8</osmand:speed>
        </extensions>
      </trkpt>
      <trkpt lat="-13.5457897" lon="-71.234445">
        <ele>4732.5</ele>
        <time>2026-06-02T05:52:43Z</time>
        <hdop>3</hdop>
        <extensions>
          <osmand:speed>0.8</osmand:speed>
        </extensions>
      </trkpt>
      <trkpt lat="-13.5457339" lon="-71.2343835">
        <ele>4732.6</ele>
        <time>2026-06-02T05:52:59Z</time>
        <hdop>3</hdop>
        <extensions>
          <osmand:speed>0.7</osmand:speed>
        </extensions>
      </trkpt>
      <trkpt lat="-13.5456472" lon="-71.2343332">
        <ele>4733.2</ele>
        <time>2026-06-02T05:53:14Z</time>
        <hdop>3</hdop>
        <extensions>
          <osmand:speed>0.7</osmand:speed>
        </extensions>
      </trkpt>
      <trkpt lat="-13.5455746" lon="-71.2342913">
        <ele>4736.8</ele>
        <time>2026-06-02T05:53:29Z</time>
        <hdop>3</hdop>
        <extensions>
          <osmand:speed>0.9</osmand:speed>
        </extensions>
      </trkpt>
      <trkpt lat="-13.545545" lon="-71.2342393">
        <ele>4736.4</ele>
        <time>2026-06-02T05:53:44Z</time>
        <hdop>3</hdop>
        <extensions>
          <osmand:speed>0.2</osmand:speed>
        </extensions>
      </trkpt>
      <trkpt lat="-13.5455275" lon="-71.2342045">
        <ele>4737.5</ele>
        <time>2026-06-02T05:54:00Z</time>
        <hdop>3</hdop>
        <extensions>
          <osmand:speed>0.1</osmand:speed>
        </extensions>
      </trkpt>
      <trkpt lat="-13.5454521" lon="-71.2341247">
        <ele>4738.4</ele>
        <time>2026-06-02T05:54:15Z</time>
        <hdop>3</hdop>
        <extensions>
          <osmand:speed>0.9</osmand:speed>
        </extensions>
      </trkpt>
      <trkpt lat="-13.5454091" lon="-71.23404">
        <ele>4738.7</ele>
        <time>2026-06-02T05:54:31Z</time>
        <hdop>3</hdop>
        <extensions>
          <osmand:speed>0.5</osmand:speed>
        </extensions>
      </trkpt>
      <trkpt lat="-13.5454174" lon="-71.2340503">
        <ele>4737.2</ele>
        <time>2026-06-02T05:54:46Z</time>
        <hdop>3</hdop>
        <extensions>
          <osmand:speed>0.1</osmand:speed>
        </extensions>
      </trkpt>
      <trkpt lat="-13.5453977" lon="-71.2339839">
        <ele>4737.3</ele>
        <time>2026-06-02T05:55:01Z</time>
        <hdop>3</hdop>
        <extensions>
          <osmand:speed>0.3</osmand:speed>
        </extensions>
      </trkpt>
      <trkpt lat="-13.5453694" lon="-71.2339258">
        <ele>4738.7</ele>
        <time>2026-06-02T05:55:17Z</time>
        <hdop>3</hdop>
        <extensions>
          <osmand:speed>0.2</osmand:speed>
        </extensions>
      </trkpt>
      <trkpt lat="-13.5453539" lon="-71.2338972">
        <ele>4740.5</ele>
        <time>2026-06-02T05:55:33Z</time>
        <hdop>3</hdop>
        <extensions>
          <osmand:speed>0.1</osmand:speed>
        </extensions>
      </trkpt>
      <trkpt lat="-13.545283" lon="-71.2338336">
        <ele>4744</ele>
        <time>2026-06-02T05:55:48Z</time>
        <hdop>3</hdop>
        <extensions>
          <osmand:speed>0.7</osmand:speed>
        </extensions>
      </trkpt>
      <trkpt lat="-13.5451965" lon="-71.2338488">
        <ele>4743.7</ele>
        <time>2026-06-02T05:56:04Z</time>
        <hdop>3</hdop>
        <extensions>
          <osmand:speed>0.8</osmand:speed>
        </extensions>
      </trkpt>
      <trkpt lat="-13.5450886" lon="-71.2338048">
        <ele>4745.9</ele>
        <time>2026-06-02T05:56:19Z</time>
        <hdop>3</hdop>
        <extensions>
          <osmand:speed>0.8</osmand:speed>
        </extensions>
      </trkpt>
      <trkpt lat="-13.545032" lon="-71.2338018">
        <ele>4746.2</ele>
        <time>2026-06-02T05:56:35Z</time>
        <hdop>3</hdop>
        <extensions>
          <osmand:speed>0.5</osmand:speed>
        </extensions>
      </trkpt>
      <trkpt lat="-13.5449704" lon="-71.233796">
        <ele>4746.4</ele>
        <time>2026-06-02T05:56:50Z</time>
        <hdop>3</hdop>
        <extensions>
          <osmand:speed>0.4</osmand:speed>
        </extensions>
      </trkpt>
      <trkpt lat="-13.5449024" lon="-71.233803">
        <ele>4746.5</ele>
        <time>2026-06-02T05:57:06Z</time>
        <hdop>3</hdop>
        <extensions>
          <osmand:speed>0.1</osmand:speed>
        </extensions>
      </trkpt>
      <trkpt lat="-13.5448472" lon="-71.2338413">
        <ele>4747.1</ele>
        <time>2026-06-02T05:57:21Z</time>
        <hdop>3</hdop>
        <extensions>
          <osmand:speed>0.6</osmand:speed>
        </extensions>
      </trkpt>
      <trkpt lat="-13.5448425" lon="-71.2338805">
        <ele>4743.9</ele>
        <time>2026-06-02T05:57:37Z</time>
        <hdop>3</hdop>
        <extensions>
          <osmand:speed>0.1</osmand:speed>
        </extensions>
      </trkpt>
      <trkpt lat="-13.5448409" lon="-71.233881">
        <ele>4743.9</ele>
        <time>2026-06-02T05:57:52Z</time>
        <hdop>3</hdop>
        <extensions>
          <osmand:speed>0</osmand:speed>
        </extensions>
      </trkpt>
      <trkpt lat="-13.5447669" lon="-71.2339086">
        <ele>4746.1</ele>
        <time>2026-06-02T05:58:08Z</time>
        <hdop>3.1</hdop>
        <extensions>
          <osmand:speed>0.1</osmand:speed>
        </extensions>
      </trkpt>
      <trkpt lat="-13.5446641" lon="-71.2339041">
        <ele>4747.8</ele>
        <time>2026-06-02T05:58:23Z</time>
        <hdop>3</hdop>
        <extensions>
          <osmand:speed>0.7</osmand:speed>
        </extensions>
      </trkpt>
      <trkpt lat="-13.5445678" lon="-71.2338365">
        <ele>4744.1</ele>
        <time>2026-06-02T05:58:38Z</time>
        <hdop>3</hdop>
        <extensions>
          <osmand:speed>0.8</osmand:speed>
        </extensions>
      </trkpt>
      <trkpt lat="-13.5444942" lon="-71.2338214">
        <ele>4747.1</ele>
        <time>2026-06-02T05:58:53Z</time>
        <hdop>3</hdop>
        <extensions>
          <osmand:speed>0.5</osmand:speed>
        </extensions>
      </trkpt>
      <trkpt lat="-13.5444067" lon="-71.2338219">
        <ele>4749.3</ele>
        <time>2026-06-02T05:59:09Z</time>
        <hdop>3</hdop>
        <extensions>
          <osmand:speed>0.8</osmand:speed>
        </extensions>
      </trkpt>
      <trkpt lat="-13.5443232" lon="-71.2337841">
        <ele>4751.6</ele>
        <time>2026-06-02T05:59:24Z</time>
        <hdop>3</hdop>
        <extensions>
          <osmand:speed>0.8</osmand:speed>
        </extensions>
      </trkpt>
      <trkpt lat="-13.5442451" lon="-71.2338058">
        <ele>4751.4</ele>
        <time>2026-06-02T05:59:39Z</time>
        <hdop>3</hdop>
        <extensions>
          <osmand:speed>0.7</osmand:speed>
        </extensions>
      </trkpt>
      <trkpt lat="-13.5442011" lon="-71.2337687">
        <ele>4753.3</ele>
        <time>2026-06-02T05:59:55Z</time>
        <hdop>3</hdop>
        <extensions>
          <osmand:speed>0.4</osmand:speed>
        </extensions>
      </trkpt>
      <trkpt lat="-13.5441364" lon="-71.233715">
        <ele>4756.4</ele>
        <time>2026-06-02T06:00:11Z</time>
        <hdop>3</hdop>
        <extensions>
          <osmand:speed>0.5</osmand:speed>
        </extensions>
      </trkpt>
      <trkpt lat="-13.5441054" lon="-71.2337255">
        <ele>4757.3</ele>
        <time>2026-06-02T06:00:26Z</time>
        <hdop>3</hdop>
        <extensions>
          <osmand:speed>0.1</osmand:speed>
        </extensions>
      </trkpt>
      <trkpt lat="-13.5440927" lon="-71.2337394">
        <ele>4756.9</ele>
        <time>2026-06-02T06:00:41Z</time>
        <hdop>3</hdop>
        <extensions>
          <osmand:speed>0.1</osmand:speed>
        </extensions>
      </trkpt>
      <trkpt lat="-13.544092" lon="-71.2337389">
        <ele>4756.9</ele>
        <time>2026-06-02T06:00:57Z</time>
        <hdop>3</hdop>
        <extensions>
          <osmand:speed>0.1</osmand:speed>
        </extensions>
      </trkpt>
      <trkpt lat="-13.5440931" lon="-71.2337408">
        <ele>4756.9</ele>
        <time>2026-06-02T06:01:12Z</time>
        <hdop>3</hdop>
        <extensions>
          <osmand:speed>0.1</osmand:speed>
        </extensions>
      </trkpt>
      <trkpt lat="-13.5440252" lon="-71.2338097">
        <ele>4755.7</ele>
        <time>2026-06-02T06:01:27Z</time>
        <hdop>3</hdop>
        <extensions>
          <osmand:speed>0.1</osmand:speed>
        </extensions>
      </trkpt>
      <trkpt lat="-13.5440117" lon="-71.2338568">
        <ele>4759.4</ele>
        <time>2026-06-02T06:01:42Z</time>
        <hdop>3</hdop>
        <extensions>
          <osmand:speed>0.1</osmand:speed>
        </extensions>
      </trkpt>
      <trkpt lat="-13.5439581" lon="-71.2337973">
        <ele>4761.7</ele>
        <time>2026-06-02T06:01:58Z</time>
        <hdop>3</hdop>
        <extensions>
          <osmand:speed>0.1</osmand:speed>
        </extensions>
      </trkpt>
      <trkpt lat="-13.5438905" lon="-71.233736">
        <ele>4763</ele>
        <time>2026-06-02T06:02:13Z</time>
        <hdop>3</hdop>
        <extensions>
          <osmand:speed>0.7</osmand:speed>
        </extensions>
      </trkpt>
      <trkpt lat="-13.5438544" lon="-71.2337134">
        <ele>4766.6</ele>
        <time>2026-06-02T06:02:28Z</time>
        <hdop>3</hdop>
        <extensions>
          <osmand:speed>0.2</osmand:speed>
        </extensions>
      </trkpt>
      <trkpt lat="-13.5437558" lon="-71.2336409">
        <ele>4768.5</ele>
        <time>2026-06-02T06:02:43Z</time>
        <hdop>3</hdop>
        <extensions>
          <osmand:speed>0.8</osmand:speed>
        </extensions>
      </trkpt>
      <trkpt lat="-13.5437038" lon="-71.2335958">
        <ele>4770.6</ele>
        <time>2026-06-02T06:02:58Z</time>
        <hdop>3</hdop>
        <extensions>
          <osmand:speed>0.5</osmand:speed>
        </extensions>
      </trkpt>
      <trkpt lat="-13.5436355" lon="-71.2335791">
        <ele>4771</ele>
        <time>2026-06-02T06:03:14Z</time>
        <hdop>3</hdop>
        <extensions>
          <osmand:speed>0.7</osmand:speed>
        </extensions>
      </trkpt>
      <trkpt lat="-13.5435541" lon="-71.2335941">
        <ele>4774.5</ele>
        <time>2026-06-02T06:03:29Z</time>
        <hdop>3</hdop>
        <extensions>
          <osmand:speed>0.6</osmand:speed>
        </extensions>
      </trkpt>
      <trkpt lat="-13.5434675" lon="-71.2335942">
        <ele>4776.2</ele>
        <time>2026-06-02T06:03:45Z</time>
        <hdop>3</hdop>
        <extensions>
          <osmand:speed>0.6</osmand:speed>
        </extensions>
      </trkpt>
      <trkpt lat="-13.5434145" lon="-71.2335845">
        <ele>4778.4</ele>
        <time>2026-06-02T06:04:00Z</time>
        <hdop>3</hdop>
        <extensions>
          <osmand:speed>0.6</osmand:speed>
        </extensions>
      </trkpt>
      <trkpt lat="-13.5433733" lon="-71.2335443">
        <ele>4780.4</ele>
        <time>2026-06-02T06:04:15Z</time>
        <hdop>3</hdop>
        <extensions>
          <osmand:speed>0.6</osmand:speed>
        </extensions>
      </trkpt>
      <trkpt lat="-13.5433096" lon="-71.2335178">
        <ele>4781.8</ele>
        <time>2026-06-02T06:04:31Z</time>
        <hdop>3</hdop>
        <extensions>
          <osmand:speed>0.7</osmand:speed>
        </extensions>
      </trkpt>
      <trkpt lat="-13.5432591" lon="-71.233476">
        <ele>4785</ele>
        <time>2026-06-02T06:04:46Z</time>
        <hdop>3</hdop>
        <extensions>
          <osmand:speed>0.7</osmand:speed>
        </extensions>
      </trkpt>
      <trkpt lat="-13.5432188" lon="-71.233514">
        <ele>4787</ele>
        <time>2026-06-02T06:05:02Z</time>
        <hdop>3</hdop>
        <extensions>
          <osmand:speed>0.4</osmand:speed>
        </extensions>
      </trkpt>
      <trkpt lat="-13.5431272" lon="-71.2335285">
        <ele>4789.1</ele>
        <time>2026-06-02T06:05:17Z</time>
        <hdop>3</hdop>
        <extensions>
          <osmand:speed>0.7</osmand:speed>
        </extensions>
      </trkpt>
      <trkpt lat="-13.5430738" lon="-71.2334929">
        <ele>4790</ele>
        <time>2026-06-02T06:05:32Z</time>
        <hdop>3</hdop>
        <extensions>
          <osmand:speed>0.5</osmand:speed>
        </extensions>
      </trkpt>
      <trkpt lat="-13.5430178" lon="-71.233466">
        <ele>4790.5</ele>
        <time>2026-06-02T06:05:47Z</time>
        <hdop>3</hdop>
        <extensions>
          <osmand:speed>0.6</osmand:speed>
        </extensions>
      </trkpt>
      <trkpt lat="-13.5429548" lon="-71.2334102">
        <ele>4790.6</ele>
        <time>2026-06-02T06:06:03Z</time>
        <hdop>3</hdop>
        <extensions>
          <osmand:speed>0.7</osmand:speed>
        </extensions>
      </trkpt>
      <trkpt lat="-13.5429088" lon="-71.2333567">
        <ele>4792</ele>
        <time>2026-06-02T06:06:18Z</time>
        <hdop>3</hdop>
        <extensions>
          <osmand:speed>0.7</osmand:speed>
        </extensions>
      </trkpt>
      <trkpt lat="-13.5428265" lon="-71.2332991">
        <ele>4793.8</ele>
        <time>2026-06-02T06:06:34Z</time>
        <hdop>3</hdop>
        <extensions>
          <osmand:speed>0.7</osmand:speed>
        </extensions>
      </trkpt>
      <trkpt lat="-13.5427702" lon="-71.2332694">
        <ele>4798.2</ele>
        <time>2026-06-02T06:06:49Z</time>
        <hdop>3</hdop>
        <extensions>
          <osmand:speed>0.4</osmand:speed>
        </extensions>
      </trkpt>
      <trkpt lat="-13.5427895" lon="-71.2332874">
        <ele>4798.9</ele>
        <time>2026-06-02T06:07:05Z</time>
        <hdop>3</hdop>
        <extensions>
          <osmand:speed>0.1</osmand:speed>
        </extensions>
      </trkpt>
      <trkpt lat="-13.5427907" lon="-71.2332866">
        <ele>4798.9</ele>
        <time>2026-06-02T06:07:21Z</time>
        <hdop>3</hdop>
        <extensions>
          <osmand:speed>0.1</osmand:speed>
        </extensions>
      </trkpt>
      <trkpt lat="-13.5427904" lon="-71.2332866">
        <ele>4798.9</ele>
        <time>2026-06-02T06:07:37Z</time>
        <hdop>3</hdop>
        <extensions>
          <osmand:speed>0.1</osmand:speed>
        </extensions>
      </trkpt>
      <trkpt lat="-13.5427647" lon="-71.2333132">
        <ele>4803.1</ele>
        <time>2026-06-02T06:07:52Z</time>
        <hdop>3</hdop>
        <extensions>
          <osmand:speed>0.5</osmand:speed>
        </extensions>
      </trkpt>
      <trkpt lat="-13.5427074" lon="-71.2332527">
        <ele>4804.6</ele>
        <time>2026-06-02T06:08:07Z</time>
        <hdop>3</hdop>
        <extensions>
          <osmand:speed>0.6</osmand:speed>
        </extensions>
      </trkpt>
      <trkpt lat="-13.5426585" lon="-71.233221">
        <ele>4806.1</ele>
        <time>2026-06-02T06:08:22Z</time>
        <hdop>3</hdop>
        <extensions>
          <osmand:speed>0.5</osmand:speed>
        </extensions>
      </trkpt>
      <trkpt lat="-13.5426138" lon="-71.2331869">
        <ele>4808</ele>
        <time>2026-06-02T06:08:38Z</time>
        <hdop>3</hdop>
        <extensions>
          <osmand:speed>0.1</osmand:speed>
        </extensions>
      </trkpt>
      <trkpt lat="-13.5425702" lon="-71.2331279">
        <ele>4808.9</ele>
        <time>2026-06-02T06:08:53Z</time>
        <hdop>3</hdop>
        <extensions>
          <osmand:speed>0.3</osmand:speed>
        </extensions>
      </trkpt>
      <trkpt lat="-13.5425307" lon="-71.2330808">
        <ele>4809.9</ele>
        <time>2026-06-02T06:09:08Z</time>
        <hdop>3</hdop>
        <extensions>
          <osmand:speed>0.5</osmand:speed>
        </extensions>
      </trkpt>
      <trkpt lat="-13.5424818" lon="-71.233043">
        <ele>4811.5</ele>
        <time>2026-06-02T06:09:24Z</time>
        <hdop>3</hdop>
        <extensions>
          <osmand:speed>0.6</osmand:speed>
        </extensions>
      </trkpt>
      <trkpt lat="-13.5424498" lon="-71.2330233">
        <ele>4813.7</ele>
        <time>2026-06-02T06:09:40Z</time>
        <hdop>3</hdop>
        <extensions>
          <osmand:speed>0.2</osmand:speed>
        </extensions>
      </trkpt>
      <trkpt lat="-13.5423616" lon="-71.2330388">
        <ele>4817.3</ele>
        <time>2026-06-02T06:09:55Z</time>
        <hdop>3</hdop>
        <extensions>
          <osmand:speed>0.5</osmand:speed>
        </extensions>
      </trkpt>
      <trkpt lat="-13.5422181" lon="-71.2330565">
        <ele>4819.3</ele>
        <time>2026-06-02T06:10:10Z</time>
        <hdop>3</hdop>
        <extensions>
          <osmand:speed>1</osmand:speed>
        </extensions>
      </trkpt>
      <trkpt lat="-13.5421096" lon="-71.2330608">
        <ele>4821.5</ele>
        <time>2026-06-02T06:10:26Z</time>
        <hdop>3</hdop>
        <extensions>
          <osmand:speed>0.7</osmand:speed>
        </extensions>
      </trkpt>
      <trkpt lat="-13.5419936" lon="-71.2330536">
        <ele>4817.5</ele>
        <time>2026-06-02T06:10:42Z</time>
        <hdop>3</hdop>
        <extensions>
          <osmand:speed>0.9</osmand:speed>
        </extensions>
      </trkpt>
      <trkpt lat="-13.5419191" lon="-71.2330503">
        <ele>4819.5</ele>
        <time>2026-06-02T06:10:57Z</time>
        <hdop>3</hdop>
        <extensions>
          <osmand:speed>0.7</osmand:speed>
        </extensions>
      </trkpt>
      <trkpt lat="-13.5418287" lon="-71.2330135">
        <ele>4819.6</ele>
        <time>2026-06-02T06:11:12Z</time>
        <hdop>3</hdop>
        <extensions>
          <osmand:speed>0.7</osmand:speed>
        </extensions>
      </trkpt>
      <trkpt lat="-13.5417585" lon="-71.2330055">
        <ele>4823.2</ele>
        <time>2026-06-02T06:11:27Z</time>
        <hdop>3</hdop>
        <extensions>
          <osmand:speed>0.6</osmand:speed>
        </extensions>
      </trkpt>
      <trkpt lat="-13.5416686" lon="-71.2330035">
        <ele>4825.6</ele>
        <time>2026-06-02T06:11:42Z</time>
        <hdop>3</hdop>
        <extensions>
          <osmand:speed>0.6</osmand:speed>
        </extensions>
      </trkpt>
      <trkpt lat="-13.5415912" lon="-71.232946">
        <ele>4825.4</ele>
        <time>2026-06-02T06:11:57Z</time>
        <hdop>3</hdop>
        <extensions>
          <osmand:speed>0.8</osmand:speed>
        </extensions>
      </trkpt>
      <trkpt lat="-13.541524" lon="-71.2329655">
        <ele>4825.8</ele>
        <time>2026-06-02T06:12:12Z</time>
        <hdop>3</hdop>
        <extensions>
          <osmand:speed>0.5</osmand:speed>
        </extensions>
      </trkpt>
      <trkpt lat="-13.5414529" lon="-71.2329212">
        <ele>4826.5</ele>
        <time>2026-06-02T06:12:28Z</time>
        <hdop>3</hdop>
        <extensions>
          <osmand:speed>0.6</osmand:speed>
        </extensions>
      </trkpt>
      <trkpt lat="-13.5414048" lon="-71.2328864">
        <ele>4827</ele>
        <time>2026-06-02T06:12:43Z</time>
        <hdop>3</hdop>
        <extensions>
          <osmand:speed>0.7</osmand:speed>
        </extensions>
      </trkpt>
      <trkpt lat="-13.5413165" lon="-71.23289">
        <ele>4828.8</ele>
        <time>2026-06-02T06:12:58Z</time>
        <hdop>3</hdop>
        <extensions>
          <osmand:speed>0.7</osmand:speed>
        </extensions>
      </trkpt>
      <trkpt lat="-13.54125" lon="-71.2329441">
        <ele>4834</ele>
        <time>2026-06-02T06:13:14Z</time>
        <hdop>3</hdop>
        <extensions>
          <osmand:speed>0.6</osmand:speed>
        </extensions>
      </trkpt>
      <trkpt lat="-13.541189" lon="-71.2329275">
        <ele>4836.8</ele>
        <time>2026-06-02T06:13:29Z</time>
        <hdop>3</hdop>
        <extensions>
          <osmand:speed>0.6</osmand:speed>
        </extensions>
      </trkpt>
      <trkpt lat="-13.5411807" lon="-71.2329375">
        <ele>4837</ele>
        <time>2026-06-02T06:13:45Z</time>
        <hdop>3</hdop>
        <extensions>
          <osmand:speed>0.1</osmand:speed>
        </extensions>
      </trkpt>
      <trkpt lat="-13.5411804" lon="-71.2329395">
        <ele>4837</ele>
        <time>2026-06-02T06:14:01Z</time>
        <hdop>3</hdop>
        <extensions>
          <osmand:speed>0.1</osmand:speed>
        </extensions>
      </trkpt>
      <trkpt lat="-13.54118" lon="-71.2329397">
        <ele>4837</ele>
        <time>2026-06-02T06:14:17Z</time>
        <hdop>3</hdop>
        <extensions>
          <osmand:speed>0.1</osmand:speed>
        </extensions>
      </trkpt>
      <trkpt lat="-13.5412091" lon="-71.2329427">
        <ele>4838.9</ele>
        <time>2026-06-02T06:14:32Z</time>
        <hdop>3</hdop>
        <extensions>
          <osmand:speed>0.1</osmand:speed>
        </extensions>
      </trkpt>
      <trkpt lat="-13.5412102" lon="-71.2329431">
        <ele>4836.2</ele>
        <time>2026-06-02T06:14:48Z</time>
        <hdop>3</hdop>
        <extensions>
          <osmand:speed>0.1</osmand:speed>
        </extensions>
      </trkpt>
      <trkpt lat="-13.5412111" lon="-71.2329423">
        <ele>4836.2</ele>
        <time>2026-06-02T06:15:04Z</time>
        <hdop>3</hdop>
        <extensions>
          <osmand:speed>0.1</osmand:speed>
        </extensions>
      </trkpt>
      <trkpt lat="-13.5412127" lon="-71.2329431">
        <ele>4836.2</ele>
        <time>2026-06-02T06:15:20Z</time>
        <hdop>3</hdop>
        <extensions>
          <osmand:speed>0.1</osmand:speed>
        </extensions>
      </trkpt>
      <trkpt lat="-13.5412119" lon="-71.2329438">
        <ele>4836.2</ele>
        <time>2026-06-02T06:15:36Z</time>
        <hdop>3</hdop>
        <extensions>
          <osmand:speed>0.1</osmand:speed>
        </extensions>
      </trkpt>
      <trkpt lat="-13.5412102" lon="-71.2329434">
        <ele>4836.2</ele>
        <time>2026-06-02T06:15:52Z</time>
        <hdop>3</hdop>
        <extensions>
          <osmand:speed>0.1</osmand:speed>
        </extensions>
      </trkpt>
      <trkpt lat="-13.5412095" lon="-71.2329431">
        <ele>4836.2</ele>
        <time>2026-06-02T06:16:08Z</time>
        <hdop>3</hdop>
        <extensions>
          <osmand:speed>0.1</osmand:speed>
        </extensions>
      </trkpt>
      <trkpt lat="-13.5412092" lon="-71.2329415">
        <ele>4836.2</ele>
        <time>2026-06-02T06:16:24Z</time>
        <hdop>3</hdop>
        <extensions>
          <osmand:speed>0.1</osmand:speed>
        </extensions>
      </trkpt>
      <trkpt lat="-13.5412092" lon="-71.23294">
        <ele>4836.2</ele>
        <time>2026-06-02T06:16:40Z</time>
        <hdop>3</hdop>
        <extensions>
          <osmand:speed>0.1</osmand:speed>
        </extensions>
      </trkpt>
      <trkpt lat="-13.541208" lon="-71.2329407">
        <ele>4836.2</ele>
        <time>2026-06-02T06:16:55Z</time>
        <hdop>3</hdop>
        <extensions>
          <osmand:speed>0.1</osmand:speed>
        </extensions>
      </trkpt>
      <trkpt lat="-13.5412089" lon="-71.2329416">
        <ele>4836.2</ele>
        <time>2026-06-02T06:17:11Z</time>
        <hdop>3</hdop>
        <extensions>
          <osmand:speed>0.1</osmand:speed>
        </extensions>
      </trkpt>
      <trkpt lat="-13.5411316" lon="-71.2329963">
        <ele>4838.9</ele>
        <time>2026-06-02T06:17:26Z</time>
        <hdop>3</hdop>
        <extensions>
          <osmand:speed>0.1</osmand:speed>
        </extensions>
      </trkpt>
      <trkpt lat="-13.5411313" lon="-71.2329956">
        <ele>4838.9</ele>
        <time>2026-06-02T06:17:42Z</time>
        <hdop>3</hdop>
        <extensions>
          <osmand:speed>0.1</osmand:speed>
        </extensions>
      </trkpt>
      <trkpt lat="-13.5411345" lon="-71.2329902">
        <ele>4836.6</ele>
        <time>2026-06-02T06:17:57Z</time>
        <hdop>3</hdop>
        <extensions>
          <osmand:speed>0.1</osmand:speed>
        </extensions>
      </trkpt>
      <trkpt lat="-13.5411673" lon="-71.2329481">
        <ele>4836.5</ele>
        <time>2026-06-02T06:18:13Z</time>
        <hdop>3</hdop>
        <extensions>
          <osmand:speed>0.1</osmand:speed>
        </extensions>
      </trkpt>
      <trkpt lat="-13.541168" lon="-71.2329471">
        <ele>4836.5</ele>
        <time>2026-06-02T06:18:29Z</time>
        <hdop>3</hdop>
        <extensions>
          <osmand:speed>0.1</osmand:speed>
        </extensions>
      </trkpt>
      <trkpt lat="-13.5411688" lon="-71.2329478">
        <ele>4836.5</ele>
        <time>2026-06-02T06:18:45Z</time>
        <hdop>3</hdop>
        <extensions>
          <osmand:speed>0.1</osmand:speed>
        </extensions>
      </trkpt>
      <trkpt lat="-13.5411676" lon="-71.2329472">
        <ele>4836.5</ele>
        <time>2026-06-02T06:19:01Z</time>
        <hdop>3</hdop>
        <extensions>
          <osmand:speed>0.1</osmand:speed>
        </extensions>
      </trkpt>
      <trkpt lat="-13.5411671" lon="-71.2329484">
        <ele>4836.5</ele>
        <time>2026-06-02T06:19:17Z</time>
        <hdop>3</hdop>
        <extensions>
          <osmand:speed>0.1</osmand:speed>
        </extensions>
      </trkpt>
      <trkpt lat="-13.5411658" lon="-71.2329487">
        <ele>4836.5</ele>
        <time>2026-06-02T06:19:32Z</time>
        <hdop>3</hdop>
        <extensions>
          <osmand:speed>0.1</osmand:speed>
        </extensions>
      </trkpt>
      <trkpt lat="-13.541167" lon="-71.232948">
        <ele>4836.5</ele>
        <time>2026-06-02T06:19:48Z</time>
        <hdop>3</hdop>
        <extensions>
          <osmand:speed>0.1</osmand:speed>
        </extensions>
      </trkpt>
      <trkpt lat="-13.5411682" lon="-71.2329475">
        <ele>4836.5</ele>
        <time>2026-06-02T06:20:04Z</time>
        <hdop>3</hdop>
        <extensions>
          <osmand:speed>0.1</osmand:speed>
        </extensions>
      </trkpt>
      <trkpt lat="-13.5411682" lon="-71.2329487">
        <ele>4836.5</ele>
        <time>2026-06-02T06:20:20Z</time>
        <hdop>3</hdop>
        <extensions>
          <osmand:speed>0.1</osmand:speed>
        </extensions>
      </trkpt>
      <trkpt lat="-13.5411678" lon="-71.232949">
        <ele>4836.5</ele>
        <time>2026-06-02T06:20:36Z</time>
        <hdop>3</hdop>
        <extensions>
          <osmand:speed>0.1</osmand:speed>
        </extensions>
      </trkpt>
      <trkpt lat="-13.5411665" lon="-71.2329481">
        <ele>4836.5</ele>
        <time>2026-06-02T06:20:52Z</time>
        <hdop>3</hdop>
        <extensions>
          <osmand:speed>0.1</osmand:speed>
        </extensions>
      </trkpt>
      <trkpt lat="-13.5411668" lon="-71.2329477">
        <ele>4836.5</ele>
        <time>2026-06-02T06:21:07Z</time>
        <hdop>3</hdop>
        <extensions>
          <osmand:speed>0.1</osmand:speed>
        </extensions>
      </trkpt>
      <trkpt lat="-13.5411664" lon="-71.232949">
        <ele>4836.5</ele>
        <time>2026-06-02T06:21:23Z</time>
        <hdop>3</hdop>
        <extensions>
          <osmand:speed>0.1</osmand:speed>
        </extensions>
      </trkpt>
      <trkpt lat="-13.5411658" lon="-71.2329484">
        <ele>4836.5</ele>
        <time>2026-06-02T06:21:39Z</time>
        <hdop>3</hdop>
        <extensions>
          <osmand:speed>0.1</osmand:speed>
        </extensions>
      </trkpt>
      <trkpt lat="-13.541166" lon="-71.2329482">
        <ele>4836.5</ele>
        <time>2026-06-02T06:21:54Z</time>
        <hdop>3</hdop>
        <extensions>
          <osmand:speed>0.1</osmand:speed>
        </extensions>
      </trkpt>
      <trkpt lat="-13.5411661" lon="-71.2329486">
        <ele>4836.5</ele>
        <time>2026-06-02T06:22:10Z</time>
        <hdop>3</hdop>
        <extensions>
          <osmand:speed>0.1</osmand:speed>
        </extensions>
      </trkpt>
      <trkpt lat="-13.5411663" lon="-71.2329496">
        <ele>4836.5</ele>
        <time>2026-06-02T06:22:26Z</time>
        <hdop>3</hdop>
        <extensions>
          <osmand:speed>0.1</osmand:speed>
        </extensions>
      </trkpt>
      <trkpt lat="-13.5411665" lon="-71.2329486">
        <ele>4836.5</ele>
        <time>2026-06-02T06:22:42Z</time>
        <hdop>3</hdop>
        <extensions>
          <osmand:speed>0.1</osmand:speed>
        </extensions>
      </trkpt>
      <trkpt lat="-13.5411665" lon="-71.2329484">
        <ele>4836.5</ele>
        <time>2026-06-02T06:22:58Z</time>
        <hdop>3</hdop>
        <extensions>
          <osmand:speed>0.1</osmand:speed>
        </extensions>
      </trkpt>
      <trkpt lat="-13.5411653" lon="-71.2329478">
        <ele>4836.5</ele>
        <time>2026-06-02T06:23:14Z</time>
        <hdop>3</hdop>
        <extensions>
          <osmand:speed>0.1</osmand:speed>
        </extensions>
      </trkpt>
      <trkpt lat="-13.5411657" lon="-71.2329483">
        <ele>4836.5</ele>
        <time>2026-06-02T06:23:30Z</time>
        <hdop>3</hdop>
        <extensions>
          <osmand:speed>0.1</osmand:speed>
        </extensions>
      </trkpt>
      <trkpt lat="-13.5411668" lon="-71.2329496">
        <ele>4836.5</ele>
        <time>2026-06-02T06:23:46Z</time>
        <hdop>3</hdop>
        <extensions>
          <osmand:speed>0.1</osmand:speed>
        </extensions>
      </trkpt>
      <trkpt lat="-13.5411666" lon="-71.23295">
        <ele>4836.5</ele>
        <time>2026-06-02T06:24:02Z</time>
        <hdop>3</hdop>
        <extensions>
          <osmand:speed>0.1</osmand:speed>
        </extensions>
      </trkpt>
      <trkpt lat="-13.5411656" lon="-71.2329482">
        <ele>4836.5</ele>
        <time>2026-06-02T06:24:18Z</time>
        <hdop>3</hdop>
        <extensions>
          <osmand:speed>0.1</osmand:speed>
        </extensions>
      </trkpt>
      <trkpt lat="-13.5411662" lon="-71.2329485">
        <ele>4836.5</ele>
        <time>2026-06-02T06:24:34Z</time>
        <hdop>3</hdop>
        <extensions>
          <osmand:speed>0.1</osmand:speed>
        </extensions>
      </trkpt>
      <trkpt lat="-13.5411678" lon="-71.2329481">
        <ele>4836.5</ele>
        <time>2026-06-02T06:24:50Z</time>
        <hdop>3</hdop>
        <extensions>
          <osmand:speed>0.1</osmand:speed>
        </extensions>
      </trkpt>
      <trkpt lat="-13.5411668" lon="-71.2329471">
        <ele>4836.5</ele>
        <time>2026-06-02T06:25:06Z</time>
        <hdop>3</hdop>
        <extensions>
          <osmand:speed>0.1</osmand:speed>
        </extensions>
      </trkpt>
      <trkpt lat="-13.5411674" lon="-71.2329473">
        <ele>4836.5</ele>
        <time>2026-06-02T06:25:21Z</time>
        <hdop>3</hdop>
        <extensions>
          <osmand:speed>0.1</osmand:speed>
        </extensions>
      </trkpt>
      <trkpt lat="-13.5411667" lon="-71.2329471">
        <ele>4836.5</ele>
        <time>2026-06-02T06:25:37Z</time>
        <hdop>3</hdop>
        <extensions>
          <osmand:speed>0.1</osmand:speed>
        </extensions>
      </trkpt>
      <trkpt lat="-13.541167" lon="-71.2329492">
        <ele>4836.5</ele>
        <time>2026-06-02T06:25:53Z</time>
        <hdop>3</hdop>
        <extensions>
          <osmand:speed>0.1</osmand:speed>
        </extensions>
      </trkpt>
      <trkpt lat="-13.541166" lon="-71.2329493">
        <ele>4836.5</ele>
        <time>2026-06-02T06:26:09Z</time>
        <hdop>3</hdop>
        <extensions>
          <osmand:speed>0.1</osmand:speed>
        </extensions>
      </trkpt>
      <trkpt lat="-13.5411672" lon="-71.2329497">
        <ele>4836.5</ele>
        <time>2026-06-02T06:26:25Z</time>
        <hdop>3</hdop>
        <extensions>
          <osmand:speed>0.1</osmand:speed>
        </extensions>
      </trkpt>
      <trkpt lat="-13.5411685" lon="-71.232949">
        <ele>4836.5</ele>
        <time>2026-06-02T06:26:41Z</time>
        <hdop>3</hdop>
        <extensions>
          <osmand:speed>0.1</osmand:speed>
        </extensions>
      </trkpt>
      <trkpt lat="-13.5411681" lon="-71.2329476">
        <ele>4836.5</ele>
        <time>2026-06-02T06:26:57Z</time>
        <hdop>3</hdop>
        <extensions>
          <osmand:speed>0.1</osmand:speed>
        </extensions>
      </trkpt>
      <trkpt lat="-13.5411686" lon="-71.2329477">
        <ele>4836.5</ele>
        <time>2026-06-02T06:27:13Z</time>
        <hdop>3</hdop>
        <extensions>
          <osmand:speed>0.1</osmand:speed>
        </extensions>
      </trkpt>
      <trkpt lat="-13.5411687" lon="-71.2329475">
        <ele>4836.5</ele>
        <time>2026-06-02T06:27:29Z</time>
        <hdop>3</hdop>
        <extensions>
          <osmand:speed>0.1</osmand:speed>
        </extensions>
      </trkpt>
      <trkpt lat="-13.5411677" lon="-71.2329492">
        <ele>4836.5</ele>
        <time>2026-06-02T06:27:45Z</time>
        <hdop>3</hdop>
        <extensions>
          <osmand:speed>0.1</osmand:speed>
        </extensions>
      </trkpt>
      <trkpt lat="-13.5411683" lon="-71.2329494">
        <ele>4836.5</ele>
        <time>2026-06-02T06:28:01Z</time>
        <hdop>3</hdop>
        <extensions>
          <osmand:speed>0.1</osmand:speed>
        </extensions>
      </trkpt>
      <trkpt lat="-13.5411682" lon="-71.2329479">
        <ele>4836.5</ele>
        <time>2026-06-02T06:28:17Z</time>
        <hdop>3</hdop>
        <extensions>
          <osmand:speed>0.1</osmand:speed>
        </extensions>
      </trkpt>
      <trkpt lat="-13.5411678" lon="-71.2329478">
        <ele>4836.5</ele>
        <time>2026-06-02T06:28:33Z</time>
        <hdop>3</hdop>
        <extensions>
          <osmand:speed>0.1</osmand:speed>
        </extensions>
      </trkpt>
      <trkpt lat="-13.5411679" lon="-71.2329484">
        <ele>4836.5</ele>
        <time>2026-06-02T06:28:48Z</time>
        <hdop>3</hdop>
        <extensions>
          <osmand:speed>0.1</osmand:speed>
        </extensions>
      </trkpt>
      <trkpt lat="-13.5411676" lon="-71.2329487">
        <ele>4836.5</ele>
        <time>2026-06-02T06:29:04Z</time>
        <hdop>3</hdop>
        <extensions>
          <osmand:speed>0.1</osmand:speed>
        </extensions>
      </trkpt>
      <trkpt lat="-13.5411684" lon="-71.2329473">
        <ele>4836.5</ele>
        <time>2026-06-02T06:29:20Z</time>
        <hdop>3</hdop>
        <extensions>
          <osmand:speed>0.1</osmand:speed>
        </extensions>
      </trkpt>
      <trkpt lat="-13.5411675" lon="-71.2329461">
        <ele>4836.5</ele>
        <time>2026-06-02T06:29:36Z</time>
        <hdop>3</hdop>
        <extensions>
          <osmand:speed>0.1</osmand:speed>
        </extensions>
      </trkpt>
      <trkpt lat="-13.5411659" lon="-71.2329484">
        <ele>4836.5</ele>
        <time>2026-06-02T06:29:52Z</time>
        <hdop>3</hdop>
        <extensions>
          <osmand:speed>0.1</osmand:speed>
        </extensions>
      </trkpt>
      <trkpt lat="-13.541166" lon="-71.2329502">
        <ele>4836.5</ele>
        <time>2026-06-02T06:30:08Z</time>
        <hdop>3</hdop>
        <extensions>
          <osmand:speed>0.1</osmand:speed>
        </extensions>
      </trkpt>
      <trkpt lat="-13.5411653" lon="-71.23295">
        <ele>4836.5</ele>
        <time>2026-06-02T06:30:24Z</time>
        <hdop>3</hdop>
        <extensions>
          <osmand:speed>0.1</osmand:speed>
        </extensions>
      </trkpt>
      <trkpt lat="-13.5411666" lon="-71.2329489">
        <ele>4836.5</ele>
        <time>2026-06-02T06:30:40Z</time>
        <hdop>3</hdop>
        <extensions>
          <osmand:speed>0.1</osmand:speed>
        </extensions>
      </trkpt>
      <trkpt lat="-13.5411675" lon="-71.2329486">
        <ele>4836.5</ele>
        <time>2026-06-02T06:30:56Z</time>
        <hdop>3</hdop>
        <extensions>
          <osmand:speed>0.1</osmand:speed>
        </extensions>
      </trkpt>
      <trkpt lat="-13.5411655" lon="-71.2329487">
        <ele>4836.5</ele>
        <time>2026-06-02T06:31:12Z</time>
        <hdop>3</hdop>
        <extensions>
          <osmand:speed>0.1</osmand:speed>
        </extensions>
      </trkpt>
      <trkpt lat="-13.5411655" lon="-71.2329484">
        <ele>4836.5</ele>
        <time>2026-06-02T06:31:28Z</time>
        <hdop>3</hdop>
        <extensions>
          <osmand:speed>0.1</osmand:speed>
        </extensions>
      </trkpt>
      <trkpt lat="-13.5411661" lon="-71.2329484">
        <ele>4836.5</ele>
        <time>2026-06-02T06:31:44Z</time>
        <hdop>3</hdop>
        <extensions>
          <osmand:speed>0.1</osmand:speed>
        </extensions>
      </trkpt>
      <trkpt lat="-13.5411668" lon="-71.2329478">
        <ele>4836.5</ele>
        <time>2026-06-02T06:32:00Z</time>
        <hdop>3</hdop>
        <extensions>
          <osmand:speed>0.1</osmand:speed>
        </extensions>
      </trkpt>
      <trkpt lat="-13.5411682" lon="-71.232948">
        <ele>4836.5</ele>
        <time>2026-06-02T06:32:16Z</time>
        <hdop>3</hdop>
        <extensions>
          <osmand:speed>0.1</osmand:speed>
        </extensions>
      </trkpt>
      <trkpt lat="-13.5411688" lon="-71.2329489">
        <ele>4836.5</ele>
        <time>2026-06-02T06:32:32Z</time>
        <hdop>3</hdop>
        <extensions>
          <osmand:speed>0.1</osmand:speed>
        </extensions>
      </trkpt>
      <trkpt lat="-13.5411696" lon="-71.2329479">
        <ele>4836.5</ele>
        <time>2026-06-02T06:32:47Z</time>
        <hdop>3</hdop>
        <extensions>
          <osmand:speed>0.1</osmand:speed>
        </extensions>
      </trkpt>
      <trkpt lat="-13.5411692" lon="-71.2329487">
        <ele>4836.5</ele>
        <time>2026-06-02T06:33:03Z</time>
        <hdop>3</hdop>
        <extensions>
          <osmand:speed>0.1</osmand:speed>
        </extensions>
      </trkpt>
      <trkpt lat="-13.5411679" lon="-71.2329494">
        <ele>4836.5</ele>
        <time>2026-06-02T06:33:19Z</time>
        <hdop>3</hdop>
        <extensions>
          <osmand:speed>0.1</osmand:speed>
        </extensions>
      </trkpt>
      <trkpt lat="-13.5411657" lon="-71.2329482">
        <ele>4836.5</ele>
        <time>2026-06-02T06:33:35Z</time>
        <hdop>3</hdop>
        <extensions>
          <osmand:speed>0.1</osmand:speed>
        </extensions>
      </trkpt>
      <trkpt lat="-13.5411655" lon="-71.2329487">
        <ele>4836.5</ele>
        <time>2026-06-02T06:33:51Z</time>
        <hdop>3</hdop>
        <extensions>
          <osmand:speed>0.1</osmand:speed>
        </extensions>
      </trkpt>
      <trkpt lat="-13.5411665" lon="-71.2329498">
        <ele>4836.5</ele>
        <time>2026-06-02T06:34:07Z</time>
        <hdop>3</hdop>
        <extensions>
          <osmand:speed>0.1</osmand:speed>
        </extensions>
      </trkpt>
      <trkpt lat="-13.5411662" lon="-71.2329496">
        <ele>4836.5</ele>
        <time>2026-06-02T06:34:23Z</time>
        <hdop>3</hdop>
        <extensions>
          <osmand:speed>0.1</osmand:speed>
        </extensions>
      </trkpt>
      <trkpt lat="-13.5411659" lon="-71.2329498">
        <ele>4836.5</ele>
        <time>2026-06-02T06:34:39Z</time>
        <hdop>3</hdop>
        <extensions>
          <osmand:speed>0.1</osmand:speed>
        </extensions>
      </trkpt>
      <trkpt lat="-13.5411654" lon="-71.2329498">
        <ele>4836.5</ele>
        <time>2026-06-02T06:34:55Z</time>
        <hdop>3</hdop>
        <extensions>
          <osmand:speed>0.1</osmand:speed>
        </extensions>
      </trkpt>
      <trkpt lat="-13.5411666" lon="-71.2329493">
        <ele>4836.5</ele>
        <time>2026-06-02T06:35:11Z</time>
        <hdop>3</hdop>
        <extensions>
          <osmand:speed>0.1</osmand:speed>
        </extensions>
      </trkpt>
      <trkpt lat="-13.5411668" lon="-71.2329477">
        <ele>4836.5</ele>
        <time>2026-06-02T06:35:27Z</time>
        <hdop>3</hdop>
        <extensions>
          <osmand:speed>0.1</osmand:speed>
        </extensions>
      </trkpt>
      <trkpt lat="-13.541166" lon="-71.2329475">
        <ele>4836.5</ele>
        <time>2026-06-02T06:35:42Z</time>
        <hdop>3</hdop>
        <extensions>
          <osmand:speed>0.1</osmand:speed>
        </extensions>
      </trkpt>
      <trkpt lat="-13.5411664" lon="-71.232948">
        <ele>4836.5</ele>
        <time>2026-06-02T06:35:58Z</time>
        <hdop>3</hdop>
        <extensions>
          <osmand:speed>0.1</osmand:speed>
        </extensions>
      </trkpt>
      <trkpt lat="-13.5411664" lon="-71.2329476">
        <ele>4836.5</ele>
        <time>2026-06-02T06:36:14Z</time>
        <hdop>3</hdop>
        <extensions>
          <osmand:speed>0.1</osmand:speed>
        </extensions>
      </trkpt>
      <trkpt lat="-13.5411655" lon="-71.2329484">
        <ele>4836.5</ele>
        <time>2026-06-02T06:36:30Z</time>
        <hdop>3</hdop>
        <extensions>
          <osmand:speed>0.1</osmand:speed>
        </extensions>
      </trkpt>
      <trkpt lat="-13.5411669" lon="-71.2329492">
        <ele>4836.5</ele>
        <time>2026-06-02T06:36:46Z</time>
        <hdop>3</hdop>
        <extensions>
          <osmand:speed>0.1</osmand:speed>
        </extensions>
      </trkpt>
      <trkpt lat="-13.5411674" lon="-71.23295">
        <ele>4836.5</ele>
        <time>2026-06-02T06:37:02Z</time>
        <hdop>3</hdop>
        <extensions>
          <osmand:speed>0.1</osmand:speed>
        </extensions>
      </trkpt>
      <trkpt lat="-13.5411662" lon="-71.2329486">
        <ele>4836.5</ele>
        <time>2026-06-02T06:37:18Z</time>
        <hdop>3</hdop>
        <extensions>
          <osmand:speed>0.1</osmand:speed>
        </extensions>
      </trkpt>
      <trkpt lat="-13.5411661" lon="-71.232948">
        <ele>4836.5</ele>
        <time>2026-06-02T06:37:34Z</time>
        <hdop>3</hdop>
        <extensions>
          <osmand:speed>0.1</osmand:speed>
        </extensions>
      </trkpt>
      <trkpt lat="-13.5411666" lon="-71.2329479">
        <ele>4836.5</ele>
        <time>2026-06-02T06:37:50Z</time>
        <hdop>3</hdop>
        <extensions>
          <osmand:speed>0.1</osmand:speed>
        </extensions>
      </trkpt>
      <trkpt lat="-13.5411645" lon="-71.2329473">
        <ele>4836.5</ele>
        <time>2026-06-02T06:38:06Z</time>
        <hdop>3</hdop>
        <extensions>
          <osmand:speed>0.1</osmand:speed>
        </extensions>
      </trkpt>
      <trkpt lat="-13.5411639" lon="-71.2329461">
        <ele>4836.5</ele>
        <time>2026-06-02T06:38:22Z</time>
        <hdop>3</hdop>
        <extensions>
          <osmand:speed>0.1</osmand:speed>
        </extensions>
      </trkpt>
      <trkpt lat="-13.5411671" lon="-71.2329475">
        <ele>4836.5</ele>
        <time>2026-06-02T06:38:38Z</time>
        <hdop>3</hdop>
        <extensions>
          <osmand:speed>0.1</osmand:speed>
        </extensions>
      </trkpt>
      <trkpt lat="-13.5411671" lon="-71.2329483">
        <ele>4836.5</ele>
        <time>2026-06-02T06:38:54Z</time>
        <hdop>3</hdop>
        <extensions>
          <osmand:speed>0.1</osmand:speed>
        </extensions>
      </trkpt>
      <trkpt lat="-13.5411666" lon="-71.2329495">
        <ele>4836.5</ele>
        <time>2026-06-02T06:39:10Z</time>
        <hdop>3</hdop>
        <extensions>
          <osmand:speed>0.1</osmand:speed>
        </extensions>
      </trkpt>
      <trkpt lat="-13.5411666" lon="-71.2329481">
        <ele>4836.5</ele>
        <time>2026-06-02T06:39:26Z</time>
        <hdop>3</hdop>
        <extensions>
          <osmand:speed>0.1</osmand:speed>
        </extensions>
      </trkpt>
      <trkpt lat="-13.5411672" lon="-71.2329475">
        <ele>4836.5</ele>
        <time>2026-06-02T06:39:42Z</time>
        <hdop>3</hdop>
        <extensions>
          <osmand:speed>0.1</osmand:speed>
        </extensions>
      </trkpt>
      <trkpt lat="-13.5411678" lon="-71.2329464">
        <ele>4836.5</ele>
        <time>2026-06-02T06:39:58Z</time>
        <hdop>3</hdop>
        <extensions>
          <osmand:speed>0.1</osmand:speed>
        </extensions>
      </trkpt>
      <trkpt lat="-13.5411665" lon="-71.2329473">
        <ele>4836.5</ele>
        <time>2026-06-02T06:40:14Z</time>
        <hdop>3</hdop>
        <extensions>
          <osmand:speed>0.1</osmand:speed>
        </extensions>
      </trkpt>
      <trkpt lat="-13.5411666" lon="-71.2329493">
        <ele>4836.5</ele>
        <time>2026-06-02T06:40:30Z</time>
        <hdop>3</hdop>
        <extensions>
          <osmand:speed>0.1</osmand:speed>
        </extensions>
      </trkpt>
      <trkpt lat="-13.5411666" lon="-71.2329491">
        <ele>4836.5</ele>
        <time>2026-06-02T06:40:46Z</time>
        <hdop>3</hdop>
        <extensions>
          <osmand:speed>0.1</osmand:speed>
        </extensions>
      </trkpt>
      <trkpt lat="-13.5411658" lon="-71.2329487">
        <ele>4836.5</ele>
        <time>2026-06-02T06:41:02Z</time>
        <hdop>3</hdop>
        <extensions>
          <osmand:speed>0.1</osmand:speed>
        </extensions>
      </trkpt>
      <trkpt lat="-13.5411664" lon="-71.2329493">
        <ele>4836.5</ele>
        <time>2026-06-02T06:41:18Z</time>
        <hdop>3</hdop>
        <extensions>
          <osmand:speed>0.1</osmand:speed>
        </extensions>
      </trkpt>
      <trkpt lat="-13.5411662" lon="-71.2329491">
        <ele>4836.5</ele>
        <time>2026-06-02T06:41:34Z</time>
        <hdop>3</hdop>
        <extensions>
          <osmand:speed>0.1</osmand:speed>
        </extensions>
      </trkpt>
      <trkpt lat="-13.5411658" lon="-71.2329477">
        <ele>4836.5</ele>
        <time>2026-06-02T06:41:50Z</time>
        <hdop>3</hdop>
        <extensions>
          <osmand:speed>0.1</osmand:speed>
        </extensions>
      </trkpt>
      <trkpt lat="-13.5411651" lon="-71.2329469">
        <ele>4836.5</ele>
        <time>2026-06-02T06:42:06Z</time>
        <hdop>3</hdop>
        <extensions>
          <osmand:speed>0.1</osmand:speed>
        </extensions>
      </trkpt>
      <trkpt lat="-13.5411651" lon="-71.2329478">
        <ele>4836.5</ele>
        <time>2026-06-02T06:42:22Z</time>
        <hdop>3</hdop>
        <extensions>
          <osmand:speed>0.1</osmand:speed>
        </extensions>
      </trkpt>
      <trkpt lat="-13.5411672" lon="-71.2329482">
        <ele>4836.5</ele>
        <time>2026-06-02T06:42:37Z</time>
        <hdop>3</hdop>
        <extensions>
          <osmand:speed>0.1</osmand:speed>
        </extensions>
      </trkpt>
      <trkpt lat="-13.5411667" lon="-71.2329485">
        <ele>4836.5</ele>
        <time>2026-06-02T06:42:53Z</time>
        <hdop>3</hdop>
        <extensions>
          <osmand:speed>0.1</osmand:speed>
        </extensions>
      </trkpt>
      <trkpt lat="-13.5411666" lon="-71.2329485">
        <ele>4836.5</ele>
        <time>2026-06-02T06:43:09Z</time>
        <hdop>3</hdop>
        <extensions>
          <osmand:speed>0</osmand:speed>
        </extensions>
      </trkpt>
      <trkpt lat="-13.5411674" lon="-71.2329473">
        <ele>4836.5</ele>
        <time>2026-06-02T06:43:25Z</time>
        <hdop>3</hdop>
        <extensions>
          <osmand:speed>0.1</osmand:speed>
        </extensions>
      </trkpt>
      <trkpt lat="-13.5411681" lon="-71.2329487">
        <ele>4836.5</ele>
        <time>2026-06-02T06:43:41Z</time>
        <hdop>3</hdop>
        <extensions>
          <osmand:speed>0.1</osmand:speed>
        </extensions>
      </trkpt>
      <trkpt lat="-13.5411681" lon="-71.2329493">
        <ele>4836.5</ele>
        <time>2026-06-02T06:43:57Z</time>
        <hdop>3</hdop>
        <extensions>
          <osmand:speed>0.1</osmand:speed>
        </extensions>
      </trkpt>
      <trkpt lat="-13.5411672" lon="-71.2329506">
        <ele>4836.5</ele>
        <time>2026-06-02T06:44:13Z</time>
        <hdop>3</hdop>
        <extensions>
          <osmand:speed>0.1</osmand:speed>
        </extensions>
      </trkpt>
      <trkpt lat="-13.5411673" lon="-71.2329482">
        <ele>4836.5</ele>
        <time>2026-06-02T06:44:29Z</time>
        <hdop>3</hdop>
        <extensions>
          <osmand:speed>0.1</osmand:speed>
        </extensions>
      </trkpt>
      <trkpt lat="-13.541168" lon="-71.2329479">
        <ele>4836.5</ele>
        <time>2026-06-02T06:44:45Z</time>
        <hdop>3</hdop>
        <extensions>
          <osmand:speed>0.1</osmand:speed>
        </extensions>
      </trkpt>
      <trkpt lat="-13.5411686" lon="-71.2329477">
        <ele>4836.5</ele>
        <time>2026-06-02T06:45:01Z</time>
        <hdop>3</hdop>
        <extensions>
          <osmand:speed>0.1</osmand:speed>
        </extensions>
      </trkpt>
      <trkpt lat="-13.5411677" lon="-71.2329479">
        <ele>4836.5</ele>
        <time>2026-06-02T06:45:17Z</time>
        <hdop>3</hdop>
        <extensions>
          <osmand:speed>0.1</osmand:speed>
        </extensions>
      </trkpt>
      <trkpt lat="-13.5411669" lon="-71.2329474">
        <ele>4836.5</ele>
        <time>2026-06-02T06:45:33Z</time>
        <hdop>3</hdop>
        <extensions>
          <osmand:speed>0.1</osmand:speed>
        </extensions>
      </trkpt>
      <trkpt lat="-13.5411664" lon="-71.2329472">
        <ele>4836.5</ele>
        <time>2026-06-02T06:45:49Z</time>
        <hdop>3</hdop>
        <extensions>
          <osmand:speed>0.1</osmand:speed>
        </extensions>
      </trkpt>
      <trkpt lat="-13.5411658" lon="-71.2329463">
        <ele>4836.5</ele>
        <time>2026-06-02T06:46:04Z</time>
        <hdop>3</hdop>
        <extensions>
          <osmand:speed>0.1</osmand:speed>
        </extensions>
      </trkpt>
      <trkpt lat="-13.5411655" lon="-71.2329481">
        <ele>4836.5</ele>
        <time>2026-06-02T06:46:20Z</time>
        <hdop>3</hdop>
        <extensions>
          <osmand:speed>0.1</osmand:speed>
        </extensions>
      </trkpt>
      <trkpt lat="-13.5411656" lon="-71.2329483">
        <ele>4836.5</ele>
        <time>2026-06-02T06:46:36Z</time>
        <hdop>3</hdop>
        <extensions>
          <osmand:speed>0.1</osmand:speed>
        </extensions>
      </trkpt>
      <trkpt lat="-13.5411657" lon="-71.232948">
        <ele>4836.5</ele>
        <time>2026-06-02T06:46:52Z</time>
        <hdop>3</hdop>
        <extensions>
          <osmand:speed>0</osmand:speed>
        </extensions>
      </trkpt>
      <trkpt lat="-13.5411669" lon="-71.2329484">
        <ele>4836.5</ele>
        <time>2026-06-02T06:47:08Z</time>
        <hdop>3</hdop>
        <extensions>
          <osmand:speed>0.1</osmand:speed>
        </extensions>
      </trkpt>
      <trkpt lat="-13.5411664" lon="-71.2329467">
        <ele>4836.5</ele>
        <time>2026-06-02T06:47:24Z</time>
        <hdop>3</hdop>
        <extensions>
          <osmand:speed>0.1</osmand:speed>
        </extensions>
      </trkpt>
      <trkpt lat="-13.5411665" lon="-71.2329468">
        <ele>4836.5</ele>
        <time>2026-06-02T06:47:40Z</time>
        <hdop>3</hdop>
        <extensions>
          <osmand:speed>0.1</osmand:speed>
        </extensions>
      </trkpt>
      <trkpt lat="-13.5411672" lon="-71.2329462">
        <ele>4836.5</ele>
        <time>2026-06-02T06:47:56Z</time>
        <hdop>3</hdop>
        <extensions>
          <osmand:speed>0.1</osmand:speed>
        </extensions>
      </trkpt>
      <trkpt lat="-13.5411678" lon="-71.2329471">
        <ele>4836.5</ele>
        <time>2026-06-02T06:48:12Z</time>
        <hdop>3</hdop>
        <extensions>
          <osmand:speed>0.1</osmand:speed>
        </extensions>
      </trkpt>
      <trkpt lat="-13.5411666" lon="-71.2329485">
        <ele>4836.5</ele>
        <time>2026-06-02T06:48:28Z</time>
        <hdop>3</hdop>
        <extensions>
          <osmand:speed>0.1</osmand:speed>
        </extensions>
      </trkpt>
      <trkpt lat="-13.5411659" lon="-71.2329498">
        <ele>4836.5</ele>
        <time>2026-06-02T06:48:43Z</time>
        <hdop>3</hdop>
        <extensions>
          <osmand:speed>0</osmand:speed>
        </extensions>
      </trkpt>
      <trkpt lat="-13.5411678" lon="-71.2329496">
        <ele>4836.5</ele>
        <time>2026-06-02T06:48:59Z</time>
        <hdop>3</hdop>
        <extensions>
          <osmand:speed>0.1</osmand:speed>
        </extensions>
      </trkpt>
      <trkpt lat="-13.5411675" lon="-71.2329481">
        <ele>4836.5</ele>
        <time>2026-06-02T06:49:15Z</time>
        <hdop>3</hdop>
        <extensions>
          <osmand:speed>0.1</osmand:speed>
        </extensions>
      </trkpt>
      <trkpt lat="-13.5411673" lon="-71.2329485">
        <ele>4836.5</ele>
        <time>2026-06-02T06:49:31Z</time>
        <hdop>3</hdop>
        <extensions>
          <osmand:speed>0.1</osmand:speed>
        </extensions>
      </trkpt>
      <trkpt lat="-13.5411667" lon="-71.232948">
        <ele>4836.5</ele>
        <time>2026-06-02T06:49:47Z</time>
        <hdop>3</hdop>
        <extensions>
          <osmand:speed>0.1</osmand:speed>
        </extensions>
      </trkpt>
      <trkpt lat="-13.5411676" lon="-71.2329479">
        <ele>4836.5</ele>
        <time>2026-06-02T06:50:03Z</time>
        <hdop>3</hdop>
        <extensions>
          <osmand:speed>0.1</osmand:speed>
        </extensions>
      </trkpt>
      <trkpt lat="-13.5411663" lon="-71.2329471">
        <ele>4836.5</ele>
        <time>2026-06-02T06:50:19Z</time>
        <hdop>3</hdop>
        <extensions>
          <osmand:speed>0.1</osmand:speed>
        </extensions>
      </trkpt>
      <trkpt lat="-13.5411675" lon="-71.2329485">
        <ele>4836.5</ele>
        <time>2026-06-02T06:50:35Z</time>
        <hdop>3</hdop>
        <extensions>
          <osmand:speed>0.1</osmand:speed>
        </extensions>
      </trkpt>
      <trkpt lat="-13.5411671" lon="-71.2329502">
        <ele>4836.5</ele>
        <time>2026-06-02T06:50:51Z</time>
        <hdop>3</hdop>
        <extensions>
          <osmand:speed>0.1</osmand:speed>
        </extensions>
      </trkpt>
      <trkpt lat="-13.5411671" lon="-71.2329501">
        <ele>4836.5</ele>
        <time>2026-06-02T06:51:07Z</time>
        <hdop>3</hdop>
        <extensions>
          <osmand:speed>0.1</osmand:speed>
        </extensions>
      </trkpt>
      <trkpt lat="-13.5411685" lon="-71.2329483">
        <ele>4836.5</ele>
        <time>2026-06-02T06:51:23Z</time>
        <hdop>3</hdop>
        <extensions>
          <osmand:speed>0.1</osmand:speed>
        </extensions>
      </trkpt>
      <trkpt lat="-13.5411677" lon="-71.2329482">
        <ele>4836.5</ele>
        <time>2026-06-02T06:51:39Z</time>
        <hdop>3</hdop>
        <extensions>
          <osmand:speed>0.1</osmand:speed>
        </extensions>
      </trkpt>
      <trkpt lat="-13.5411674" lon="-71.2329489">
        <ele>4836.5</ele>
        <time>2026-06-02T06:51:55Z</time>
        <hdop>3</hdop>
        <extensions>
          <osmand:speed>0.1</osmand:speed>
        </extensions>
      </trkpt>
      <trkpt lat="-13.5411676" lon="-71.232949">
        <ele>4836.5</ele>
        <time>2026-06-02T06:52:10Z</time>
        <hdop>3</hdop>
        <extensions>
          <osmand:speed>0.1</osmand:speed>
        </extensions>
      </trkpt>
      <trkpt lat="-13.5411674" lon="-71.2329477">
        <ele>4836.5</ele>
        <time>2026-06-02T06:52:26Z</time>
        <hdop>3</hdop>
        <extensions>
          <osmand:speed>0.1</osmand:speed>
        </extensions>
      </trkpt>
      <trkpt lat="-13.5411672" lon="-71.2329472">
        <ele>4836.5</ele>
        <time>2026-06-02T06:52:42Z</time>
        <hdop>3</hdop>
        <extensions>
          <osmand:speed>0.1</osmand:speed>
        </extensions>
      </trkpt>
      <trkpt lat="-13.541168" lon="-71.2329468">
        <ele>4836.5</ele>
        <time>2026-06-02T06:52:58Z</time>
        <hdop>3</hdop>
        <extensions>
          <osmand:speed>0.1</osmand:speed>
        </extensions>
      </trkpt>
      <trkpt lat="-13.541167" lon="-71.2329486">
        <ele>4836.5</ele>
        <time>2026-06-02T06:53:14Z</time>
        <hdop>3</hdop>
        <extensions>
          <osmand:speed>0.1</osmand:speed>
        </extensions>
      </trkpt>
      <trkpt lat="-13.5411671" lon="-71.2329507">
        <ele>4836.5</ele>
        <time>2026-06-02T06:53:30Z</time>
        <hdop>3</hdop>
        <extensions>
          <osmand:speed>0.1</osmand:speed>
        </extensions>
      </trkpt>
      <trkpt lat="-13.541166" lon="-71.2329502">
        <ele>4836.5</ele>
        <time>2026-06-02T06:53:45Z</time>
        <hdop>3</hdop>
        <extensions>
          <osmand:speed>0.1</osmand:speed>
        </extensions>
      </trkpt>
      <trkpt lat="-13.5411666" lon="-71.232949">
        <ele>4836.5</ele>
        <time>2026-06-02T06:54:01Z</time>
        <hdop>3</hdop>
        <extensions>
          <osmand:speed>0.1</osmand:speed>
        </extensions>
      </trkpt>
      <trkpt lat="-13.5411655" lon="-71.2329489">
        <ele>4836.5</ele>
        <time>2026-06-02T06:54:17Z</time>
        <hdop>3</hdop>
        <extensions>
          <osmand:speed>0.1</osmand:speed>
        </extensions>
      </trkpt>
      <trkpt lat="-13.5411658" lon="-71.2329483">
        <ele>4836.5</ele>
        <time>2026-06-02T06:54:32Z</time>
        <hdop>3</hdop>
        <extensions>
          <osmand:speed>0.1</osmand:speed>
        </extensions>
      </trkpt>
      <trkpt lat="-13.5411663" lon="-71.2329486">
        <ele>4836.5</ele>
        <time>2026-06-02T06:54:48Z</time>
        <hdop>3</hdop>
        <extensions>
          <osmand:speed>0.1</osmand:speed>
        </extensions>
      </trkpt>
      <trkpt lat="-13.5411677" lon="-71.2329495">
        <ele>4836.5</ele>
        <time>2026-06-02T06:55:04Z</time>
        <hdop>3</hdop>
        <extensions>
          <osmand:speed>0.1</osmand:speed>
        </extensions>
      </trkpt>
      <trkpt lat="-13.541167" lon="-71.2329494">
        <ele>4836.5</ele>
        <time>2026-06-02T06:55:20Z</time>
        <hdop>3</hdop>
        <extensions>
          <osmand:speed>0.1</osmand:speed>
        </extensions>
      </trkpt>
      <trkpt lat="-13.541166" lon="-71.232948">
        <ele>4836.5</ele>
        <time>2026-06-02T06:55:36Z</time>
        <hdop>3</hdop>
        <extensions>
          <osmand:speed>0.1</osmand:speed>
        </extensions>
      </trkpt>
      <trkpt lat="-13.5411655" lon="-71.2329469">
        <ele>4836.5</ele>
        <time>2026-06-02T06:55:52Z</time>
        <hdop>3</hdop>
        <extensions>
          <osmand:speed>0.1</osmand:speed>
        </extensions>
      </trkpt>
      <trkpt lat="-13.5411665" lon="-71.2329475">
        <ele>4836.5</ele>
        <time>2026-06-02T06:56:08Z</time>
        <hdop>3</hdop>
        <extensions>
          <osmand:speed>0.1</osmand:speed>
        </extensions>
      </trkpt>
      <trkpt lat="-13.5411698" lon="-71.2329464">
        <ele>4836.3</ele>
        <time>2026-06-02T06:56:24Z</time>
        <hdop>3</hdop>
        <extensions>
          <osmand:speed>0.1</osmand:speed>
        </extensions>
      </trkpt>
      <trkpt lat="-13.5411748" lon="-71.2329439">
        <ele>4836.3</ele>
        <time>2026-06-02T06:56:40Z</time>
        <hdop>3</hdop>
        <extensions>
          <osmand:speed>0.1</osmand:speed>
        </extensions>
      </trkpt>
      <trkpt lat="-13.5411766" lon="-71.2329441">
        <ele>4836.3</ele>
        <time>2026-06-02T06:56:56Z</time>
        <hdop>3</hdop>
        <extensions>
          <osmand:speed>0.1</osmand:speed>
        </extensions>
      </trkpt>
      <trkpt lat="-13.5411768" lon="-71.232944">
        <ele>4836.3</ele>
        <time>2026-06-02T06:57:12Z</time>
        <hdop>3</hdop>
        <extensions>
          <osmand:speed>0</osmand:speed>
        </extensions>
      </trkpt>
      <trkpt lat="-13.5411756" lon="-71.2329441">
        <ele>4836.3</ele>
        <time>2026-06-02T06:57:28Z</time>
        <hdop>3</hdop>
        <extensions>
          <osmand:speed>0.1</osmand:speed>
        </extensions>
      </trkpt>
      <trkpt lat="-13.5411757" lon="-71.2329448">
        <ele>4836.3</ele>
        <time>2026-06-02T06:57:44Z</time>
        <hdop>3</hdop>
        <extensions>
          <osmand:speed>0.1</osmand:speed>
        </extensions>
      </trkpt>
      <trkpt lat="-13.5411748" lon="-71.2329456">
        <ele>4836.3</ele>
        <time>2026-06-02T06:58:00Z</time>
        <hdop>3</hdop>
        <extensions>
          <osmand:speed>0.1</osmand:speed>
        </extensions>
      </trkpt>
      <trkpt lat="-13.5411734" lon="-71.232945">
        <ele>4836.3</ele>
        <time>2026-06-02T06:58:16Z</time>
        <hdop>3</hdop>
        <extensions>
          <osmand:speed>0</osmand:speed>
        </extensions>
      </trkpt>
      <trkpt lat="-13.5411725" lon="-71.2329451">
        <ele>4836.3</ele>
        <time>2026-06-02T06:58:32Z</time>
        <hdop>3</hdop>
        <extensions>
          <osmand:speed>0.1</osmand:speed>
        </extensions>
      </trkpt>
      <trkpt lat="-13.5411717" lon="-71.2329469">
        <ele>4836.3</ele>
        <time>2026-06-02T06:58:48Z</time>
        <hdop>3</hdop>
        <extensions>
          <osmand:speed>0.1</osmand:speed>
        </extensions>
      </trkpt>
      <trkpt lat="-13.541173" lon="-71.2329464">
        <ele>4836.3</ele>
        <time>2026-06-02T06:59:04Z</time>
        <hdop>3</hdop>
        <extensions>
          <osmand:speed>0.1</osmand:speed>
        </extensions>
      </trkpt>
      <trkpt lat="-13.5411734" lon="-71.2329456">
        <ele>4836.3</ele>
        <time>2026-06-02T06:59:20Z</time>
        <hdop>3</hdop>
        <extensions>
          <osmand:speed>0.1</osmand:speed>
        </extensions>
      </trkpt>
      <trkpt lat="-13.5411738" lon="-71.2329454">
        <ele>4836.3</ele>
        <time>2026-06-02T06:59:36Z</time>
        <hdop>3</hdop>
        <extensions>
          <osmand:speed>0.1</osmand:speed>
        </extensions>
      </trkpt>
      <trkpt lat="-13.5411748" lon="-71.2329448">
        <ele>4836.3</ele>
        <time>2026-06-02T06:59:52Z</time>
        <hdop>3</hdop>
        <extensions>
          <osmand:speed>0</osmand:speed>
        </extensions>
      </trkpt>
      <trkpt lat="-13.5411747" lon="-71.2329453">
        <ele>4836.3</ele>
        <time>2026-06-02T07:00:08Z</time>
        <hdop>3</hdop>
        <extensions>
          <osmand:speed>0.1</osmand:speed>
        </extensions>
      </trkpt>
      <trkpt lat="-13.5411747" lon="-71.232945">
        <ele>4836.3</ele>
        <time>2026-06-02T07:00:24Z</time>
        <hdop>3</hdop>
        <extensions>
          <osmand:speed>0.1</osmand:speed>
        </extensions>
      </trkpt>
      <trkpt lat="-13.5411745" lon="-71.2329438">
        <ele>4836.3</ele>
        <time>2026-06-02T07:00:40Z</time>
        <hdop>3</hdop>
        <extensions>
          <osmand:speed>0.1</osmand:speed>
        </extensions>
      </trkpt>
      <trkpt lat="-13.5411736" lon="-71.232943">
        <ele>4836.3</ele>
        <time>2026-06-02T07:00:56Z</time>
        <hdop>3</hdop>
        <extensions>
          <osmand:speed>0.1</osmand:speed>
        </extensions>
      </trkpt>
      <trkpt lat="-13.5411736" lon="-71.2329439">
        <ele>4836.3</ele>
        <time>2026-06-02T07:01:12Z</time>
        <hdop>3</hdop>
        <extensions>
          <osmand:speed>0.1</osmand:speed>
        </extensions>
      </trkpt>
      <trkpt lat="-13.5411743" lon="-71.2329442">
        <ele>4836.3</ele>
        <time>2026-06-02T07:01:28Z</time>
        <hdop>3</hdop>
        <extensions>
          <osmand:speed>0.1</osmand:speed>
        </extensions>
      </trkpt>
      <trkpt lat="-13.5411749" lon="-71.232945">
        <ele>4836.3</ele>
        <time>2026-06-02T07:01:44Z</time>
        <hdop>3</hdop>
        <extensions>
          <osmand:speed>0.1</osmand:speed>
        </extensions>
      </trkpt>
      <trkpt lat="-13.5411757" lon="-71.2329461">
        <ele>4836.3</ele>
        <time>2026-06-02T07:02:00Z</time>
        <hdop>3</hdop>
        <extensions>
          <osmand:speed>0.1</osmand:speed>
        </extensions>
      </trkpt>
      <trkpt lat="-13.5411746" lon="-71.2329462">
        <ele>4836.3</ele>
        <time>2026-06-02T07:02:15Z</time>
        <hdop>3</hdop>
        <extensions>
          <osmand:speed>0.1</osmand:speed>
        </extensions>
      </trkpt>
      <trkpt lat="-13.5411717" lon="-71.2329465">
        <ele>4836.3</ele>
        <time>2026-06-02T07:02:31Z</time>
        <hdop>3</hdop>
        <extensions>
          <osmand:speed>0</osmand:speed>
        </extensions>
      </trkpt>
      <trkpt lat="-13.5411728" lon="-71.2329453">
        <ele>4836.3</ele>
        <time>2026-06-02T07:02:47Z</time>
        <hdop>3</hdop>
        <extensions>
          <osmand:speed>0</osmand:speed>
        </extensions>
      </trkpt>
      <trkpt lat="-13.5411736" lon="-71.2329443">
        <ele>4836.3</ele>
        <time>2026-06-02T07:03:02Z</time>
        <hdop>3</hdop>
        <extensions>
          <osmand:speed>0.1</osmand:speed>
        </extensions>
      </trkpt>
      <trkpt lat="-13.5411589" lon="-71.2329557">
        <ele>4834.4</ele>
        <time>2026-06-02T07:03:18Z</time>
        <hdop>3</hdop>
        <extensions>
          <osmand:speed>0</osmand:speed>
        </extensions>
      </trkpt>
      <trkpt lat="-13.5411542" lon="-71.232958">
        <ele>4834.4</ele>
        <time>2026-06-02T07:03:34Z</time>
        <hdop>3</hdop>
        <extensions>
          <osmand:speed>0.1</osmand:speed>
        </extensions>
      </trkpt>
      <trkpt lat="-13.5411535" lon="-71.2329587">
        <ele>4834.4</ele>
        <time>2026-06-02T07:03:50Z</time>
        <hdop>3</hdop>
        <extensions>
          <osmand:speed>0.1</osmand:speed>
        </extensions>
      </trkpt>
      <trkpt lat="-13.5411533" lon="-71.2329604">
        <ele>4834.4</ele>
        <time>2026-06-02T07:04:06Z</time>
        <hdop>3</hdop>
        <extensions>
          <osmand:speed>0.1</osmand:speed>
        </extensions>
      </trkpt>
      <trkpt lat="-13.5411526" lon="-71.2329596">
        <ele>4834.4</ele>
        <time>2026-06-02T07:04:22Z</time>
        <hdop>3</hdop>
        <extensions>
          <osmand:speed>0.1</osmand:speed>
        </extensions>
      </trkpt>
      <trkpt lat="-13.5411541" lon="-71.2329578">
        <ele>4834.4</ele>
        <time>2026-06-02T07:04:37Z</time>
        <hdop>3</hdop>
        <extensions>
          <osmand:speed>0.1</osmand:speed>
        </extensions>
      </trkpt>
      <trkpt lat="-13.5411548" lon="-71.2329566">
        <ele>4834.4</ele>
        <time>2026-06-02T07:04:53Z</time>
        <hdop>3</hdop>
        <extensions>
          <osmand:speed>0.1</osmand:speed>
        </extensions>
      </trkpt>
      <trkpt lat="-13.5411563" lon="-71.2329575">
        <ele>4834.4</ele>
        <time>2026-06-02T07:05:09Z</time>
        <hdop>3</hdop>
        <extensions>
          <osmand:speed>0</osmand:speed>
        </extensions>
      </trkpt>
      <trkpt lat="-13.5411564" lon="-71.2329567">
        <ele>4834.4</ele>
        <time>2026-06-02T07:05:25Z</time>
        <hdop>3</hdop>
        <extensions>
          <osmand:speed>0.1</osmand:speed>
        </extensions>
      </trkpt>
      <trkpt lat="-13.5411543" lon="-71.232959">
        <ele>4834.4</ele>
        <time>2026-06-02T07:05:41Z</time>
        <hdop>3</hdop>
        <extensions>
          <osmand:speed>0.1</osmand:speed>
        </extensions>
      </trkpt>
      <trkpt lat="-13.5411538" lon="-71.2329598">
        <ele>4834.4</ele>
        <time>2026-06-02T07:05:57Z</time>
        <hdop>3</hdop>
        <extensions>
          <osmand:speed>0.1</osmand:speed>
        </extensions>
      </trkpt>
      <trkpt lat="-13.5411548" lon="-71.2329583">
        <ele>4834.4</ele>
        <time>2026-06-02T07:06:13Z</time>
        <hdop>3</hdop>
        <extensions>
          <osmand:speed>0.1</osmand:speed>
        </extensions>
      </trkpt>
      <trkpt lat="-13.5411553" lon="-71.2329582">
        <ele>4834.4</ele>
        <time>2026-06-02T07:06:29Z</time>
        <hdop>3</hdop>
        <extensions>
          <osmand:speed>0.1</osmand:speed>
        </extensions>
      </trkpt>
      <trkpt lat="-13.5411562" lon="-71.232959">
        <ele>4834.4</ele>
        <time>2026-06-02T07:06:45Z</time>
        <hdop>3</hdop>
        <extensions>
          <osmand:speed>0.1</osmand:speed>
        </extensions>
      </trkpt>
      <trkpt lat="-13.5411544" lon="-71.2329586">
        <ele>4834.4</ele>
        <time>2026-06-02T07:07:01Z</time>
        <hdop>3</hdop>
        <extensions>
          <osmand:speed>0.1</osmand:speed>
        </extensions>
      </trkpt>
      <trkpt lat="-13.5411543" lon="-71.2329586">
        <ele>4834.4</ele>
        <time>2026-06-02T07:07:17Z</time>
        <hdop>3</hdop>
        <extensions>
          <osmand:speed>0.1</osmand:speed>
        </extensions>
      </trkpt>
      <trkpt lat="-13.5411543" lon="-71.2329589">
        <ele>4834.4</ele>
        <time>2026-06-02T07:07:33Z</time>
        <hdop>3</hdop>
        <extensions>
          <osmand:speed>0</osmand:speed>
        </extensions>
      </trkpt>
      <trkpt lat="-13.5411547" lon="-71.2329582">
        <ele>4834.4</ele>
        <time>2026-06-02T07:07:49Z</time>
        <hdop>3</hdop>
        <extensions>
          <osmand:speed>0.1</osmand:speed>
        </extensions>
      </trkpt>
      <trkpt lat="-13.5411548" lon="-71.2329578">
        <ele>4834.4</ele>
        <time>2026-06-02T07:08:05Z</time>
        <hdop>3</hdop>
        <extensions>
          <osmand:speed>0.1</osmand:speed>
        </extensions>
      </trkpt>
      <trkpt lat="-13.5411551" lon="-71.2329568">
        <ele>4834.4</ele>
        <time>2026-06-02T07:08:21Z</time>
        <hdop>3</hdop>
        <extensions>
          <osmand:speed>0.1</osmand:speed>
        </extensions>
      </trkpt>
      <trkpt lat="-13.5411548" lon="-71.2329567">
        <ele>4834.4</ele>
        <time>2026-06-02T07:08:37Z</time>
        <hdop>3</hdop>
        <extensions>
          <osmand:speed>0.1</osmand:speed>
        </extensions>
      </trkpt>
      <trkpt lat="-13.5411545" lon="-71.2329573">
        <ele>4834.4</ele>
        <time>2026-06-02T07:08:53Z</time>
        <hdop>3</hdop>
        <extensions>
          <osmand:speed>0.1</osmand:speed>
        </extensions>
      </trkpt>
      <trkpt lat="-13.5411549" lon="-71.2329585">
        <ele>4834.4</ele>
        <time>2026-06-02T07:09:09Z</time>
        <hdop>3</hdop>
        <extensions>
          <osmand:speed>0.1</osmand:speed>
        </extensions>
      </trkpt>
      <trkpt lat="-13.5411559" lon="-71.232958">
        <ele>4834.4</ele>
        <time>2026-06-02T07:09:25Z</time>
        <hdop>3</hdop>
        <extensions>
          <osmand:speed>0.1</osmand:speed>
        </extensions>
      </trkpt>
      <trkpt lat="-13.5411361" lon="-71.2329897">
        <ele>4835.5</ele>
        <time>2026-06-02T07:09:41Z</time>
        <hdop>3</hdop>
        <extensions>
          <osmand:speed>0.1</osmand:speed>
        </extensions>
      </trkpt>
      <trkpt lat="-13.5411159" lon="-71.2330491">
        <ele>4837.7</ele>
        <time>2026-06-02T07:09:56Z</time>
        <hdop>3</hdop>
        <extensions>
          <osmand:speed>0.7</osmand:speed>
        </extensions>
      </trkpt>
      <trkpt lat="-13.5410799" lon="-71.2331043">
        <ele>4838.2</ele>
        <time>2026-06-02T07:10:12Z</time>
        <hdop>3</hdop>
        <extensions>
          <osmand:speed>0.5</osmand:speed>
        </extensions>
      </trkpt>
      <trkpt lat="-13.5410862" lon="-71.2331342">
        <ele>4838.5</ele>
        <time>2026-06-02T07:10:27Z</time>
        <hdop>3</hdop>
        <extensions>
          <osmand:speed>0.1</osmand:speed>
        </extensions>
      </trkpt>
      <trkpt lat="-13.5410797" lon="-71.2331521">
        <ele>4838.3</ele>
        <time>2026-06-02T07:10:43Z</time>
        <hdop>3</hdop>
        <extensions>
          <osmand:speed>0.1</osmand:speed>
        </extensions>
      </trkpt>
      <trkpt lat="-13.5410437" lon="-71.2332003">
        <ele>4838.6</ele>
        <time>2026-06-02T07:10:58Z</time>
        <hdop>3</hdop>
        <extensions>
          <osmand:speed>0.1</osmand:speed>
        </extensions>
      </trkpt>
      <trkpt lat="-13.5410371" lon="-71.2332334">
        <ele>4837.2</ele>
        <time>2026-06-02T07:11:14Z</time>
        <hdop>3</hdop>
        <extensions>
          <osmand:speed>0.2</osmand:speed>
        </extensions>
      </trkpt>
      <trkpt lat="-13.5410546" lon="-71.2333262">
        <ele>4837.7</ele>
        <time>2026-06-02T07:11:29Z</time>
        <hdop>3</hdop>
        <extensions>
          <osmand:speed>0.7</osmand:speed>
        </extensions>
      </trkpt>
      <trkpt lat="-13.5410648" lon="-71.2334166">
        <ele>4838.2</ele>
        <time>2026-06-02T07:11:45Z</time>
        <hdop>3</hdop>
        <extensions>
          <osmand:speed>0.8</osmand:speed>
        </extensions>
      </trkpt>
      <trkpt lat="-13.5410437" lon="-71.2334989">
        <ele>4839.1</ele>
        <time>2026-06-02T07:12:00Z</time>
        <hdop>3</hdop>
        <extensions>
          <osmand:speed>0.6</osmand:speed>
        </extensions>
      </trkpt>
      <trkpt lat="-13.5410588" lon="-71.233577">
        <ele>4841</ele>
        <time>2026-06-02T07:12:15Z</time>
        <hdop>3</hdop>
        <extensions>
          <osmand:speed>0.6</osmand:speed>
        </extensions>
      </trkpt>
      <trkpt lat="-13.5410862" lon="-71.2336077">
        <ele>4844.5</ele>
        <time>2026-06-02T07:12:31Z</time>
        <hdop>3</hdop>
        <extensions>
          <osmand:speed>0.1</osmand:speed>
        </extensions>
      </trkpt>
      <trkpt lat="-13.5410855" lon="-71.2336338">
        <ele>4845.1</ele>
        <time>2026-06-02T07:12:46Z</time>
        <hdop>3</hdop>
        <extensions>
          <osmand:speed>0.1</osmand:speed>
        </extensions>
      </trkpt>
      <trkpt lat="-13.5411641" lon="-71.2337168">
        <ele>4847.3</ele>
        <time>2026-06-02T07:13:01Z</time>
        <hdop>3</hdop>
        <extensions>
          <osmand:speed>0.8</osmand:speed>
        </extensions>
      </trkpt>
      <trkpt lat="-13.5411788" lon="-71.2337886">
        <ele>4849.8</ele>
        <time>2026-06-02T07:13:17Z</time>
        <hdop>3</hdop>
        <extensions>
          <osmand:speed>0.8</osmand:speed>
        </extensions>
      </trkpt>
      <trkpt lat="-13.5411803" lon="-71.2338748">
        <ele>4853.1</ele>
        <time>2026-06-02T07:13:32Z</time>
        <hdop>3</hdop>
        <extensions>
          <osmand:speed>0.5</osmand:speed>
        </extensions>
      </trkpt>
      <trkpt lat="-13.5411885" lon="-71.233868">
        <ele>4853.5</ele>
        <time>2026-06-02T07:13:48Z</time>
        <hdop>3</hdop>
        <extensions>
          <osmand:speed>0.1</osmand:speed>
        </extensions>
      </trkpt>
      <trkpt lat="-13.5412014" lon="-71.2339207">
        <ele>4858.3</ele>
        <time>2026-06-02T07:14:04Z</time>
        <hdop>3</hdop>
        <extensions>
          <osmand:speed>0.1</osmand:speed>
        </extensions>
      </trkpt>
      <trkpt lat="-13.5411934" lon="-71.2339521">
        <ele>4859</ele>
        <time>2026-06-02T07:14:20Z</time>
        <hdop>3</hdop>
        <extensions>
          <osmand:speed>0.1</osmand:speed>
        </extensions>
      </trkpt>
      <trkpt lat="-13.5411979" lon="-71.2339995">
        <ele>4859.3</ele>
        <time>2026-06-02T07:14:35Z</time>
        <hdop>3</hdop>
        <extensions>
          <osmand:speed>0.6</osmand:speed>
        </extensions>
      </trkpt>
      <trkpt lat="-13.5412286" lon="-71.2340808">
        <ele>4860.9</ele>
        <time>2026-06-02T07:14:51Z</time>
        <hdop>3</hdop>
        <extensions>
          <osmand:speed>0.4</osmand:speed>
        </extensions>
      </trkpt>
      <trkpt lat="-13.5412412" lon="-71.2340797">
        <ele>4861</ele>
        <time>2026-06-02T07:15:06Z</time>
        <hdop>3</hdop>
        <extensions>
          <osmand:speed>0.1</osmand:speed>
        </extensions>
      </trkpt>
      <trkpt lat="-13.5412998" lon="-71.2341687">
        <ele>4865.7</ele>
        <time>2026-06-02T07:15:22Z</time>
        <hdop>3</hdop>
        <extensions>
          <osmand:speed>0.8</osmand:speed>
        </extensions>
      </trkpt>
      <trkpt lat="-13.5413194" lon="-71.2342222">
        <ele>4868.7</ele>
        <time>2026-06-02T07:15:37Z</time>
        <hdop>3</hdop>
        <extensions>
          <osmand:speed>0.3</osmand:speed>
        </extensions>
      </trkpt>
      <trkpt lat="-13.5413114" lon="-71.2342547">
        <ele>4868.9</ele>
        <time>2026-06-02T07:15:53Z</time>
        <hdop>3</hdop>
        <extensions>
          <osmand:speed>0.1</osmand:speed>
        </extensions>
      </trkpt>
      <trkpt lat="-13.5413062" lon="-71.2343066">
        <ele>4870.3</ele>
        <time>2026-06-02T07:16:08Z</time>
        <hdop>3</hdop>
        <extensions>
          <osmand:speed>0.5</osmand:speed>
        </extensions>
      </trkpt>
      <trkpt lat="-13.5412467" lon="-71.2343493">
        <ele>4873</ele>
        <time>2026-06-02T07:16:23Z</time>
        <hdop>3</hdop>
        <extensions>
          <osmand:speed>0.5</osmand:speed>
        </extensions>
      </trkpt>
      <trkpt lat="-13.5412343" lon="-71.2343447">
        <ele>4873.7</ele>
        <time>2026-06-02T07:16:39Z</time>
        <hdop>3</hdop>
        <extensions>
          <osmand:speed>0.2</osmand:speed>
        </extensions>
      </trkpt>
      <trkpt lat="-13.5412057" lon="-71.2344078">
        <ele>4879.4</ele>
        <time>2026-06-02T07:16:54Z</time>
        <hdop>3</hdop>
        <extensions>
          <osmand:speed>0.7</osmand:speed>
        </extensions>
      </trkpt>
      <trkpt lat="-13.5412196" lon="-71.234477">
        <ele>4882.7</ele>
        <time>2026-06-02T07:17:09Z</time>
        <hdop>3</hdop>
        <extensions>
          <osmand:speed>0.7</osmand:speed>
        </extensions>
      </trkpt>
      <trkpt lat="-13.5411959" lon="-71.2344981">
        <ele>4884.5</ele>
        <time>2026-06-02T07:17:24Z</time>
        <hdop>3</hdop>
        <extensions>
          <osmand:speed>0.1</osmand:speed>
        </extensions>
      </trkpt>
      <trkpt lat="-13.5411228" lon="-71.2345109">
        <ele>4887.8</ele>
        <time>2026-06-02T07:17:39Z</time>
        <hdop>3.1</hdop>
        <extensions>
          <osmand:speed>0.6</osmand:speed>
        </extensions>
      </trkpt>
      <trkpt lat="-13.5410559" lon="-71.2345099">
        <ele>4888.7</ele>
        <time>2026-06-02T07:17:54Z</time>
        <hdop>3</hdop>
        <extensions>
          <osmand:speed>0.6</osmand:speed>
        </extensions>
      </trkpt>
      <trkpt lat="-13.5409947" lon="-71.2345298">
        <ele>4892.1</ele>
        <time>2026-06-02T07:18:10Z</time>
        <hdop>3</hdop>
        <extensions>
          <osmand:speed>0.6</osmand:speed>
        </extensions>
      </trkpt>
      <trkpt lat="-13.5409361" lon="-71.2345642">
        <ele>4894.7</ele>
        <time>2026-06-02T07:18:25Z</time>
        <hdop>3</hdop>
        <extensions>
          <osmand:speed>0.7</osmand:speed>
        </extensions>
      </trkpt>
      <trkpt lat="-13.5409135" lon="-71.2345978">
        <ele>4894.9</ele>
        <time>2026-06-02T07:18:40Z</time>
        <hdop>3</hdop>
        <extensions>
          <osmand:speed>0.3</osmand:speed>
        </extensions>
      </trkpt>
      <trkpt lat="-13.5408753" lon="-71.2346038">
        <ele>4895.9</ele>
        <time>2026-06-02T07:18:55Z</time>
        <hdop>3</hdop>
        <extensions>
          <osmand:speed>0.5</osmand:speed>
        </extensions>
      </trkpt>
      <trkpt lat="-13.540795" lon="-71.2346532">
        <ele>4898.7</ele>
        <time>2026-06-02T07:19:11Z</time>
        <hdop>3</hdop>
        <extensions>
          <osmand:speed>0.8</osmand:speed>
        </extensions>
      </trkpt>
      <trkpt lat="-13.5407197" lon="-71.2346735">
        <ele>4900.3</ele>
        <time>2026-06-02T07:19:26Z</time>
        <hdop>3</hdop>
        <extensions>
          <osmand:speed>0.7</osmand:speed>
        </extensions>
      </trkpt>
      <trkpt lat="-13.5406815" lon="-71.2346826">
        <ele>4901.5</ele>
        <time>2026-06-02T07:19:41Z</time>
        <hdop>3</hdop>
        <extensions>
          <osmand:speed>0.1</osmand:speed>
        </extensions>
      </trkpt>
      <trkpt lat="-13.5406142" lon="-71.2347165">
        <ele>4902.9</ele>
        <time>2026-06-02T07:19:56Z</time>
        <hdop>3</hdop>
        <extensions>
          <osmand:speed>0.6</osmand:speed>
        </extensions>
      </trkpt>
      <trkpt lat="-13.5405562" lon="-71.234761">
        <ele>4905.3</ele>
        <time>2026-06-02T07:20:11Z</time>
        <hdop>3</hdop>
        <extensions>
          <osmand:speed>0.7</osmand:speed>
        </extensions>
      </trkpt>
      <trkpt lat="-13.5404961" lon="-71.2347661">
        <ele>4906.2</ele>
        <time>2026-06-02T07:20:27Z</time>
        <hdop>3</hdop>
        <extensions>
          <osmand:speed>0.3</osmand:speed>
        </extensions>
      </trkpt>
      <trkpt lat="-13.5404496" lon="-71.2347615">
        <ele>4906.6</ele>
        <time>2026-06-02T07:20:42Z</time>
        <hdop>3</hdop>
        <extensions>
          <osmand:speed>0.7</osmand:speed>
        </extensions>
      </trkpt>
      <trkpt lat="-13.5404464" lon="-71.2347631">
        <ele>4907.4</ele>
        <time>2026-06-02T07:20:58Z</time>
        <hdop>3</hdop>
        <extensions>
          <osmand:speed>0.1</osmand:speed>
        </extensions>
      </trkpt>
      <trkpt lat="-13.54044" lon="-71.234765">
        <ele>4909</ele>
        <time>2026-06-02T07:21:14Z</time>
        <hdop>1.4</hdop>
        <extensions>
          <osmand:speed>0.2</osmand:speed>
        </extensions>
      </trkpt>
      <trkpt lat="-13.540365" lon="-71.2347867">
        <ele>4910.7</ele>
        <time>2026-06-02T07:21:30Z</time>
        <hdop>1.5</hdop>
        <extensions>
          <osmand:speed>0.4</osmand:speed>
        </extensions>
      </trkpt>
      <trkpt lat="-13.54033" lon="-71.2348083">
        <ele>4911.5</ele>
        <time>2026-06-02T07:21:46Z</time>
        <hdop>1.5</hdop>
      </trkpt>
      <trkpt lat="-13.5402833" lon="-71.2348467">
        <ele>4913.2</ele>
        <time>2026-06-02T07:22:02Z</time>
        <hdop>1.5</hdop>
        <extensions>
          <osmand:speed>0.4</osmand:speed>
        </extensions>
      </trkpt>
      <trkpt lat="-13.5402317" lon="-71.2348567">
        <ele>4914</ele>
        <time>2026-06-02T07:22:18Z</time>
        <hdop>1.5</hdop>
        <extensions>
          <osmand:speed>0.4</osmand:speed>
        </extensions>
      </trkpt>
      <trkpt lat="-13.5401567" lon="-71.234876">
        <ele>4916.1</ele>
        <time>2026-06-02T07:22:33Z</time>
        <hdop>3</hdop>
        <extensions>
          <osmand:speed>0.7</osmand:speed>
        </extensions>
      </trkpt>
      <trkpt lat="-13.5400916" lon="-71.2348868">
        <ele>4917.3</ele>
        <time>2026-06-02T07:22:48Z</time>
        <hdop>3</hdop>
        <extensions>
          <osmand:speed>0.7</osmand:speed>
        </extensions>
      </trkpt>
      <trkpt lat="-13.5400114" lon="-71.2349117">
        <ele>4920.2</ele>
        <time>2026-06-02T07:23:04Z</time>
        <hdop>3</hdop>
        <extensions>
          <osmand:speed>0.5</osmand:speed>
        </extensions>
      </trkpt>
      <trkpt lat="-13.5399733" lon="-71.2349317">
        <ele>4923.6</ele>
        <time>2026-06-02T07:23:20Z</time>
        <hdop>1.9</hdop>
      </trkpt>
      <trkpt lat="-13.53993" lon="-71.2349517">
        <ele>4924.7</ele>
        <time>2026-06-02T07:23:36Z</time>
        <hdop>1.5</hdop>
        <extensions>
          <osmand:speed>0.5</osmand:speed>
        </extensions>
      </trkpt>
      <trkpt lat="-13.5399033" lon="-71.23496">
        <ele>4926.2</ele>
        <time>2026-06-02T07:23:52Z</time>
        <hdop>1.6</hdop>
      </trkpt>
      <trkpt lat="-13.5399033" lon="-71.23496">
        <ele>4926.2</ele>
        <time>2026-06-02T07:24:08Z</time>
        <hdop>1.5</hdop>
      </trkpt>
      <trkpt lat="-13.5399033" lon="-71.23496">
        <ele>4926.2</ele>
        <time>2026-06-02T07:24:24Z</time>
        <hdop>1.5</hdop>
      </trkpt>
      <trkpt lat="-13.5399033" lon="-71.23496">
        <ele>4926.2</ele>
        <time>2026-06-02T07:24:39Z</time>
        <hdop>1.4</hdop>
      </trkpt>
      <trkpt lat="-13.5398417" lon="-71.234955">
        <ele>4929.9</ele>
        <time>2026-06-02T07:24:55Z</time>
        <hdop>1.5</hdop>
        <extensions>
          <osmand:speed>0.4</osmand:speed>
        </extensions>
      </trkpt>
      <trkpt lat="-13.5397689" lon="-71.2349602">
        <ele>4931.9</ele>
        <time>2026-06-02T07:25:10Z</time>
        <hdop>2.9</hdop>
        <extensions>
          <osmand:speed>0.7</osmand:speed>
        </extensions>
      </trkpt>
      <trkpt lat="-13.539724" lon="-71.2349305">
        <ele>4934.7</ele>
        <time>2026-06-02T07:25:25Z</time>
        <hdop>3</hdop>
        <extensions>
          <osmand:speed>0.6</osmand:speed>
        </extensions>
      </trkpt>
      <trkpt lat="-13.539675" lon="-71.2349203">
        <ele>4936.8</ele>
        <time>2026-06-02T07:25:41Z</time>
        <hdop>3</hdop>
        <extensions>
          <osmand:speed>0.6</osmand:speed>
        </extensions>
      </trkpt>
      <trkpt lat="-13.539609" lon="-71.2349059">
        <ele>4938.8</ele>
        <time>2026-06-02T07:25:56Z</time>
        <hdop>3</hdop>
        <extensions>
          <osmand:speed>0.7</osmand:speed>
        </extensions>
      </trkpt>
      <trkpt lat="-13.5395383" lon="-71.2349344">
        <ele>4939.9</ele>
        <time>2026-06-02T07:26:11Z</time>
        <hdop>3</hdop>
        <extensions>
          <osmand:speed>0.6</osmand:speed>
        </extensions>
      </trkpt>
      <trkpt lat="-13.5395162" lon="-71.2349533">
        <ele>4941.2</ele>
        <time>2026-06-02T07:26:27Z</time>
        <hdop>3</hdop>
        <extensions>
          <osmand:speed>0.1</osmand:speed>
        </extensions>
      </trkpt>
      <trkpt lat="-13.5395158" lon="-71.2349533">
        <ele>4941.2</ele>
        <time>2026-06-02T07:26:42Z</time>
        <hdop>3</hdop>
        <extensions>
          <osmand:speed>0.1</osmand:speed>
        </extensions>
      </trkpt>
      <trkpt lat="-13.5394649" lon="-71.2349318">
        <ele>4943.6</ele>
        <time>2026-06-02T07:26:57Z</time>
        <hdop>3</hdop>
        <extensions>
          <osmand:speed>0.5</osmand:speed>
        </extensions>
      </trkpt>
      <trkpt lat="-13.5394621" lon="-71.2349176">
        <ele>4944.7</ele>
        <time>2026-06-02T07:27:13Z</time>
        <hdop>3</hdop>
        <extensions>
          <osmand:speed>0.1</osmand:speed>
        </extensions>
      </trkpt>
      <trkpt lat="-13.5394616" lon="-71.2349178">
        <ele>4944.7</ele>
        <time>2026-06-02T07:27:29Z</time>
        <hdop>3</hdop>
        <extensions>
          <osmand:speed>0.1</osmand:speed>
        </extensions>
      </trkpt>
      <trkpt lat="-13.53946" lon="-71.2349168">
        <ele>4944.7</ele>
        <time>2026-06-02T07:27:45Z</time>
        <hdop>3</hdop>
        <extensions>
          <osmand:speed>0.1</osmand:speed>
        </extensions>
      </trkpt>
      <trkpt lat="-13.5394628" lon="-71.2349185">
        <ele>4944.7</ele>
        <time>2026-06-02T07:28:01Z</time>
        <hdop>3</hdop>
        <extensions>
          <osmand:speed>0.1</osmand:speed>
        </extensions>
      </trkpt>
      <trkpt lat="-13.5394636" lon="-71.2349197">
        <ele>4944.7</ele>
        <time>2026-06-02T07:28:16Z</time>
        <hdop>3</hdop>
        <extensions>
          <osmand:speed>0.1</osmand:speed>
        </extensions>
      </trkpt>
      <trkpt lat="-13.5394632" lon="-71.2349183">
        <ele>4944.7</ele>
        <time>2026-06-02T07:28:32Z</time>
        <hdop>3</hdop>
        <extensions>
          <osmand:speed>0.1</osmand:speed>
        </extensions>
      </trkpt>
      <trkpt lat="-13.5394629" lon="-71.2349164">
        <ele>4944.7</ele>
        <time>2026-06-02T07:28:48Z</time>
        <hdop>3</hdop>
        <extensions>
          <osmand:speed>0.1</osmand:speed>
        </extensions>
      </trkpt>
      <trkpt lat="-13.539463" lon="-71.234916">
        <ele>4944.7</ele>
        <time>2026-06-02T07:29:04Z</time>
        <hdop>3</hdop>
        <extensions>
          <osmand:speed>0.1</osmand:speed>
        </extensions>
      </trkpt>
      <trkpt lat="-13.5394636" lon="-71.2349165">
        <ele>4944.7</ele>
        <time>2026-06-02T07:29:20Z</time>
        <hdop>3</hdop>
        <extensions>
          <osmand:speed>0.1</osmand:speed>
        </extensions>
      </trkpt>
      <trkpt lat="-13.5394646" lon="-71.234917">
        <ele>4944.7</ele>
        <time>2026-06-02T07:29:36Z</time>
        <hdop>3</hdop>
        <extensions>
          <osmand:speed>0.1</osmand:speed>
        </extensions>
      </trkpt>
      <trkpt lat="-13.5394628" lon="-71.2349176">
        <ele>4944.7</ele>
        <time>2026-06-02T07:29:52Z</time>
        <hdop>3</hdop>
        <extensions>
          <osmand:speed>0.1</osmand:speed>
        </extensions>
      </trkpt>
      <trkpt lat="-13.539461" lon="-71.2349183">
        <ele>4944.7</ele>
        <time>2026-06-02T07:30:08Z</time>
        <hdop>3</hdop>
        <extensions>
          <osmand:speed>0.1</osmand:speed>
        </extensions>
      </trkpt>
      <trkpt lat="-13.5394623" lon="-71.2349196">
        <ele>4944.7</ele>
        <time>2026-06-02T07:30:24Z</time>
        <hdop>3</hdop>
        <extensions>
          <osmand:speed>0.1</osmand:speed>
        </extensions>
      </trkpt>
      <trkpt lat="-13.5394634" lon="-71.2349184">
        <ele>4944.7</ele>
        <time>2026-06-02T07:30:40Z</time>
        <hdop>3</hdop>
        <extensions>
          <osmand:speed>0.1</osmand:speed>
        </extensions>
      </trkpt>
      <trkpt lat="-13.539465" lon="-71.2349194">
        <ele>4944.7</ele>
        <time>2026-06-02T07:30:56Z</time>
        <hdop>3</hdop>
        <extensions>
          <osmand:speed>0.1</osmand:speed>
        </extensions>
      </trkpt>
      <trkpt lat="-13.5394654" lon="-71.2349193">
        <ele>4944.7</ele>
        <time>2026-06-02T07:31:12Z</time>
        <hdop>3</hdop>
        <extensions>
          <osmand:speed>0.1</osmand:speed>
        </extensions>
      </trkpt>
      <trkpt lat="-13.5394649" lon="-71.2349189">
        <ele>4944.7</ele>
        <time>2026-06-02T07:31:28Z</time>
        <hdop>3</hdop>
        <extensions>
          <osmand:speed>0.1</osmand:speed>
        </extensions>
      </trkpt>
      <trkpt lat="-13.5394642" lon="-71.2349191">
        <ele>4944.7</ele>
        <time>2026-06-02T07:31:44Z</time>
        <hdop>3</hdop>
        <extensions>
          <osmand:speed>0.1</osmand:speed>
        </extensions>
      </trkpt>
      <trkpt lat="-13.5394645" lon="-71.234919">
        <ele>4944.7</ele>
        <time>2026-06-02T07:32:00Z</time>
        <hdop>3</hdop>
        <extensions>
          <osmand:speed>0.1</osmand:speed>
        </extensions>
      </trkpt>
      <trkpt lat="-13.539463" lon="-71.2349178">
        <ele>4944.7</ele>
        <time>2026-06-02T07:32:16Z</time>
        <hdop>3</hdop>
        <extensions>
          <osmand:speed>0.1</osmand:speed>
        </extensions>
      </trkpt>
      <trkpt lat="-13.5394633" lon="-71.2349202">
        <ele>4944.7</ele>
        <time>2026-06-02T07:32:32Z</time>
        <hdop>3</hdop>
        <extensions>
          <osmand:speed>0.1</osmand:speed>
        </extensions>
      </trkpt>
      <trkpt lat="-13.5394632" lon="-71.234921">
        <ele>4944.7</ele>
        <time>2026-06-02T07:32:48Z</time>
        <hdop>3</hdop>
        <extensions>
          <osmand:speed>0.1</osmand:speed>
        </extensions>
      </trkpt>
      <trkpt lat="-13.5394301" lon="-71.2349217">
        <ele>4943.5</ele>
        <time>2026-06-02T07:33:04Z</time>
        <hdop>3</hdop>
        <extensions>
          <osmand:speed>0.1</osmand:speed>
        </extensions>
      </trkpt>
      <trkpt lat="-13.539421" lon="-71.2349181">
        <ele>4943.5</ele>
        <time>2026-06-02T07:33:20Z</time>
        <hdop>3</hdop>
        <extensions>
          <osmand:speed>0.1</osmand:speed>
        </extensions>
      </trkpt>
      <trkpt lat="-13.539419" lon="-71.2349164">
        <ele>4943.5</ele>
        <time>2026-06-02T07:33:36Z</time>
        <hdop>3</hdop>
        <extensions>
          <osmand:speed>0.1</osmand:speed>
        </extensions>
      </trkpt>
      <trkpt lat="-13.5394186" lon="-71.2349157">
        <ele>4943.5</ele>
        <time>2026-06-02T07:33:52Z</time>
        <hdop>3</hdop>
        <extensions>
          <osmand:speed>0.1</osmand:speed>
        </extensions>
      </trkpt>
      <trkpt lat="-13.5394196" lon="-71.2349173">
        <ele>4943.5</ele>
        <time>2026-06-02T07:34:08Z</time>
        <hdop>3</hdop>
        <extensions>
          <osmand:speed>0.1</osmand:speed>
        </extensions>
      </trkpt>
      <trkpt lat="-13.5394181" lon="-71.2349169">
        <ele>4943.5</ele>
        <time>2026-06-02T07:34:24Z</time>
        <hdop>3</hdop>
        <extensions>
          <osmand:speed>0.1</osmand:speed>
        </extensions>
      </trkpt>
      <trkpt lat="-13.5394173" lon="-71.2349167">
        <ele>4943.5</ele>
        <time>2026-06-02T07:34:40Z</time>
        <hdop>3</hdop>
        <extensions>
          <osmand:speed>0.1</osmand:speed>
        </extensions>
      </trkpt>
      <trkpt lat="-13.539417" lon="-71.2349162">
        <ele>4943.5</ele>
        <time>2026-06-02T07:34:56Z</time>
        <hdop>3</hdop>
        <extensions>
          <osmand:speed>0.1</osmand:speed>
        </extensions>
      </trkpt>
      <trkpt lat="-13.5394187" lon="-71.2349163">
        <ele>4943.5</ele>
        <time>2026-06-02T07:35:12Z</time>
        <hdop>3</hdop>
        <extensions>
          <osmand:speed>0.1</osmand:speed>
        </extensions>
      </trkpt>
      <trkpt lat="-13.5394191" lon="-71.2349161">
        <ele>4943.5</ele>
        <time>2026-06-02T07:35:28Z</time>
        <hdop>3</hdop>
        <extensions>
          <osmand:speed>0.1</osmand:speed>
        </extensions>
      </trkpt>
      <trkpt lat="-13.5394197" lon="-71.2349175">
        <ele>4943.5</ele>
        <time>2026-06-02T07:35:44Z</time>
        <hdop>3</hdop>
        <extensions>
          <osmand:speed>0</osmand:speed>
        </extensions>
      </trkpt>
      <trkpt lat="-13.5394184" lon="-71.234918">
        <ele>4943.5</ele>
        <time>2026-06-02T07:36:00Z</time>
        <hdop>3</hdop>
        <extensions>
          <osmand:speed>0.1</osmand:speed>
        </extensions>
      </trkpt>
      <trkpt lat="-13.5394186" lon="-71.2349159">
        <ele>4943.5</ele>
        <time>2026-06-02T07:36:16Z</time>
        <hdop>3</hdop>
        <extensions>
          <osmand:speed>0.1</osmand:speed>
        </extensions>
      </trkpt>
      <trkpt lat="-13.5394202" lon="-71.2349154">
        <ele>4943.5</ele>
        <time>2026-06-02T07:36:32Z</time>
        <hdop>3</hdop>
        <extensions>
          <osmand:speed>0.1</osmand:speed>
        </extensions>
      </trkpt>
      <trkpt lat="-13.5394189" lon="-71.234916">
        <ele>4943.5</ele>
        <time>2026-06-02T07:36:48Z</time>
        <hdop>3</hdop>
        <extensions>
          <osmand:speed>0.1</osmand:speed>
        </extensions>
      </trkpt>
      <trkpt lat="-13.5394199" lon="-71.234917">
        <ele>4943.5</ele>
        <time>2026-06-02T07:37:04Z</time>
        <hdop>3</hdop>
        <extensions>
          <osmand:speed>0.1</osmand:speed>
        </extensions>
      </trkpt>
      <trkpt lat="-13.5394192" lon="-71.2349187">
        <ele>4943.5</ele>
        <time>2026-06-02T07:37:20Z</time>
        <hdop>3</hdop>
        <extensions>
          <osmand:speed>0.1</osmand:speed>
        </extensions>
      </trkpt>
      <trkpt lat="-13.5394203" lon="-71.2349182">
        <ele>4943.5</ele>
        <time>2026-06-02T07:37:36Z</time>
        <hdop>3</hdop>
        <extensions>
          <osmand:speed>0.1</osmand:speed>
        </extensions>
      </trkpt>
      <trkpt lat="-13.539421" lon="-71.2349167">
        <ele>4943.5</ele>
        <time>2026-06-02T07:37:52Z</time>
        <hdop>3</hdop>
        <extensions>
          <osmand:speed>0.1</osmand:speed>
        </extensions>
      </trkpt>
      <trkpt lat="-13.5394214" lon="-71.2349168">
        <ele>4943.5</ele>
        <time>2026-06-02T07:38:08Z</time>
        <hdop>3</hdop>
        <extensions>
          <osmand:speed>0.1</osmand:speed>
        </extensions>
      </trkpt>
      <trkpt lat="-13.5394212" lon="-71.2349167">
        <ele>4943.5</ele>
        <time>2026-06-02T07:38:24Z</time>
        <hdop>3</hdop>
        <extensions>
          <osmand:speed>0.1</osmand:speed>
        </extensions>
      </trkpt>
      <trkpt lat="-13.5394214" lon="-71.2349152">
        <ele>4943.5</ele>
        <time>2026-06-02T07:38:40Z</time>
        <hdop>3</hdop>
        <extensions>
          <osmand:speed>0.1</osmand:speed>
        </extensions>
      </trkpt>
      <trkpt lat="-13.5394223" lon="-71.2349164">
        <ele>4943.5</ele>
        <time>2026-06-02T07:38:56Z</time>
        <hdop>3</hdop>
        <extensions>
          <osmand:speed>0.1</osmand:speed>
        </extensions>
      </trkpt>
      <trkpt lat="-13.5394204" lon="-71.2349173">
        <ele>4943.5</ele>
        <time>2026-06-02T07:39:12Z</time>
        <hdop>3</hdop>
        <extensions>
          <osmand:speed>0.1</osmand:speed>
        </extensions>
      </trkpt>
      <trkpt lat="-13.5394193" lon="-71.2349165">
        <ele>4943.5</ele>
        <time>2026-06-02T07:39:28Z</time>
        <hdop>3</hdop>
        <extensions>
          <osmand:speed>0.1</osmand:speed>
        </extensions>
      </trkpt>
      <trkpt lat="-13.5394193" lon="-71.2349152">
        <ele>4943.5</ele>
        <time>2026-06-02T07:39:44Z</time>
        <hdop>3</hdop>
        <extensions>
          <osmand:speed>0.1</osmand:speed>
        </extensions>
      </trkpt>
      <trkpt lat="-13.539419" lon="-71.2349162">
        <ele>4943.5</ele>
        <time>2026-06-02T07:40:00Z</time>
        <hdop>3</hdop>
        <extensions>
          <osmand:speed>0.1</osmand:speed>
        </extensions>
      </trkpt>
      <trkpt lat="-13.5394191" lon="-71.2349156">
        <ele>4943.5</ele>
        <time>2026-06-02T07:40:16Z</time>
        <hdop>3</hdop>
        <extensions>
          <osmand:speed>0.1</osmand:speed>
        </extensions>
      </trkpt>
      <trkpt lat="-13.53942" lon="-71.2349163">
        <ele>4943.5</ele>
        <time>2026-06-02T07:40:32Z</time>
        <hdop>3</hdop>
        <extensions>
          <osmand:speed>0.1</osmand:speed>
        </extensions>
      </trkpt>
      <trkpt lat="-13.53942" lon="-71.2349182">
        <ele>4943.5</ele>
        <time>2026-06-02T07:40:48Z</time>
        <hdop>3</hdop>
        <extensions>
          <osmand:speed>0</osmand:speed>
        </extensions>
      </trkpt>
      <trkpt lat="-13.5394211" lon="-71.234918">
        <ele>4943.5</ele>
        <time>2026-06-02T07:41:04Z</time>
        <hdop>3</hdop>
        <extensions>
          <osmand:speed>0.1</osmand:speed>
        </extensions>
      </trkpt>
      <trkpt lat="-13.5394205" lon="-71.2349166">
        <ele>4943.5</ele>
        <time>2026-06-02T07:41:20Z</time>
        <hdop>3</hdop>
        <extensions>
          <osmand:speed>0</osmand:speed>
        </extensions>
      </trkpt>
      <trkpt lat="-13.5394199" lon="-71.2349151">
        <ele>4943.5</ele>
        <time>2026-06-02T07:41:36Z</time>
        <hdop>3</hdop>
        <extensions>
          <osmand:speed>0.1</osmand:speed>
        </extensions>
      </trkpt>
      <trkpt lat="-13.5394187" lon="-71.2349175">
        <ele>4943.5</ele>
        <time>2026-06-02T07:41:52Z</time>
        <hdop>3</hdop>
        <extensions>
          <osmand:speed>0.1</osmand:speed>
        </extensions>
      </trkpt>
      <trkpt lat="-13.5394181" lon="-71.234918">
        <ele>4943.5</ele>
        <time>2026-06-02T07:42:08Z</time>
        <hdop>3</hdop>
        <extensions>
          <osmand:speed>0.1</osmand:speed>
        </extensions>
      </trkpt>
      <trkpt lat="-13.5394196" lon="-71.2349175">
        <ele>4943.5</ele>
        <time>2026-06-02T07:42:24Z</time>
        <hdop>3</hdop>
        <extensions>
          <osmand:speed>0.1</osmand:speed>
        </extensions>
      </trkpt>
      <trkpt lat="-13.5394203" lon="-71.2349186">
        <ele>4943.5</ele>
        <time>2026-06-02T07:42:40Z</time>
        <hdop>3</hdop>
        <extensions>
          <osmand:speed>0.1</osmand:speed>
        </extensions>
      </trkpt>
      <trkpt lat="-13.5394214" lon="-71.2349176">
        <ele>4943.5</ele>
        <time>2026-06-02T07:42:56Z</time>
        <hdop>3</hdop>
        <extensions>
          <osmand:speed>0.1</osmand:speed>
        </extensions>
      </trkpt>
      <trkpt lat="-13.5394205" lon="-71.234916">
        <ele>4943.5</ele>
        <time>2026-06-02T07:43:11Z</time>
        <hdop>3</hdop>
        <extensions>
          <osmand:speed>0.1</osmand:speed>
        </extensions>
      </trkpt>
      <trkpt lat="-13.5394203" lon="-71.2349154">
        <ele>4943.5</ele>
        <time>2026-06-02T07:43:27Z</time>
        <hdop>3</hdop>
        <extensions>
          <osmand:speed>0.1</osmand:speed>
        </extensions>
      </trkpt>
      <trkpt lat="-13.5394201" lon="-71.2349161">
        <ele>4943.5</ele>
        <time>2026-06-02T07:43:43Z</time>
        <hdop>3</hdop>
        <extensions>
          <osmand:speed>0.1</osmand:speed>
        </extensions>
      </trkpt>
      <trkpt lat="-13.5394196" lon="-71.2349165">
        <ele>4943.5</ele>
        <time>2026-06-02T07:43:59Z</time>
        <hdop>3</hdop>
        <extensions>
          <osmand:speed>0.1</osmand:speed>
        </extensions>
      </trkpt>
      <trkpt lat="-13.5394191" lon="-71.2349179">
        <ele>4943.5</ele>
        <time>2026-06-02T07:44:15Z</time>
        <hdop>3</hdop>
        <extensions>
          <osmand:speed>0.1</osmand:speed>
        </extensions>
      </trkpt>
      <trkpt lat="-13.5394208" lon="-71.2349166">
        <ele>4943.5</ele>
        <time>2026-06-02T07:44:31Z</time>
        <hdop>3</hdop>
        <extensions>
          <osmand:speed>0.1</osmand:speed>
        </extensions>
      </trkpt>
      <trkpt lat="-13.5394209" lon="-71.2349169">
        <ele>4943.5</ele>
        <time>2026-06-02T07:44:47Z</time>
        <hdop>3</hdop>
        <extensions>
          <osmand:speed>0.1</osmand:speed>
        </extensions>
      </trkpt>
      <trkpt lat="-13.5394215" lon="-71.2349163">
        <ele>4943.5</ele>
        <time>2026-06-02T07:45:03Z</time>
        <hdop>3</hdop>
        <extensions>
          <osmand:speed>0.1</osmand:speed>
        </extensions>
      </trkpt>
      <trkpt lat="-13.5394214" lon="-71.2349153">
        <ele>4943.5</ele>
        <time>2026-06-02T07:45:18Z</time>
        <hdop>3</hdop>
        <extensions>
          <osmand:speed>0.1</osmand:speed>
        </extensions>
      </trkpt>
      <trkpt lat="-13.5394199" lon="-71.2349164">
        <ele>4943.5</ele>
        <time>2026-06-02T07:45:34Z</time>
        <hdop>3</hdop>
        <extensions>
          <osmand:speed>0.1</osmand:speed>
        </extensions>
      </trkpt>
      <trkpt lat="-13.5394179" lon="-71.2349168">
        <ele>4943.5</ele>
        <time>2026-06-02T07:45:50Z</time>
        <hdop>3</hdop>
        <extensions>
          <osmand:speed>0.1</osmand:speed>
        </extensions>
      </trkpt>
      <trkpt lat="-13.5394176" lon="-71.2349166">
        <ele>4943.5</ele>
        <time>2026-06-02T07:46:06Z</time>
        <hdop>3</hdop>
        <extensions>
          <osmand:speed>0.1</osmand:speed>
        </extensions>
      </trkpt>
      <trkpt lat="-13.5394181" lon="-71.2349176">
        <ele>4943.5</ele>
        <time>2026-06-02T07:46:22Z</time>
        <hdop>3</hdop>
        <extensions>
          <osmand:speed>0.1</osmand:speed>
        </extensions>
      </trkpt>
      <trkpt lat="-13.5394191" lon="-71.2349173">
        <ele>4943.5</ele>
        <time>2026-06-02T07:46:38Z</time>
        <hdop>3</hdop>
        <extensions>
          <osmand:speed>0.1</osmand:speed>
        </extensions>
      </trkpt>
      <trkpt lat="-13.5394185" lon="-71.2349153">
        <ele>4943.5</ele>
        <time>2026-06-02T07:46:54Z</time>
        <hdop>3</hdop>
        <extensions>
          <osmand:speed>0.1</osmand:speed>
        </extensions>
      </trkpt>
      <trkpt lat="-13.5394174" lon="-71.234915">
        <ele>4943.5</ele>
        <time>2026-06-02T07:47:10Z</time>
        <hdop>3</hdop>
        <extensions>
          <osmand:speed>0.1</osmand:speed>
        </extensions>
      </trkpt>
      <trkpt lat="-13.5394182" lon="-71.2349156">
        <ele>4943.5</ele>
        <time>2026-06-02T07:47:26Z</time>
        <hdop>3</hdop>
        <extensions>
          <osmand:speed>0.1</osmand:speed>
        </extensions>
      </trkpt>
      <trkpt lat="-13.5394186" lon="-71.2349166">
        <ele>4943.5</ele>
        <time>2026-06-02T07:47:42Z</time>
        <hdop>3</hdop>
        <extensions>
          <osmand:speed>0.1</osmand:speed>
        </extensions>
      </trkpt>
      <trkpt lat="-13.5394193" lon="-71.2349178">
        <ele>4943.5</ele>
        <time>2026-06-02T07:47:58Z</time>
        <hdop>3</hdop>
        <extensions>
          <osmand:speed>0.1</osmand:speed>
        </extensions>
      </trkpt>
      <trkpt lat="-13.5394189" lon="-71.2349174">
        <ele>4943.5</ele>
        <time>2026-06-02T07:48:14Z</time>
        <hdop>3</hdop>
        <extensions>
          <osmand:speed>0.1</osmand:speed>
        </extensions>
      </trkpt>
      <trkpt lat="-13.5394195" lon="-71.2349173">
        <ele>4943.5</ele>
        <time>2026-06-02T07:48:30Z</time>
        <hdop>3</hdop>
        <extensions>
          <osmand:speed>0.1</osmand:speed>
        </extensions>
      </trkpt>
      <trkpt lat="-13.5394206" lon="-71.2349161">
        <ele>4943.5</ele>
        <time>2026-06-02T07:48:46Z</time>
        <hdop>3</hdop>
        <extensions>
          <osmand:speed>0.1</osmand:speed>
        </extensions>
      </trkpt>
      <trkpt lat="-13.5394208" lon="-71.2349172">
        <ele>4943.5</ele>
        <time>2026-06-02T07:49:02Z</time>
        <hdop>3</hdop>
        <extensions>
          <osmand:speed>0.1</osmand:speed>
        </extensions>
      </trkpt>
      <trkpt lat="-13.53942" lon="-71.234918">
        <ele>4943.5</ele>
        <time>2026-06-02T07:49:17Z</time>
        <hdop>3</hdop>
        <extensions>
          <osmand:speed>0.1</osmand:speed>
        </extensions>
      </trkpt>
      <trkpt lat="-13.5394196" lon="-71.2349169">
        <ele>4943.5</ele>
        <time>2026-06-02T07:49:33Z</time>
        <hdop>3</hdop>
        <extensions>
          <osmand:speed>0.1</osmand:speed>
        </extensions>
      </trkpt>
      <trkpt lat="-13.5394185" lon="-71.234916">
        <ele>4943.5</ele>
        <time>2026-06-02T07:49:49Z</time>
        <hdop>3</hdop>
        <extensions>
          <osmand:speed>0.1</osmand:speed>
        </extensions>
      </trkpt>
      <trkpt lat="-13.5394192" lon="-71.2349173">
        <ele>4943.5</ele>
        <time>2026-06-02T07:50:05Z</time>
        <hdop>3</hdop>
        <extensions>
          <osmand:speed>0.1</osmand:speed>
        </extensions>
      </trkpt>
      <trkpt lat="-13.53942" lon="-71.2349169">
        <ele>4943.5</ele>
        <time>2026-06-02T07:50:21Z</time>
        <hdop>3</hdop>
        <extensions>
          <osmand:speed>0.1</osmand:speed>
        </extensions>
      </trkpt>
      <trkpt lat="-13.5394193" lon="-71.234916">
        <ele>4943.5</ele>
        <time>2026-06-02T07:50:37Z</time>
        <hdop>3</hdop>
        <extensions>
          <osmand:speed>0.1</osmand:speed>
        </extensions>
      </trkpt>
      <trkpt lat="-13.5394183" lon="-71.234916">
        <ele>4943.5</ele>
        <time>2026-06-02T07:50:53Z</time>
        <hdop>3</hdop>
        <extensions>
          <osmand:speed>0.1</osmand:speed>
        </extensions>
      </trkpt>
      <trkpt lat="-13.5394171" lon="-71.2349168">
        <ele>4943.5</ele>
        <time>2026-06-02T07:51:09Z</time>
        <hdop>3</hdop>
        <extensions>
          <osmand:speed>0.1</osmand:speed>
        </extensions>
      </trkpt>
      <trkpt lat="-13.5394193" lon="-71.2349171">
        <ele>4943.5</ele>
        <time>2026-06-02T07:51:25Z</time>
        <hdop>3</hdop>
        <extensions>
          <osmand:speed>0.1</osmand:speed>
        </extensions>
      </trkpt>
      <trkpt lat="-13.5394206" lon="-71.234917">
        <ele>4943.5</ele>
        <time>2026-06-02T07:51:41Z</time>
        <hdop>3</hdop>
        <extensions>
          <osmand:speed>0.1</osmand:speed>
        </extensions>
      </trkpt>
      <trkpt lat="-13.5394195" lon="-71.2349161">
        <ele>4943.5</ele>
        <time>2026-06-02T07:51:57Z</time>
        <hdop>3</hdop>
        <extensions>
          <osmand:speed>0.1</osmand:speed>
        </extensions>
      </trkpt>
      <trkpt lat="-13.5394187" lon="-71.2349173">
        <ele>4943.5</ele>
        <time>2026-06-02T07:52:13Z</time>
        <hdop>3</hdop>
        <extensions>
          <osmand:speed>0.1</osmand:speed>
        </extensions>
      </trkpt>
      <trkpt lat="-13.5394196" lon="-71.234919">
        <ele>4943.5</ele>
        <time>2026-06-02T07:52:29Z</time>
        <hdop>3</hdop>
        <extensions>
          <osmand:speed>0.1</osmand:speed>
        </extensions>
      </trkpt>
      <trkpt lat="-13.5394185" lon="-71.2349185">
        <ele>4943.5</ele>
        <time>2026-06-02T07:52:44Z</time>
        <hdop>3</hdop>
        <extensions>
          <osmand:speed>0.1</osmand:speed>
        </extensions>
      </trkpt>
      <trkpt lat="-13.5394194" lon="-71.2349165">
        <ele>4943.5</ele>
        <time>2026-06-02T07:53:00Z</time>
        <hdop>3</hdop>
        <extensions>
          <osmand:speed>0.1</osmand:speed>
        </extensions>
      </trkpt>
      <trkpt lat="-13.5394195" lon="-71.2349158">
        <ele>4943.5</ele>
        <time>2026-06-02T07:53:16Z</time>
        <hdop>3</hdop>
        <extensions>
          <osmand:speed>0</osmand:speed>
        </extensions>
      </trkpt>
      <trkpt lat="-13.5394206" lon="-71.2349158">
        <ele>4943.5</ele>
        <time>2026-06-02T07:53:32Z</time>
        <hdop>3</hdop>
        <extensions>
          <osmand:speed>0.1</osmand:speed>
        </extensions>
      </trkpt>
      <trkpt lat="-13.539422" lon="-71.2349167">
        <ele>4943.5</ele>
        <time>2026-06-02T07:53:48Z</time>
        <hdop>3</hdop>
        <extensions>
          <osmand:speed>0</osmand:speed>
        </extensions>
      </trkpt>
      <trkpt lat="-13.5394215" lon="-71.2349164">
        <ele>4943.5</ele>
        <time>2026-06-02T07:54:04Z</time>
        <hdop>3</hdop>
        <extensions>
          <osmand:speed>0.1</osmand:speed>
        </extensions>
      </trkpt>
      <trkpt lat="-13.5394196" lon="-71.2349169">
        <ele>4943.5</ele>
        <time>2026-06-02T07:54:20Z</time>
        <hdop>3</hdop>
        <extensions>
          <osmand:speed>0.1</osmand:speed>
        </extensions>
      </trkpt>
      <trkpt lat="-13.5394181" lon="-71.2349168">
        <ele>4943.5</ele>
        <time>2026-06-02T07:54:36Z</time>
        <hdop>3</hdop>
        <extensions>
          <osmand:speed>0.1</osmand:speed>
        </extensions>
      </trkpt>
      <trkpt lat="-13.5394181" lon="-71.2349165">
        <ele>4943.5</ele>
        <time>2026-06-02T07:54:52Z</time>
        <hdop>3</hdop>
        <extensions>
          <osmand:speed>0.1</osmand:speed>
        </extensions>
      </trkpt>
      <trkpt lat="-13.5394182" lon="-71.2349173">
        <ele>4943.5</ele>
        <time>2026-06-02T07:55:08Z</time>
        <hdop>3</hdop>
        <extensions>
          <osmand:speed>0.1</osmand:speed>
        </extensions>
      </trkpt>
      <trkpt lat="-13.5394185" lon="-71.2349153">
        <ele>4943.5</ele>
        <time>2026-06-02T07:55:23Z</time>
        <hdop>3</hdop>
        <extensions>
          <osmand:speed>0.1</osmand:speed>
        </extensions>
      </trkpt>
      <trkpt lat="-13.5394194" lon="-71.2349149">
        <ele>4943.5</ele>
        <time>2026-06-02T07:55:39Z</time>
        <hdop>3</hdop>
        <extensions>
          <osmand:speed>0.1</osmand:speed>
        </extensions>
      </trkpt>
      <trkpt lat="-13.539419" lon="-71.2349165">
        <ele>4943.5</ele>
        <time>2026-06-02T07:55:55Z</time>
        <hdop>3</hdop>
        <extensions>
          <osmand:speed>0</osmand:speed>
        </extensions>
      </trkpt>
      <trkpt lat="-13.5394195" lon="-71.234917">
        <ele>4943.5</ele>
        <time>2026-06-02T07:56:11Z</time>
        <hdop>3</hdop>
        <extensions>
          <osmand:speed>0.1</osmand:speed>
        </extensions>
      </trkpt>
      <trkpt lat="-13.5394196" lon="-71.2349186">
        <ele>4943.5</ele>
        <time>2026-06-02T07:56:27Z</time>
        <hdop>3</hdop>
        <extensions>
          <osmand:speed>0.1</osmand:speed>
        </extensions>
      </trkpt>
      <trkpt lat="-13.5394188" lon="-71.2349167">
        <ele>4943.5</ele>
        <time>2026-06-02T07:56:43Z</time>
        <hdop>3</hdop>
        <extensions>
          <osmand:speed>0.1</osmand:speed>
        </extensions>
      </trkpt>
      <trkpt lat="-13.5394193" lon="-71.2349176">
        <ele>4943.5</ele>
        <time>2026-06-02T07:56:58Z</time>
        <hdop>3</hdop>
        <extensions>
          <osmand:speed>0.1</osmand:speed>
        </extensions>
      </trkpt>
      <trkpt lat="-13.5394214" lon="-71.2349169">
        <ele>4943.5</ele>
        <time>2026-06-02T07:57:14Z</time>
        <hdop>3</hdop>
        <extensions>
          <osmand:speed>0.1</osmand:speed>
        </extensions>
      </trkpt>
      <trkpt lat="-13.5394204" lon="-71.2349162">
        <ele>4943.5</ele>
        <time>2026-06-02T07:57:30Z</time>
        <hdop>3</hdop>
        <extensions>
          <osmand:speed>0.1</osmand:speed>
        </extensions>
      </trkpt>
      <trkpt lat="-13.5394214" lon="-71.2349154">
        <ele>4943.5</ele>
        <time>2026-06-02T07:57:45Z</time>
        <hdop>3</hdop>
        <extensions>
          <osmand:speed>0</osmand:speed>
        </extensions>
      </trkpt>
      <trkpt lat="-13.5394217" lon="-71.2349154">
        <ele>4943.5</ele>
        <time>2026-06-02T07:58:01Z</time>
        <hdop>3</hdop>
        <extensions>
          <osmand:speed>0.1</osmand:speed>
        </extensions>
      </trkpt>
      <trkpt lat="-13.5394216" lon="-71.2349167">
        <ele>4943.5</ele>
        <time>2026-06-02T07:58:17Z</time>
        <hdop>3</hdop>
        <extensions>
          <osmand:speed>0.1</osmand:speed>
        </extensions>
      </trkpt>
      <trkpt lat="-13.5394201" lon="-71.2349169">
        <ele>4943.5</ele>
        <time>2026-06-02T07:58:33Z</time>
        <hdop>3</hdop>
        <extensions>
          <osmand:speed>0.1</osmand:speed>
        </extensions>
      </trkpt>
      <trkpt lat="-13.5394183" lon="-71.2349189">
        <ele>4943.5</ele>
        <time>2026-06-02T07:58:49Z</time>
        <hdop>3</hdop>
        <extensions>
          <osmand:speed>0.1</osmand:speed>
        </extensions>
      </trkpt>
      <trkpt lat="-13.5394192" lon="-71.2349169">
        <ele>4943.5</ele>
        <time>2026-06-02T07:59:05Z</time>
        <hdop>3</hdop>
        <extensions>
          <osmand:speed>0.1</osmand:speed>
        </extensions>
      </trkpt>
      <trkpt lat="-13.539419" lon="-71.2349153">
        <ele>4943.5</ele>
        <time>2026-06-02T07:59:21Z</time>
        <hdop>3</hdop>
        <extensions>
          <osmand:speed>0.1</osmand:speed>
        </extensions>
      </trkpt>
      <trkpt lat="-13.5394201" lon="-71.2349166">
        <ele>4943.5</ele>
        <time>2026-06-02T07:59:37Z</time>
        <hdop>3</hdop>
        <extensions>
          <osmand:speed>0</osmand:speed>
        </extensions>
      </trkpt>
      <trkpt lat="-13.5394206" lon="-71.2349183">
        <ele>4943.5</ele>
        <time>2026-06-02T07:59:53Z</time>
        <hdop>3</hdop>
        <extensions>
          <osmand:speed>0.1</osmand:speed>
        </extensions>
      </trkpt>
      <trkpt lat="-13.5394202" lon="-71.2349189">
        <ele>4943.5</ele>
        <time>2026-06-02T08:00:09Z</time>
        <hdop>3</hdop>
        <extensions>
          <osmand:speed>0.1</osmand:speed>
        </extensions>
      </trkpt>
      <trkpt lat="-13.5394194" lon="-71.2349179">
        <ele>4943.5</ele>
        <time>2026-06-02T08:00:25Z</time>
        <hdop>3</hdop>
        <extensions>
          <osmand:speed>0.1</osmand:speed>
        </extensions>
      </trkpt>
      <trkpt lat="-13.5394181" lon="-71.234919">
        <ele>4943.5</ele>
        <time>2026-06-02T08:00:41Z</time>
        <hdop>3</hdop>
        <extensions>
          <osmand:speed>0.1</osmand:speed>
        </extensions>
      </trkpt>
      <trkpt lat="-13.5394207" lon="-71.2349188">
        <ele>4943.5</ele>
        <time>2026-06-02T08:00:57Z</time>
        <hdop>3</hdop>
        <extensions>
          <osmand:speed>0.1</osmand:speed>
        </extensions>
      </trkpt>
      <trkpt lat="-13.5394208" lon="-71.2349178">
        <ele>4943.5</ele>
        <time>2026-06-02T08:01:13Z</time>
        <hdop>3</hdop>
        <extensions>
          <osmand:speed>0.1</osmand:speed>
        </extensions>
      </trkpt>
      <trkpt lat="-13.5394208" lon="-71.2349172">
        <ele>4943.5</ele>
        <time>2026-06-02T08:01:29Z</time>
        <hdop>3</hdop>
        <extensions>
          <osmand:speed>0</osmand:speed>
        </extensions>
      </trkpt>
      <trkpt lat="-13.5394202" lon="-71.2349169">
        <ele>4943.5</ele>
        <time>2026-06-02T08:01:45Z</time>
        <hdop>3</hdop>
        <extensions>
          <osmand:speed>0.1</osmand:speed>
        </extensions>
      </trkpt>
      <trkpt lat="-13.5394198" lon="-71.2349185">
        <ele>4943.5</ele>
        <time>2026-06-02T08:02:01Z</time>
        <hdop>3</hdop>
        <extensions>
          <osmand:speed>0.1</osmand:speed>
        </extensions>
      </trkpt>
      <trkpt lat="-13.5394193" lon="-71.2349182">
        <ele>4943.5</ele>
        <time>2026-06-02T08:02:17Z</time>
        <hdop>3</hdop>
        <extensions>
          <osmand:speed>0.1</osmand:speed>
        </extensions>
      </trkpt>
      <trkpt lat="-13.5394192" lon="-71.2349156">
        <ele>4943.5</ele>
        <time>2026-06-02T08:02:33Z</time>
        <hdop>3</hdop>
        <extensions>
          <osmand:speed>0.1</osmand:speed>
        </extensions>
      </trkpt>
      <trkpt lat="-13.5394215" lon="-71.2349144">
        <ele>4943.5</ele>
        <time>2026-06-02T08:02:49Z</time>
        <hdop>3</hdop>
        <extensions>
          <osmand:speed>0.1</osmand:speed>
        </extensions>
      </trkpt>
      <trkpt lat="-13.5394206" lon="-71.2349165">
        <ele>4943.5</ele>
        <time>2026-06-02T08:03:05Z</time>
        <hdop>3</hdop>
        <extensions>
          <osmand:speed>0</osmand:speed>
        </extensions>
      </trkpt>
      <trkpt lat="-13.5394192" lon="-71.2349155">
        <ele>4943.5</ele>
        <time>2026-06-02T08:03:21Z</time>
        <hdop>3</hdop>
        <extensions>
          <osmand:speed>0.1</osmand:speed>
        </extensions>
      </trkpt>
      <trkpt lat="-13.53942" lon="-71.234916">
        <ele>4943.5</ele>
        <time>2026-06-02T08:03:37Z</time>
        <hdop>3</hdop>
        <extensions>
          <osmand:speed>0.1</osmand:speed>
        </extensions>
      </trkpt>
      <trkpt lat="-13.5394198" lon="-71.2349155">
        <ele>4943.5</ele>
        <time>2026-06-02T08:03:53Z</time>
        <hdop>3</hdop>
        <extensions>
          <osmand:speed>0.1</osmand:speed>
        </extensions>
      </trkpt>
      <trkpt lat="-13.5394215" lon="-71.2349163">
        <ele>4943.5</ele>
        <time>2026-06-02T08:04:09Z</time>
        <hdop>3</hdop>
        <extensions>
          <osmand:speed>0.1</osmand:speed>
        </extensions>
      </trkpt>
      <trkpt lat="-13.5394202" lon="-71.2349167">
        <ele>4943.5</ele>
        <time>2026-06-02T08:04:27Z</time>
        <hdop>2.8</hdop>
        <extensions>
          <osmand:speed>0.1</osmand:speed>
        </extensions>
      </trkpt>
      <trkpt lat="-13.53942" lon="-71.2349167">
        <ele>4943.5</ele>
        <time>2026-06-02T08:04:44Z</time>
        <hdop>2.4</hdop>
        <extensions>
          <osmand:speed>0</osmand:speed>
        </extensions>
      </trkpt>
      <trkpt lat="-13.53942" lon="-71.2349167">
        <ele>4943.5</ele>
        <time>2026-06-02T08:05:09Z</time>
        <hdop>2.4</hdop>
        <extensions>
          <osmand:speed>0</osmand:speed>
        </extensions>
      </trkpt>
      <trkpt lat="-13.539421" lon="-71.2349161">
        <ele>4943.5</ele>
        <time>2026-06-02T08:05:28Z</time>
        <hdop>3.9</hdop>
        <extensions>
          <osmand:speed>0</osmand:speed>
        </extensions>
      </trkpt>
      <trkpt lat="-13.53942" lon="-71.2349167">
        <ele>4943.5</ele>
        <time>2026-06-02T08:05:48Z</time>
        <hdop>2.7</hdop>
        <extensions>
          <osmand:speed>0</osmand:speed>
        </extensions>
      </trkpt>
      <trkpt lat="-13.5394197" lon="-71.2349167">
        <ele>4943.5</ele>
        <time>2026-06-02T08:06:07Z</time>
        <hdop>3</hdop>
        <extensions>
          <osmand:speed>0</osmand:speed>
        </extensions>
      </trkpt>
      <trkpt lat="-13.5394197" lon="-71.2349165">
        <ele>4943.5</ele>
        <time>2026-06-02T08:06:23Z</time>
        <hdop>3</hdop>
        <extensions>
          <osmand:speed>0</osmand:speed>
        </extensions>
      </trkpt>
      <trkpt lat="-13.53942" lon="-71.2349167">
        <ele>4943.5</ele>
        <time>2026-06-02T08:06:43Z</time>
        <hdop>2.4</hdop>
      </trkpt>
      <trkpt lat="-13.53942" lon="-71.2349167">
        <ele>4943.5</ele>
        <time>2026-06-02T08:07:05Z</time>
        <hdop>2.4</hdop>
      </trkpt>
      <trkpt lat="-13.53942" lon="-71.2349167">
        <ele>4943.5</ele>
        <time>2026-06-02T08:07:27Z</time>
        <hdop>2.4</hdop>
      </trkpt>
      <trkpt lat="-13.53942" lon="-71.2349167">
        <ele>4943.5</ele>
        <time>2026-06-02T08:07:42Z</time>
        <hdop>2.4</hdop>
        <extensions>
          <osmand:speed>0</osmand:speed>
        </extensions>
      </trkpt>
      <trkpt lat="-13.53942" lon="-71.2349167">
        <ele>4943.5</ele>
        <time>2026-06-02T08:07:59Z</time>
        <hdop>2.4</hdop>
      </trkpt>
      <trkpt lat="-13.53942" lon="-71.2349167">
        <ele>4943.5</ele>
        <time>2026-06-02T08:08:31Z</time>
        <hdop>2.4</hdop>
      </trkpt>
      <trkpt lat="-13.53942" lon="-71.2349167">
        <ele>4943.5</ele>
        <time>2026-06-02T08:08:48Z</time>
        <hdop>2.7</hdop>
        <extensions>
          <osmand:speed>0</osmand:speed>
        </extensions>
      </trkpt>
      <trkpt lat="-13.5394197" lon="-71.2349167">
        <ele>4943.5</ele>
        <time>2026-06-02T08:09:04Z</time>
        <hdop>3</hdop>
        <extensions>
          <osmand:speed>0</osmand:speed>
        </extensions>
      </trkpt>
      <trkpt lat="-13.53942" lon="-71.2349167">
        <ele>4943.5</ele>
        <time>2026-06-02T08:09:41Z</time>
        <hdop>2.4</hdop>
      </trkpt>
      <trkpt lat="-13.5394205" lon="-71.2349167">
        <ele>4943.5</ele>
        <time>2026-06-02T08:09:57Z</time>
        <hdop>3</hdop>
        <extensions>
          <osmand:speed>0</osmand:speed>
        </extensions>
      </trkpt>
      <trkpt lat="-13.53942" lon="-71.2349167">
        <ele>4943.5</ele>
        <time>2026-06-02T08:10:19Z</time>
        <hdop>2.4</hdop>
      </trkpt>
      <trkpt lat="-13.53942" lon="-71.2349167">
        <ele>4943.5</ele>
        <time>2026-06-02T08:10:35Z</time>
        <hdop>2.4</hdop>
      </trkpt>
      <trkpt lat="-13.53942" lon="-71.2349167">
        <ele>4943.5</ele>
        <time>2026-06-02T08:10:53Z</time>
        <hdop>2.4</hdop>
        <extensions>
          <osmand:speed>0</osmand:speed>
        </extensions>
      </trkpt>
      <trkpt lat="-13.53942" lon="-71.2349167">
        <ele>4943.5</ele>
        <time>2026-06-02T08:11:08Z</time>
        <hdop>2.4</hdop>
        <extensions>
          <osmand:speed>0</osmand:speed>
        </extensions>
      </trkpt>
      <trkpt lat="-13.53942" lon="-71.2349167">
        <ele>4943.5</ele>
        <time>2026-06-02T08:12:07Z</time>
        <hdop>2.4</hdop>
      </trkpt>
      <trkpt lat="-13.5394201" lon="-71.2349164">
        <ele>4943.5</ele>
        <time>2026-06-02T08:12:23Z</time>
        <hdop>3</hdop>
        <extensions>
          <osmand:speed>0</osmand:speed>
        </extensions>
      </trkpt>
      <trkpt lat="-13.53942" lon="-71.2349167">
        <ele>4943.5</ele>
        <time>2026-06-02T08:12:49Z</time>
        <hdop>2.4</hdop>
      </trkpt>
      <trkpt lat="-13.53942" lon="-71.2349167">
        <ele>4943.5</ele>
        <time>2026-06-02T08:13:04Z</time>
        <hdop>2.4</hdop>
        <extensions>
          <osmand:speed>0</osmand:speed>
        </extensions>
      </trkpt>
      <trkpt lat="-13.5394201" lon="-71.2349165">
        <ele>4943.5</ele>
        <time>2026-06-02T08:13:20Z</time>
        <hdop>3</hdop>
        <extensions>
          <osmand:speed>0</osmand:speed>
        </extensions>
      </trkpt>
      <trkpt lat="-13.53942" lon="-71.2349167">
        <ele>4943.5</ele>
        <time>2026-06-02T08:13:41Z</time>
        <hdop>2.4</hdop>
        <extensions>
          <osmand:speed>0</osmand:speed>
        </extensions>
      </trkpt>
      <trkpt lat="-13.53942" lon="-71.2349167">
        <ele>4943.5</ele>
        <time>2026-06-02T08:14:06Z</time>
        <hdop>2.4</hdop>
        <extensions>
          <osmand:speed>0</osmand:speed>
        </extensions>
      </trkpt>
      <trkpt lat="-13.53942" lon="-71.2349167">
        <ele>4943.5</ele>
        <time>2026-06-02T08:14:22Z</time>
        <hdop>2.4</hdop>
      </trkpt>
      <trkpt lat="-13.53942" lon="-71.2349181">
        <ele>4943.5</ele>
        <time>2026-06-02T08:14:43Z</time>
        <hdop>4.1</hdop>
        <extensions>
          <osmand:speed>0</osmand:speed>
        </extensions>
      </trkpt>
      <trkpt lat="-13.53942" lon="-71.2349167">
        <ele>4943.5</ele>
        <time>2026-06-02T08:14:58Z</time>
        <hdop>2.4</hdop>
        <extensions>
          <osmand:speed>0</osmand:speed>
        </extensions>
      </trkpt>
      <trkpt lat="-13.5394199" lon="-71.2349167">
        <ele>4943.5</ele>
        <time>2026-06-02T08:15:14Z</time>
        <hdop>3</hdop>
        <extensions>
          <osmand:speed>0</osmand:speed>
        </extensions>
      </trkpt>
      <trkpt lat="-13.53942" lon="-71.2349167">
        <ele>4943.5</ele>
        <time>2026-06-02T08:15:41Z</time>
        <hdop>2.4</hdop>
      </trkpt>
      <trkpt lat="-13.5394198" lon="-71.2349165">
        <ele>4943.5</ele>
        <time>2026-06-02T08:15:58Z</time>
        <hdop>3</hdop>
        <extensions>
          <osmand:speed>0</osmand:speed>
        </extensions>
      </trkpt>
      <trkpt lat="-13.5394199" lon="-71.2349168">
        <ele>4943.5</ele>
        <time>2026-06-02T08:16:13Z</time>
        <hdop>3</hdop>
        <extensions>
          <osmand:speed>0</osmand:speed>
        </extensions>
      </trkpt>
      <trkpt lat="-13.53942" lon="-71.2349167">
        <ele>4943.5</ele>
        <time>2026-06-02T08:16:38Z</time>
        <hdop>2.4</hdop>
      </trkpt>
      <trkpt lat="-13.53942" lon="-71.2349167">
        <ele>4943.5</ele>
        <time>2026-06-02T08:16:57Z</time>
        <hdop>2.4</hdop>
        <extensions>
          <osmand:speed>0</osmand:speed>
        </extensions>
      </trkpt>
      <trkpt lat="-13.5394199" lon="-71.2349171">
        <ele>4943.5</ele>
        <time>2026-06-02T08:17:12Z</time>
        <hdop>3</hdop>
        <extensions>
          <osmand:speed>0</osmand:speed>
        </extensions>
      </trkpt>
      <trkpt lat="-13.5394199" lon="-71.2349166">
        <ele>4943.5</ele>
        <time>2026-06-02T08:17:29Z</time>
        <hdop>3</hdop>
        <extensions>
          <osmand:speed>0</osmand:speed>
        </extensions>
      </trkpt>
      <trkpt lat="-13.53942" lon="-71.2349167">
        <ele>4943.5</ele>
        <time>2026-06-02T08:17:45Z</time>
        <hdop>2.7</hdop>
        <extensions>
          <osmand:speed>0</osmand:speed>
        </extensions>
      </trkpt>
      <trkpt lat="-13.53942" lon="-71.2349167">
        <ele>4943.5</ele>
        <time>2026-06-02T08:18:00Z</time>
        <hdop>2.4</hdop>
        <extensions>
          <osmand:speed>0</osmand:speed>
        </extensions>
      </trkpt>
      <trkpt lat="-13.53942" lon="-71.2349167">
        <ele>4943.5</ele>
        <time>2026-06-02T08:18:19Z</time>
        <hdop>2.7</hdop>
        <extensions>
          <osmand:speed>0</osmand:speed>
        </extensions>
      </trkpt>
      <trkpt lat="-13.5394201" lon="-71.2349165">
        <ele>4943.5</ele>
        <time>2026-06-02T08:18:35Z</time>
        <hdop>3</hdop>
        <extensions>
          <osmand:speed>0</osmand:speed>
        </extensions>
      </trkpt>
      <trkpt lat="-13.53942" lon="-71.2349167">
        <ele>4943.5</ele>
        <time>2026-06-02T08:18:51Z</time>
        <hdop>2.4</hdop>
        <extensions>
          <osmand:speed>0</osmand:speed>
        </extensions>
      </trkpt>
      <trkpt lat="-13.5394197" lon="-71.2349164">
        <ele>4943.5</ele>
        <time>2026-06-02T08:19:09Z</time>
        <hdop>3</hdop>
        <extensions>
          <osmand:speed>0</osmand:speed>
        </extensions>
      </trkpt>
      <trkpt lat="-13.53942" lon="-71.2349167">
        <ele>4943.5</ele>
        <time>2026-06-02T08:19:47Z</time>
        <hdop>2.4</hdop>
      </trkpt>
      <trkpt lat="-13.5394196" lon="-71.2349168">
        <ele>4943.5</ele>
        <time>2026-06-02T08:20:02Z</time>
        <hdop>3</hdop>
        <extensions>
          <osmand:speed>0</osmand:speed>
        </extensions>
      </trkpt>
      <trkpt lat="-13.53942" lon="-71.2349167">
        <ele>4943.5</ele>
        <time>2026-06-02T08:20:19Z</time>
        <hdop>2.4</hdop>
        <extensions>
          <osmand:speed>0</osmand:speed>
        </extensions>
      </trkpt>
      <trkpt lat="-13.53942" lon="-71.2349167">
        <ele>4943.5</ele>
        <time>2026-06-02T08:20:35Z</time>
        <hdop>2.8</hdop>
        <extensions>
          <osmand:speed>0</osmand:speed>
        </extensions>
      </trkpt>
      <trkpt lat="-13.53942" lon="-71.2349167">
        <ele>4943.5</ele>
        <time>2026-06-02T08:21:08Z</time>
        <hdop>2.4</hdop>
      </trkpt>
      <trkpt lat="-13.53942" lon="-71.2349167">
        <ele>4943.5</ele>
        <time>2026-06-02T08:21:35Z</time>
        <hdop>2.4</hdop>
      </trkpt>
      <trkpt lat="-13.53942" lon="-71.2349167">
        <ele>4943.5</ele>
        <time>2026-06-02T08:22:00Z</time>
        <hdop>2.4</hdop>
      </trkpt>
      <trkpt lat="-13.5394201" lon="-71.2349163">
        <ele>4943.5</ele>
        <time>2026-06-02T08:22:24Z</time>
        <hdop>3</hdop>
        <extensions>
          <osmand:speed>0</osmand:speed>
        </extensions>
      </trkpt>
      <trkpt lat="-13.53942" lon="-71.2349167">
        <ele>4943.5</ele>
        <time>2026-06-02T08:22:42Z</time>
        <hdop>2.4</hdop>
        <extensions>
          <osmand:speed>0</osmand:speed>
        </extensions>
      </trkpt>
      <trkpt lat="-13.5394202" lon="-71.2349169">
        <ele>4943.5</ele>
        <time>2026-06-02T08:22:58Z</time>
        <hdop>3</hdop>
        <extensions>
          <osmand:speed>0</osmand:speed>
        </extensions>
      </trkpt>
      <trkpt lat="-13.53942" lon="-71.2349167">
        <ele>4943.5</ele>
        <time>2026-06-02T08:23:15Z</time>
        <hdop>2.7</hdop>
        <extensions>
          <osmand:speed>0</osmand:speed>
        </extensions>
      </trkpt>
      <trkpt lat="-13.53942" lon="-71.2349167">
        <ele>4943.5</ele>
        <time>2026-06-02T08:23:59Z</time>
        <hdop>2.4</hdop>
      </trkpt>
      <trkpt lat="-13.53942" lon="-71.2349167">
        <ele>4943.5</ele>
        <time>2026-06-02T08:24:22Z</time>
        <hdop>2.4</hdop>
        <extensions>
          <osmand:speed>0</osmand:speed>
        </extensions>
      </trkpt>
      <trkpt lat="-13.53942" lon="-71.2349167">
        <ele>4943.5</ele>
        <time>2026-06-02T08:24:37Z</time>
        <hdop>2.4</hdop>
        <extensions>
          <osmand:speed>0</osmand:speed>
        </extensions>
      </trkpt>
      <trkpt lat="-13.5394204" lon="-71.2349168">
        <ele>4943.5</ele>
        <time>2026-06-02T08:24:59Z</time>
        <hdop>3</hdop>
        <extensions>
          <osmand:speed>0</osmand:speed>
        </extensions>
      </trkpt>
      <trkpt lat="-13.53942" lon="-71.2349167">
        <ele>4943.5</ele>
        <time>2026-06-02T08:25:15Z</time>
        <hdop>2.4</hdop>
        <extensions>
          <osmand:speed>0</osmand:speed>
        </extensions>
      </trkpt>
      <trkpt lat="-13.53942" lon="-71.2349167">
        <ele>4943.5</ele>
        <time>2026-06-02T08:25:33Z</time>
        <hdop>2.4</hdop>
        <extensions>
          <osmand:speed>0</osmand:speed>
        </extensions>
      </trkpt>
      <trkpt lat="-13.53942" lon="-71.2349167">
        <ele>4943.5</ele>
        <time>2026-06-02T08:26:27Z</time>
        <hdop>2.4</hdop>
      </trkpt>
      <trkpt lat="-13.53942" lon="-71.2349167">
        <ele>4943.5</ele>
        <time>2026-06-02T08:27:06Z</time>
        <hdop>2.4</hdop>
      </trkpt>
      <trkpt lat="-13.5394199" lon="-71.2349172">
        <ele>4943.5</ele>
        <time>2026-06-02T08:27:21Z</time>
        <hdop>3</hdop>
        <extensions>
          <osmand:speed>0.1</osmand:speed>
        </extensions>
      </trkpt>
      <trkpt lat="-13.53942" lon="-71.2349167">
        <ele>4943.5</ele>
        <time>2026-06-02T08:27:54Z</time>
        <hdop>2.4</hdop>
      </trkpt>
      <trkpt lat="-13.53942" lon="-71.2349167">
        <ele>4943.5</ele>
        <time>2026-06-02T08:28:21Z</time>
        <hdop>2.4</hdop>
      </trkpt>
      <trkpt lat="-13.53942" lon="-71.2349167">
        <ele>4943.5</ele>
        <time>2026-06-02T08:28:42Z</time>
        <hdop>2.4</hdop>
      </trkpt>
      <trkpt lat="-13.53942" lon="-71.2349167">
        <ele>4943.5</ele>
        <time>2026-06-02T08:28:58Z</time>
        <hdop>2.4</hdop>
        <extensions>
          <osmand:speed>0</osmand:speed>
        </extensions>
      </trkpt>
      <trkpt lat="-13.5394201" lon="-71.2349168">
        <ele>4943.5</ele>
        <time>2026-06-02T08:29:14Z</time>
        <hdop>3</hdop>
        <extensions>
          <osmand:speed>0</osmand:speed>
        </extensions>
      </trkpt>
      <trkpt lat="-13.53942" lon="-71.2349167">
        <ele>4943.5</ele>
        <time>2026-06-02T08:29:42Z</time>
        <hdop>2.4</hdop>
      </trkpt>
      <trkpt lat="-13.53942" lon="-71.2349167">
        <ele>4943.5</ele>
        <time>2026-06-02T08:30:09Z</time>
        <hdop>2.4</hdop>
      </trkpt>
      <trkpt lat="-13.53942" lon="-71.2349167">
        <ele>4943.5</ele>
        <time>2026-06-02T08:30:45Z</time>
        <hdop>2.4</hdop>
      </trkpt>
      <trkpt lat="-13.5394199" lon="-71.2349168">
        <ele>4943.5</ele>
        <time>2026-06-02T08:31:00Z</time>
        <hdop>3</hdop>
        <extensions>
          <osmand:speed>0</osmand:speed>
        </extensions>
      </trkpt>
      <trkpt lat="-13.5394205" lon="-71.2349165">
        <ele>4943.5</ele>
        <time>2026-06-02T08:31:15Z</time>
        <hdop>3</hdop>
        <extensions>
          <osmand:speed>0</osmand:speed>
        </extensions>
      </trkpt>
      <trkpt lat="-13.5394202" lon="-71.2349167">
        <ele>4943.5</ele>
        <time>2026-06-02T08:31:30Z</time>
        <hdop>3</hdop>
        <extensions>
          <osmand:speed>0</osmand:speed>
        </extensions>
      </trkpt>
      <trkpt lat="-13.53942" lon="-71.2349167">
        <ele>4943.5</ele>
        <time>2026-06-02T08:31:46Z</time>
        <hdop>2.4</hdop>
        <extensions>
          <osmand:speed>0</osmand:speed>
        </extensions>
      </trkpt>
      <trkpt lat="-13.53942" lon="-71.2349167">
        <ele>4943.5</ele>
        <time>2026-06-02T08:32:07Z</time>
        <hdop>2.4</hdop>
      </trkpt>
      <trkpt lat="-13.53942" lon="-71.2349167">
        <ele>4943.5</ele>
        <time>2026-06-02T08:32:24Z</time>
        <hdop>2.4</hdop>
        <extensions>
          <osmand:speed>0</osmand:speed>
        </extensions>
      </trkpt>
      <trkpt lat="-13.5394198" lon="-71.2349165">
        <ele>4943.5</ele>
        <time>2026-06-02T08:32:45Z</time>
        <hdop>3</hdop>
        <extensions>
          <osmand:speed>0</osmand:speed>
        </extensions>
      </trkpt>
      <trkpt lat="-13.5394198" lon="-71.2349169">
        <ele>4943.5</ele>
        <time>2026-06-02T08:33:00Z</time>
        <hdop>3</hdop>
        <extensions>
          <osmand:speed>0</osmand:speed>
        </extensions>
      </trkpt>
      <trkpt lat="-13.53942" lon="-71.2349167">
        <ele>4943.5</ele>
        <time>2026-06-02T08:33:19Z</time>
        <hdop>2.4</hdop>
      </trkpt>
      <trkpt lat="-13.53942" lon="-71.2349166">
        <ele>4943.5</ele>
        <time>2026-06-02T08:33:35Z</time>
        <hdop>3</hdop>
        <extensions>
          <osmand:speed>0</osmand:speed>
        </extensions>
      </trkpt>
      <trkpt lat="-13.53942" lon="-71.2349167">
        <ele>4943.5</ele>
        <time>2026-06-02T08:33:50Z</time>
        <hdop>2.4</hdop>
        <extensions>
          <osmand:speed>0</osmand:speed>
        </extensions>
      </trkpt>
      <trkpt lat="-13.53942" lon="-71.2349167">
        <ele>4943.5</ele>
        <time>2026-06-02T08:34:13Z</time>
        <hdop>2.4</hdop>
      </trkpt>
      <trkpt lat="-13.53942" lon="-71.2349167">
        <ele>4943.5</ele>
        <time>2026-06-02T08:34:41Z</time>
        <hdop>2.4</hdop>
      </trkpt>
      <trkpt lat="-13.5394201" lon="-71.2349165">
        <ele>4943.5</ele>
        <time>2026-06-02T08:34:58Z</time>
        <hdop>3</hdop>
        <extensions>
          <osmand:speed>0</osmand:speed>
        </extensions>
      </trkpt>
      <trkpt lat="-13.5394202" lon="-71.2349165">
        <ele>4943.5</ele>
        <time>2026-06-02T08:35:13Z</time>
        <hdop>3</hdop>
        <extensions>
          <osmand:speed>0</osmand:speed>
        </extensions>
      </trkpt>
      <trkpt lat="-13.53942" lon="-71.2349167">
        <ele>4943.5</ele>
        <time>2026-06-02T08:35:34Z</time>
        <hdop>2.4</hdop>
      </trkpt>
      <trkpt lat="-13.53942" lon="-71.2349167">
        <ele>4943.5</ele>
        <time>2026-06-02T08:35:52Z</time>
        <hdop>2.4</hdop>
      </trkpt>
      <trkpt lat="-13.53942" lon="-71.2349167">
        <ele>4943.5</ele>
        <time>2026-06-02T08:36:24Z</time>
        <hdop>2.4</hdop>
      </trkpt>
      <trkpt lat="-13.53942" lon="-71.2349167">
        <ele>4943.5</ele>
        <time>2026-06-02T08:36:41Z</time>
        <hdop>2.4</hdop>
        <extensions>
          <osmand:speed>0</osmand:speed>
        </extensions>
      </trkpt>
      <trkpt lat="-13.53942" lon="-71.2349167">
        <ele>4943.5</ele>
        <time>2026-06-02T08:36:56Z</time>
        <hdop>2.4</hdop>
        <extensions>
          <osmand:speed>0</osmand:speed>
        </extensions>
      </trkpt>
      <trkpt lat="-13.53942" lon="-71.2349167">
        <ele>4943.5</ele>
        <time>2026-06-02T08:37:22Z</time>
        <hdop>2.4</hdop>
      </trkpt>
      <trkpt lat="-13.53942" lon="-71.2349167">
        <ele>4943.5</ele>
        <time>2026-06-02T08:38:01Z</time>
        <hdop>2.4</hdop>
      </trkpt>
      <trkpt lat="-13.53942" lon="-71.2349167">
        <ele>4943.5</ele>
        <time>2026-06-02T08:38:24Z</time>
        <hdop>2.4</hdop>
        <extensions>
          <osmand:speed>0</osmand:speed>
        </extensions>
      </trkpt>
      <trkpt lat="-13.5394198" lon="-71.2349168">
        <ele>4943.5</ele>
        <time>2026-06-02T08:38:43Z</time>
        <hdop>3</hdop>
        <extensions>
          <osmand:speed>0</osmand:speed>
        </extensions>
      </trkpt>
      <trkpt lat="-13.53942" lon="-71.2349167">
        <ele>4943.5</ele>
        <time>2026-06-02T08:38:59Z</time>
        <hdop>2.4</hdop>
        <extensions>
          <osmand:speed>0</osmand:speed>
        </extensions>
      </trkpt>
      <trkpt lat="-13.53942" lon="-71.2349167">
        <ele>4943.5</ele>
        <time>2026-06-02T08:39:28Z</time>
        <hdop>2.4</hdop>
      </trkpt>
      <trkpt lat="-13.53942" lon="-71.2349165">
        <ele>4943.5</ele>
        <time>2026-06-02T08:39:43Z</time>
        <hdop>3</hdop>
        <extensions>
          <osmand:speed>0</osmand:speed>
        </extensions>
      </trkpt>
      <trkpt lat="-13.53942" lon="-71.2349167">
        <ele>4943.5</ele>
        <time>2026-06-02T08:40:00Z</time>
        <hdop>2.4</hdop>
        <extensions>
          <osmand:speed>0</osmand:speed>
        </extensions>
      </trkpt>
      <trkpt lat="-13.5394203" lon="-71.2349169">
        <ele>4943.5</ele>
        <time>2026-06-02T08:40:21Z</time>
        <hdop>3</hdop>
        <extensions>
          <osmand:speed>0</osmand:speed>
        </extensions>
      </trkpt>
      <trkpt lat="-13.53942" lon="-71.2349167">
        <ele>4943.5</ele>
        <time>2026-06-02T08:40:36Z</time>
        <hdop>2.4</hdop>
        <extensions>
          <osmand:speed>0</osmand:speed>
        </extensions>
      </trkpt>
      <trkpt lat="-13.53942" lon="-71.2349167">
        <ele>4943.5</ele>
        <time>2026-06-02T08:40:58Z</time>
        <hdop>2.4</hdop>
        <extensions>
          <osmand:speed>0</osmand:speed>
        </extensions>
      </trkpt>
      <trkpt lat="-13.53942" lon="-71.2349167">
        <ele>4943.5</ele>
        <time>2026-06-02T08:41:26Z</time>
        <hdop>2.4</hdop>
      </trkpt>
      <trkpt lat="-13.5394198" lon="-71.2349164">
        <ele>4943.5</ele>
        <time>2026-06-02T08:41:47Z</time>
        <hdop>3</hdop>
        <extensions>
          <osmand:speed>0</osmand:speed>
        </extensions>
      </trkpt>
      <trkpt lat="-13.5394203" lon="-71.2349164">
        <ele>4943.5</ele>
        <time>2026-06-02T08:42:03Z</time>
        <hdop>3</hdop>
        <extensions>
          <osmand:speed>0</osmand:speed>
        </extensions>
      </trkpt>
      <trkpt lat="-13.53942" lon="-71.2349167">
        <ele>4943.5</ele>
        <time>2026-06-02T08:42:20Z</time>
        <hdop>2.4</hdop>
        <extensions>
          <osmand:speed>0</osmand:speed>
        </extensions>
      </trkpt>
      <trkpt lat="-13.53942" lon="-71.2349167">
        <ele>4943.5</ele>
        <time>2026-06-02T08:42:35Z</time>
        <hdop>3</hdop>
        <extensions>
          <osmand:speed>0</osmand:speed>
        </extensions>
      </trkpt>
      <trkpt lat="-13.53942" lon="-71.2349166">
        <ele>4943.5</ele>
        <time>2026-06-02T08:42:51Z</time>
        <hdop>3</hdop>
        <extensions>
          <osmand:speed>0</osmand:speed>
        </extensions>
      </trkpt>
      <trkpt lat="-13.53942" lon="-71.2349167">
        <ele>4943.5</ele>
        <time>2026-06-02T08:43:14Z</time>
        <hdop>2.4</hdop>
      </trkpt>
      <trkpt lat="-13.53942" lon="-71.2349167">
        <ele>4943.5</ele>
        <time>2026-06-02T08:43:33Z</time>
        <hdop>2.4</hdop>
      </trkpt>
      <trkpt lat="-13.5394204" lon="-71.2349157">
        <ele>4943.5</ele>
        <time>2026-06-02T08:43:50Z</time>
        <hdop>3.1</hdop>
        <extensions>
          <osmand:speed>0</osmand:speed>
        </extensions>
      </trkpt>
      <trkpt lat="-13.53942" lon="-71.2349167">
        <ele>4943.5</ele>
        <time>2026-06-02T08:44:08Z</time>
        <hdop>2.4</hdop>
      </trkpt>
      <trkpt lat="-13.53942" lon="-71.2349167">
        <ele>4943.5</ele>
        <time>2026-06-02T08:44:35Z</time>
        <hdop>2.4</hdop>
      </trkpt>
      <trkpt lat="-13.5394193" lon="-71.2349168">
        <ele>4943.5</ele>
        <time>2026-06-02T08:44:52Z</time>
        <hdop>3</hdop>
        <extensions>
          <osmand:speed>0</osmand:speed>
        </extensions>
      </trkpt>
      <trkpt lat="-13.5394195" lon="-71.2349166">
        <ele>4943.5</ele>
        <time>2026-06-02T08:45:10Z</time>
        <hdop>3</hdop>
        <extensions>
          <osmand:speed>0</osmand:speed>
        </extensions>
      </trkpt>
      <trkpt lat="-13.53942" lon="-71.2349167">
        <ele>4943.5</ele>
        <time>2026-06-02T08:45:25Z</time>
        <hdop>2.4</hdop>
        <extensions>
          <osmand:speed>0</osmand:speed>
        </extensions>
      </trkpt>
      <trkpt lat="-13.53942" lon="-71.2349167">
        <ele>4943.5</ele>
        <time>2026-06-02T08:45:46Z</time>
        <hdop>2.4</hdop>
      </trkpt>
      <trkpt lat="-13.5394202" lon="-71.2349166">
        <ele>4943.5</ele>
        <time>2026-06-02T08:46:01Z</time>
        <hdop>3</hdop>
        <extensions>
          <osmand:speed>0</osmand:speed>
        </extensions>
      </trkpt>
      <trkpt lat="-13.5394201" lon="-71.2349166">
        <ele>4943.5</ele>
        <time>2026-06-02T08:46:17Z</time>
        <hdop>3</hdop>
        <extensions>
          <osmand:speed>0</osmand:speed>
        </extensions>
      </trkpt>
      <trkpt lat="-13.5394206" lon="-71.2349168">
        <ele>4943.5</ele>
        <time>2026-06-02T08:46:35Z</time>
        <hdop>3</hdop>
        <extensions>
          <osmand:speed>0</osmand:speed>
        </extensions>
      </trkpt>
      <trkpt lat="-13.5394197" lon="-71.2349168">
        <ele>4943.5</ele>
        <time>2026-06-02T08:46:51Z</time>
        <hdop>3</hdop>
        <extensions>
          <osmand:speed>0</osmand:speed>
        </extensions>
      </trkpt>
      <trkpt lat="-13.5394206" lon="-71.2349165">
        <ele>4943.5</ele>
        <time>2026-06-02T08:47:09Z</time>
        <hdop>3</hdop>
        <extensions>
          <osmand:speed>0</osmand:speed>
        </extensions>
      </trkpt>
      <trkpt lat="-13.53942" lon="-71.2349167">
        <ele>4943.5</ele>
        <time>2026-06-02T08:47:39Z</time>
        <hdop>2.4</hdop>
      </trkpt>
      <trkpt lat="-13.53942" lon="-71.2349167">
        <ele>4943.5</ele>
        <time>2026-06-02T08:48:11Z</time>
        <hdop>2.4</hdop>
      </trkpt>
      <trkpt lat="-13.53942" lon="-71.2349167">
        <ele>4943.5</ele>
        <time>2026-06-02T08:48:27Z</time>
        <hdop>2.4</hdop>
      </trkpt>
      <trkpt lat="-13.53942" lon="-71.2349167">
        <ele>4943.5</ele>
        <time>2026-06-02T08:49:05Z</time>
        <hdop>2.4</hdop>
      </trkpt>
      <trkpt lat="-13.53942" lon="-71.2349167">
        <ele>4943.5</ele>
        <time>2026-06-02T08:49:23Z</time>
        <hdop>2.4</hdop>
      </trkpt>
      <trkpt lat="-13.53942" lon="-71.2349167">
        <ele>4943.5</ele>
        <time>2026-06-02T08:49:45Z</time>
        <hdop>2.4</hdop>
      </trkpt>
      <trkpt lat="-13.53942" lon="-71.2349167">
        <ele>4943.5</ele>
        <time>2026-06-02T08:50:21Z</time>
        <hdop>2.4</hdop>
      </trkpt>
      <trkpt lat="-13.5394201" lon="-71.2349167">
        <ele>4943.5</ele>
        <time>2026-06-02T08:50:41Z</time>
        <hdop>3</hdop>
        <extensions>
          <osmand:speed>0</osmand:speed>
        </extensions>
      </trkpt>
      <trkpt lat="-13.53942" lon="-71.2349167">
        <ele>4943.5</ele>
        <time>2026-06-02T08:51:14Z</time>
        <hdop>2.4</hdop>
      </trkpt>
      <trkpt lat="-13.53942" lon="-71.2349167">
        <ele>4943.5</ele>
        <time>2026-06-02T08:51:29Z</time>
        <hdop>2.4</hdop>
        <extensions>
          <osmand:speed>0</osmand:speed>
        </extensions>
      </trkpt>
      <trkpt lat="-13.5394198" lon="-71.234917">
        <ele>4943.5</ele>
        <time>2026-06-02T08:51:44Z</time>
        <hdop>3</hdop>
        <extensions>
          <osmand:speed>0</osmand:speed>
        </extensions>
      </trkpt>
      <trkpt lat="-13.5394202" lon="-71.2349166">
        <ele>4943.5</ele>
        <time>2026-06-02T08:52:00Z</time>
        <hdop>2.9</hdop>
        <extensions>
          <osmand:speed>0</osmand:speed>
        </extensions>
      </trkpt>
      <trkpt lat="-13.53942" lon="-71.2349167">
        <ele>4943.5</ele>
        <time>2026-06-02T08:52:31Z</time>
        <hdop>2.4</hdop>
      </trkpt>
      <trkpt lat="-13.5394201" lon="-71.234917">
        <ele>4943.5</ele>
        <time>2026-06-02T08:52:46Z</time>
        <hdop>2.9</hdop>
        <extensions>
          <osmand:speed>0</osmand:speed>
        </extensions>
      </trkpt>
      <trkpt lat="-13.53942" lon="-71.2349167">
        <ele>4943.5</ele>
        <time>2026-06-02T08:53:09Z</time>
        <hdop>2.4</hdop>
      </trkpt>
      <trkpt lat="-13.5394198" lon="-71.2349169">
        <ele>4943.5</ele>
        <time>2026-06-02T08:53:26Z</time>
        <hdop>3</hdop>
        <extensions>
          <osmand:speed>0</osmand:speed>
        </extensions>
      </trkpt>
      <trkpt lat="-13.53942" lon="-71.2349167">
        <ele>4943.5</ele>
        <time>2026-06-02T08:53:41Z</time>
        <hdop>2.4</hdop>
        <extensions>
          <osmand:speed>0</osmand:speed>
        </extensions>
      </trkpt>
      <trkpt lat="-13.53942" lon="-71.2349167">
        <ele>4943.5</ele>
        <time>2026-06-02T08:53:57Z</time>
        <hdop>2.4</hdop>
        <extensions>
          <osmand:speed>0</osmand:speed>
        </extensions>
      </trkpt>
      <trkpt lat="-13.5394202" lon="-71.2349166">
        <ele>4943.5</ele>
        <time>2026-06-02T08:54:13Z</time>
        <hdop>3</hdop>
        <extensions>
          <osmand:speed>0</osmand:speed>
        </extensions>
      </trkpt>
      <trkpt lat="-13.53942" lon="-71.2349167">
        <ele>4943.5</ele>
        <time>2026-06-02T08:54:50Z</time>
        <hdop>2.4</hdop>
      </trkpt>
      <trkpt lat="-13.53942" lon="-71.234917">
        <ele>4943.5</ele>
        <time>2026-06-02T08:55:05Z</time>
        <hdop>3</hdop>
        <extensions>
          <osmand:speed>0</osmand:speed>
        </extensions>
      </trkpt>
      <trkpt lat="-13.53942" lon="-71.2349167">
        <ele>4943.5</ele>
        <time>2026-06-02T08:55:24Z</time>
        <hdop>2.4</hdop>
      </trkpt>
      <trkpt lat="-13.53942" lon="-71.2349167">
        <ele>4943.5</ele>
        <time>2026-06-02T08:55:40Z</time>
        <hdop>2.4</hdop>
      </trkpt>
      <trkpt lat="-13.53942" lon="-71.2349167">
        <ele>4943.5</ele>
        <time>2026-06-02T08:56:04Z</time>
        <hdop>2.4</hdop>
      </trkpt>
      <trkpt lat="-13.53942" lon="-71.2349167">
        <ele>4943.5</ele>
        <time>2026-06-02T08:56:23Z</time>
        <hdop>2.4</hdop>
      </trkpt>
      <trkpt lat="-13.53942" lon="-71.2349167">
        <ele>4943.5</ele>
        <time>2026-06-02T08:56:43Z</time>
        <hdop>2.4</hdop>
      </trkpt>
      <trkpt lat="-13.5394199" lon="-71.2349163">
        <ele>4943.5</ele>
        <time>2026-06-02T08:57:02Z</time>
        <hdop>3</hdop>
        <extensions>
          <osmand:speed>0</osmand:speed>
        </extensions>
      </trkpt>
      <trkpt lat="-13.53942" lon="-71.2349165">
        <ele>4943.5</ele>
        <time>2026-06-02T08:57:17Z</time>
        <hdop>3</hdop>
        <extensions>
          <osmand:speed>0</osmand:speed>
        </extensions>
      </trkpt>
      <trkpt lat="-13.539415" lon="-71.234887">
        <ele>4937.1</ele>
        <time>2026-06-02T08:57:33Z</time>
        <hdop>3</hdop>
        <extensions>
          <osmand:speed>0.2</osmand:speed>
        </extensions>
      </trkpt>
      <trkpt lat="-13.5394277" lon="-71.2348734">
        <ele>4942.9</ele>
        <time>2026-06-02T08:57:48Z</time>
        <hdop>3</hdop>
        <extensions>
          <osmand:speed>0.1</osmand:speed>
        </extensions>
      </trkpt>
      <trkpt lat="-13.5394296" lon="-71.2348895">
        <ele>4944.1</ele>
        <time>2026-06-02T08:58:04Z</time>
        <hdop>3</hdop>
        <extensions>
          <osmand:speed>0.1</osmand:speed>
        </extensions>
      </trkpt>
      <trkpt lat="-13.5394305" lon="-71.2348895">
        <ele>4944.1</ele>
        <time>2026-06-02T08:58:20Z</time>
        <hdop>3</hdop>
        <extensions>
          <osmand:speed>0.1</osmand:speed>
        </extensions>
      </trkpt>
      <trkpt lat="-13.5394313" lon="-71.2348906">
        <ele>4944.1</ele>
        <time>2026-06-02T08:58:36Z</time>
        <hdop>3</hdop>
        <extensions>
          <osmand:speed>0.1</osmand:speed>
        </extensions>
      </trkpt>
      <trkpt lat="-13.5394316" lon="-71.2348898">
        <ele>4944.1</ele>
        <time>2026-06-02T08:58:52Z</time>
        <hdop>3</hdop>
        <extensions>
          <osmand:speed>0.1</osmand:speed>
        </extensions>
      </trkpt>
      <trkpt lat="-13.5394314" lon="-71.2348908">
        <ele>4944.1</ele>
        <time>2026-06-02T08:59:08Z</time>
        <hdop>3</hdop>
        <extensions>
          <osmand:speed>0.1</osmand:speed>
        </extensions>
      </trkpt>
      <trkpt lat="-13.539431" lon="-71.2348928">
        <ele>4944.1</ele>
        <time>2026-06-02T08:59:24Z</time>
        <hdop>3</hdop>
        <extensions>
          <osmand:speed>0.1</osmand:speed>
        </extensions>
      </trkpt>
      <trkpt lat="-13.5394301" lon="-71.234893">
        <ele>4944.1</ele>
        <time>2026-06-02T08:59:40Z</time>
        <hdop>3</hdop>
        <extensions>
          <osmand:speed>0.1</osmand:speed>
        </extensions>
      </trkpt>
      <trkpt lat="-13.5394287" lon="-71.2348929">
        <ele>4944.1</ele>
        <time>2026-06-02T08:59:56Z</time>
        <hdop>3</hdop>
        <extensions>
          <osmand:speed>0.1</osmand:speed>
        </extensions>
      </trkpt>
      <trkpt lat="-13.5394286" lon="-71.2348918">
        <ele>4944.1</ele>
        <time>2026-06-02T09:00:12Z</time>
        <hdop>3</hdop>
        <extensions>
          <osmand:speed>0.1</osmand:speed>
        </extensions>
      </trkpt>
      <trkpt lat="-13.5394298" lon="-71.2348907">
        <ele>4944.1</ele>
        <time>2026-06-02T09:00:28Z</time>
        <hdop>3</hdop>
        <extensions>
          <osmand:speed>0.1</osmand:speed>
        </extensions>
      </trkpt>
      <trkpt lat="-13.5394307" lon="-71.2348907">
        <ele>4944.1</ele>
        <time>2026-06-02T09:00:44Z</time>
        <hdop>3</hdop>
        <extensions>
          <osmand:speed>0.1</osmand:speed>
        </extensions>
      </trkpt>
      <trkpt lat="-13.5394309" lon="-71.2348932">
        <ele>4944.1</ele>
        <time>2026-06-02T09:01:00Z</time>
        <hdop>3</hdop>
        <extensions>
          <osmand:speed>0.1</osmand:speed>
        </extensions>
      </trkpt>
      <trkpt lat="-13.5394303" lon="-71.2348933">
        <ele>4944.1</ele>
        <time>2026-06-02T09:01:16Z</time>
        <hdop>3</hdop>
        <extensions>
          <osmand:speed>0.1</osmand:speed>
        </extensions>
      </trkpt>
      <trkpt lat="-13.5394299" lon="-71.2348915">
        <ele>4944.1</ele>
        <time>2026-06-02T09:01:32Z</time>
        <hdop>3</hdop>
        <extensions>
          <osmand:speed>0.1</osmand:speed>
        </extensions>
      </trkpt>
      <trkpt lat="-13.5394297" lon="-71.2348931">
        <ele>4944.1</ele>
        <time>2026-06-02T09:01:48Z</time>
        <hdop>3</hdop>
        <extensions>
          <osmand:speed>0.1</osmand:speed>
        </extensions>
      </trkpt>
      <trkpt lat="-13.5394316" lon="-71.2348921">
        <ele>4944.1</ele>
        <time>2026-06-02T09:02:04Z</time>
        <hdop>3</hdop>
        <extensions>
          <osmand:speed>0.1</osmand:speed>
        </extensions>
      </trkpt>
      <trkpt lat="-13.5394309" lon="-71.2348916">
        <ele>4944.1</ele>
        <time>2026-06-02T09:02:20Z</time>
        <hdop>3</hdop>
        <extensions>
          <osmand:speed>0.1</osmand:speed>
        </extensions>
      </trkpt>
      <trkpt lat="-13.5394289" lon="-71.2348918">
        <ele>4944.1</ele>
        <time>2026-06-02T09:02:36Z</time>
        <hdop>3</hdop>
        <extensions>
          <osmand:speed>0.1</osmand:speed>
        </extensions>
      </trkpt>
      <trkpt lat="-13.539429" lon="-71.234893">
        <ele>4944.1</ele>
        <time>2026-06-02T09:02:52Z</time>
        <hdop>3</hdop>
        <extensions>
          <osmand:speed>0.1</osmand:speed>
        </extensions>
      </trkpt>
      <trkpt lat="-13.5394308" lon="-71.2348911">
        <ele>4944.1</ele>
        <time>2026-06-02T09:03:08Z</time>
        <hdop>3</hdop>
        <extensions>
          <osmand:speed>0.1</osmand:speed>
        </extensions>
      </trkpt>
      <trkpt lat="-13.5394304" lon="-71.2348896">
        <ele>4944.1</ele>
        <time>2026-06-02T09:03:23Z</time>
        <hdop>3</hdop>
        <extensions>
          <osmand:speed>0.1</osmand:speed>
        </extensions>
      </trkpt>
      <trkpt lat="-13.5394312" lon="-71.2348904">
        <ele>4944.1</ele>
        <time>2026-06-02T09:03:39Z</time>
        <hdop>3</hdop>
        <extensions>
          <osmand:speed>0.1</osmand:speed>
        </extensions>
      </trkpt>
      <trkpt lat="-13.5394297" lon="-71.2348917">
        <ele>4944.1</ele>
        <time>2026-06-02T09:03:54Z</time>
        <hdop>3</hdop>
        <extensions>
          <osmand:speed>0.1</osmand:speed>
        </extensions>
      </trkpt>
      <trkpt lat="-13.53943" lon="-71.2348917">
        <ele>4944.1</ele>
        <time>2026-06-02T09:04:10Z</time>
        <hdop>2.3</hdop>
      </trkpt>
      <trkpt lat="-13.53943" lon="-71.2348917">
        <ele>4944.1</ele>
        <time>2026-06-02T09:04:26Z</time>
        <hdop>1.5</hdop>
      </trkpt>
      <trkpt lat="-13.53943" lon="-71.2348917">
        <ele>4944.1</ele>
        <time>2026-06-02T09:04:42Z</time>
        <hdop>1.5</hdop>
      </trkpt>
      <trkpt lat="-13.53943" lon="-71.2348917">
        <ele>4944.1</ele>
        <time>2026-06-02T09:04:58Z</time>
        <hdop>1.5</hdop>
      </trkpt>
      <trkpt lat="-13.53943" lon="-71.2348917">
        <ele>4944.1</ele>
        <time>2026-06-02T09:05:14Z</time>
        <hdop>1.4</hdop>
      </trkpt>
      <trkpt lat="-13.53943" lon="-71.2348917">
        <ele>4944.1</ele>
        <time>2026-06-02T09:05:29Z</time>
        <hdop>1.4</hdop>
      </trkpt>
      <trkpt lat="-13.53943" lon="-71.2348917">
        <ele>4944.1</ele>
        <time>2026-06-02T09:05:45Z</time>
        <hdop>1.5</hdop>
      </trkpt>
      <trkpt lat="-13.53943" lon="-71.2348917">
        <ele>4944.1</ele>
        <time>2026-06-02T09:06:01Z</time>
        <hdop>1.4</hdop>
      </trkpt>
      <trkpt lat="-13.53943" lon="-71.2348917">
        <ele>4944.1</ele>
        <time>2026-06-02T09:06:17Z</time>
        <hdop>1.4</hdop>
      </trkpt>
      <trkpt lat="-13.53943" lon="-71.2348917">
        <ele>4944.1</ele>
        <time>2026-06-02T09:06:33Z</time>
        <hdop>1.4</hdop>
      </trkpt>
      <trkpt lat="-13.53943" lon="-71.2348917">
        <ele>4944.1</ele>
        <time>2026-06-02T09:06:49Z</time>
        <hdop>1.4</hdop>
      </trkpt>
      <trkpt lat="-13.53943" lon="-71.2348917">
        <ele>4944.1</ele>
        <time>2026-06-02T09:07:05Z</time>
        <hdop>1.4</hdop>
      </trkpt>
      <trkpt lat="-13.53943" lon="-71.2348917">
        <ele>4944.1</ele>
        <time>2026-06-02T09:07:21Z</time>
        <hdop>1.4</hdop>
      </trkpt>
      <trkpt lat="-13.53943" lon="-71.2348917">
        <ele>4944.1</ele>
        <time>2026-06-02T09:07:37Z</time>
        <hdop>1.4</hdop>
      </trkpt>
      <trkpt lat="-13.53943" lon="-71.2348917">
        <ele>4944.1</ele>
        <time>2026-06-02T09:07:52Z</time>
        <hdop>1.4</hdop>
      </trkpt>
      <trkpt lat="-13.53943" lon="-71.2348917">
        <ele>4944.1</ele>
        <time>2026-06-02T09:08:08Z</time>
        <hdop>1.4</hdop>
      </trkpt>
      <trkpt lat="-13.53943" lon="-71.2348917">
        <ele>4944.1</ele>
        <time>2026-06-02T09:08:24Z</time>
        <hdop>1.3</hdop>
      </trkpt>
      <trkpt lat="-13.53943" lon="-71.2348917">
        <ele>4944.1</ele>
        <time>2026-06-02T09:08:40Z</time>
        <hdop>1.3</hdop>
      </trkpt>
      <trkpt lat="-13.53943" lon="-71.2348917">
        <ele>4944.1</ele>
        <time>2026-06-02T09:08:55Z</time>
        <hdop>1.4</hdop>
      </trkpt>
      <trkpt lat="-13.53943" lon="-71.2348917">
        <ele>4944.1</ele>
        <time>2026-06-02T09:09:11Z</time>
        <hdop>1.4</hdop>
      </trkpt>
      <trkpt lat="-13.53943" lon="-71.2348917">
        <ele>4944.1</ele>
        <time>2026-06-02T09:09:27Z</time>
        <hdop>1.4</hdop>
      </trkpt>
      <trkpt lat="-13.53943" lon="-71.2348917">
        <ele>4944.1</ele>
        <time>2026-06-02T09:09:43Z</time>
        <hdop>1.4</hdop>
      </trkpt>
      <trkpt lat="-13.53943" lon="-71.2348917">
        <ele>4944.1</ele>
        <time>2026-06-02T09:09:59Z</time>
        <hdop>1.4</hdop>
      </trkpt>
      <trkpt lat="-13.53943" lon="-71.2348917">
        <ele>4944.1</ele>
        <time>2026-06-02T09:10:15Z</time>
        <hdop>1.4</hdop>
      </trkpt>
      <trkpt lat="-13.53936" lon="-71.23495">
        <ele>4950.4</ele>
        <time>2026-06-02T09:10:31Z</time>
        <hdop>1.4</hdop>
      </trkpt>
      <trkpt lat="-13.53936" lon="-71.23495">
        <ele>4950.4</ele>
        <time>2026-06-02T09:10:47Z</time>
        <hdop>1.3</hdop>
      </trkpt>
      <trkpt lat="-13.53936" lon="-71.23495">
        <ele>4950.4</ele>
        <time>2026-06-02T09:11:03Z</time>
        <hdop>1.4</hdop>
      </trkpt>
      <trkpt lat="-13.53936" lon="-71.23495">
        <ele>4950.4</ele>
        <time>2026-06-02T09:11:19Z</time>
        <hdop>1.4</hdop>
      </trkpt>
      <trkpt lat="-13.53936" lon="-71.23495">
        <ele>4950.4</ele>
        <time>2026-06-02T09:11:35Z</time>
        <hdop>1.5</hdop>
      </trkpt>
      <trkpt lat="-13.53936" lon="-71.23495">
        <ele>4950.4</ele>
        <time>2026-06-02T09:11:50Z</time>
        <hdop>1.5</hdop>
      </trkpt>
      <trkpt lat="-13.53936" lon="-71.23495">
        <ele>4950.4</ele>
        <time>2026-06-02T09:12:06Z</time>
        <hdop>1.5</hdop>
      </trkpt>
      <trkpt lat="-13.53936" lon="-71.23495">
        <ele>4950.4</ele>
        <time>2026-06-02T09:12:22Z</time>
        <hdop>1.5</hdop>
      </trkpt>
      <trkpt lat="-13.53936" lon="-71.23495">
        <ele>4950.4</ele>
        <time>2026-06-02T09:12:38Z</time>
        <hdop>1.6</hdop>
      </trkpt>
      <trkpt lat="-13.53936" lon="-71.23495">
        <ele>4950.4</ele>
        <time>2026-06-02T09:12:54Z</time>
        <hdop>1.5</hdop>
      </trkpt>
      <trkpt lat="-13.53936" lon="-71.23495">
        <ele>4950.4</ele>
        <time>2026-06-02T09:13:10Z</time>
        <hdop>1.6</hdop>
      </trkpt>
      <trkpt lat="-13.53936" lon="-71.23495">
        <ele>4950.4</ele>
        <time>2026-06-02T09:13:25Z</time>
        <hdop>1.5</hdop>
      </trkpt>
      <trkpt lat="-13.5393117" lon="-71.234865">
        <ele>4953</ele>
        <time>2026-06-02T09:13:41Z</time>
        <hdop>1.5</hdop>
      </trkpt>
      <trkpt lat="-13.539311" lon="-71.2348648">
        <ele>4953</ele>
        <time>2026-06-02T09:13:56Z</time>
        <hdop>3</hdop>
        <extensions>
          <osmand:speed>0.1</osmand:speed>
        </extensions>
      </trkpt>
      <trkpt lat="-13.5393108" lon="-71.2348635">
        <ele>4953</ele>
        <time>2026-06-02T09:14:12Z</time>
        <hdop>3</hdop>
        <extensions>
          <osmand:speed>0.1</osmand:speed>
        </extensions>
      </trkpt>
      <trkpt lat="-13.53931" lon="-71.234865">
        <ele>4953</ele>
        <time>2026-06-02T09:14:28Z</time>
        <hdop>3</hdop>
        <extensions>
          <osmand:speed>0.1</osmand:speed>
        </extensions>
      </trkpt>
      <trkpt lat="-13.5392442" lon="-71.2348286">
        <ele>4954.9</ele>
        <time>2026-06-02T09:14:44Z</time>
        <hdop>3.4</hdop>
        <extensions>
          <osmand:speed>0.1</osmand:speed>
        </extensions>
      </trkpt>
      <trkpt lat="-13.5392269" lon="-71.2348285">
        <ele>4958.1</ele>
        <time>2026-06-02T09:14:59Z</time>
        <hdop>3</hdop>
        <extensions>
          <osmand:speed>0.3</osmand:speed>
        </extensions>
      </trkpt>
      <trkpt lat="-13.539179" lon="-71.234844">
        <ele>4959.6</ele>
        <time>2026-06-02T09:15:14Z</time>
        <hdop>3</hdop>
        <extensions>
          <osmand:speed>0.1</osmand:speed>
        </extensions>
      </trkpt>
      <trkpt lat="-13.5391438" lon="-71.2348474">
        <ele>4960.5</ele>
        <time>2026-06-02T09:15:30Z</time>
        <hdop>3</hdop>
        <extensions>
          <osmand:speed>0.1</osmand:speed>
        </extensions>
      </trkpt>
      <trkpt lat="-13.5390841" lon="-71.2348441">
        <ele>4963.6</ele>
        <time>2026-06-02T09:15:46Z</time>
        <hdop>3</hdop>
        <extensions>
          <osmand:speed>0.1</osmand:speed>
        </extensions>
      </trkpt>
      <trkpt lat="-13.5390828" lon="-71.2348507">
        <ele>4963.6</ele>
        <time>2026-06-02T09:16:02Z</time>
        <hdop>3</hdop>
        <extensions>
          <osmand:speed>0.1</osmand:speed>
        </extensions>
      </trkpt>
      <trkpt lat="-13.539085" lon="-71.23485">
        <ele>4963.6</ele>
        <time>2026-06-02T09:16:17Z</time>
        <hdop>1.5</hdop>
      </trkpt>
      <trkpt lat="-13.5389717" lon="-71.2348417">
        <ele>4969.4</ele>
        <time>2026-06-02T09:16:33Z</time>
        <hdop>1.5</hdop>
        <extensions>
          <osmand:speed>0.4</osmand:speed>
        </extensions>
      </trkpt>
      <trkpt lat="-13.5389033" lon="-71.2348417">
        <ele>4971.1</ele>
        <time>2026-06-02T09:16:49Z</time>
        <hdop>1.5</hdop>
        <extensions>
          <osmand:speed>0.5</osmand:speed>
        </extensions>
      </trkpt>
      <trkpt lat="-13.5389017" lon="-71.2348517">
        <ele>4971.5</ele>
        <time>2026-06-02T09:17:05Z</time>
        <hdop>1.4</hdop>
      </trkpt>
      <trkpt lat="-13.5389017" lon="-71.2348517">
        <ele>4971.5</ele>
        <time>2026-06-02T09:17:21Z</time>
        <hdop>1.4</hdop>
      </trkpt>
      <trkpt lat="-13.53879" lon="-71.2348954">
        <ele>4975.1</ele>
        <time>2026-06-02T09:17:36Z</time>
        <hdop>3</hdop>
        <extensions>
          <osmand:speed>0.5</osmand:speed>
        </extensions>
      </trkpt>
      <trkpt lat="-13.5387455" lon="-71.2349199">
        <ele>4979</ele>
        <time>2026-06-02T09:17:52Z</time>
        <hdop>3</hdop>
        <extensions>
          <osmand:speed>0.1</osmand:speed>
        </extensions>
      </trkpt>
      <trkpt lat="-13.5386914" lon="-71.2349656">
        <ele>4981.8</ele>
        <time>2026-06-02T09:18:07Z</time>
        <hdop>3</hdop>
        <extensions>
          <osmand:speed>0.4</osmand:speed>
        </extensions>
      </trkpt>
      <trkpt lat="-13.5386513" lon="-71.2349828">
        <ele>4983.8</ele>
        <time>2026-06-02T09:18:22Z</time>
        <hdop>3</hdop>
        <extensions>
          <osmand:speed>0.2</osmand:speed>
        </extensions>
      </trkpt>
      <trkpt lat="-13.5385954" lon="-71.2350264">
        <ele>4986.4</ele>
        <time>2026-06-02T09:18:37Z</time>
        <hdop>3</hdop>
        <extensions>
          <osmand:speed>0.5</osmand:speed>
        </extensions>
      </trkpt>
      <trkpt lat="-13.5385372" lon="-71.2350406">
        <ele>4985.2</ele>
        <time>2026-06-02T09:18:53Z</time>
        <hdop>3</hdop>
        <extensions>
          <osmand:speed>0.5</osmand:speed>
        </extensions>
      </trkpt>
      <trkpt lat="-13.5385049" lon="-71.2350975">
        <ele>4987.9</ele>
        <time>2026-06-02T09:19:08Z</time>
        <hdop>3</hdop>
        <extensions>
          <osmand:speed>0.6</osmand:speed>
        </extensions>
      </trkpt>
      <trkpt lat="-13.5384828" lon="-71.235112">
        <ele>4988.5</ele>
        <time>2026-06-02T09:19:23Z</time>
        <hdop>3</hdop>
        <extensions>
          <osmand:speed>0</osmand:speed>
        </extensions>
      </trkpt>
      <trkpt lat="-13.5384246" lon="-71.2351667">
        <ele>4989.9</ele>
        <time>2026-06-02T09:19:39Z</time>
        <hdop>3</hdop>
        <extensions>
          <osmand:speed>0.3</osmand:speed>
        </extensions>
      </trkpt>
      <trkpt lat="-13.5383915" lon="-71.2351989">
        <ele>4991.3</ele>
        <time>2026-06-02T09:19:54Z</time>
        <hdop>3</hdop>
        <extensions>
          <osmand:speed>0.1</osmand:speed>
        </extensions>
      </trkpt>
      <trkpt lat="-13.538367" lon="-71.235241">
        <ele>4992.4</ele>
        <time>2026-06-02T09:20:09Z</time>
        <hdop>3</hdop>
        <extensions>
          <osmand:speed>0.5</osmand:speed>
        </extensions>
      </trkpt>
      <trkpt lat="-13.5383589" lon="-71.2352385">
        <ele>4992</ele>
        <time>2026-06-02T09:20:25Z</time>
        <hdop>3</hdop>
        <extensions>
          <osmand:speed>0.1</osmand:speed>
        </extensions>
      </trkpt>
      <trkpt lat="-13.538347" lon="-71.2352536">
        <ele>4993.1</ele>
        <time>2026-06-02T09:20:40Z</time>
        <hdop>3.1</hdop>
        <extensions>
          <osmand:speed>0.2</osmand:speed>
        </extensions>
      </trkpt>
      <trkpt lat="-13.5382841" lon="-71.23531">
        <ele>4993</ele>
        <time>2026-06-02T09:20:55Z</time>
        <hdop>3</hdop>
        <extensions>
          <osmand:speed>0.1</osmand:speed>
        </extensions>
      </trkpt>
      <trkpt lat="-13.5382833" lon="-71.2353157">
        <ele>4993</ele>
        <time>2026-06-02T09:21:10Z</time>
        <hdop>3</hdop>
        <extensions>
          <osmand:speed>0.2</osmand:speed>
        </extensions>
      </trkpt>
      <trkpt lat="-13.5382844" lon="-71.2353158">
        <ele>4993</ele>
        <time>2026-06-02T09:21:26Z</time>
        <hdop>3</hdop>
        <extensions>
          <osmand:speed>0.1</osmand:speed>
        </extensions>
      </trkpt>
      <trkpt lat="-13.5382838" lon="-71.235317">
        <ele>4993</ele>
        <time>2026-06-02T09:21:41Z</time>
        <hdop>3</hdop>
        <extensions>
          <osmand:speed>0.1</osmand:speed>
        </extensions>
      </trkpt>
      <trkpt lat="-13.5382103" lon="-71.2353904">
        <ele>4998.8</ele>
        <time>2026-06-02T09:21:56Z</time>
        <hdop>3</hdop>
        <extensions>
          <osmand:speed>0.5</osmand:speed>
        </extensions>
      </trkpt>
      <trkpt lat="-13.5381822" lon="-71.2353924">
        <ele>4999.6</ele>
        <time>2026-06-02T09:22:12Z</time>
        <hdop>3</hdop>
        <extensions>
          <osmand:speed>0.1</osmand:speed>
        </extensions>
      </trkpt>
      <trkpt lat="-13.5380789" lon="-71.2354314">
        <ele>5001.5</ele>
        <time>2026-06-02T09:22:27Z</time>
        <hdop>3</hdop>
        <extensions>
          <osmand:speed>0.6</osmand:speed>
        </extensions>
      </trkpt>
      <trkpt lat="-13.5380451" lon="-71.235468">
        <ele>5003.6</ele>
        <time>2026-06-02T09:22:42Z</time>
        <hdop>3</hdop>
        <extensions>
          <osmand:speed>0.5</osmand:speed>
        </extensions>
      </trkpt>
      <trkpt lat="-13.5380071" lon="-71.2354891">
        <ele>5004.9</ele>
        <time>2026-06-02T09:22:58Z</time>
        <hdop>3</hdop>
        <extensions>
          <osmand:speed>0.5</osmand:speed>
        </extensions>
      </trkpt>
      <trkpt lat="-13.5379515" lon="-71.2355072">
        <ele>5007</ele>
        <time>2026-06-02T09:23:13Z</time>
        <hdop>3</hdop>
        <extensions>
          <osmand:speed>0.5</osmand:speed>
        </extensions>
      </trkpt>
      <trkpt lat="-13.5379166" lon="-71.2355315">
        <ele>5009.1</ele>
        <time>2026-06-02T09:23:28Z</time>
        <hdop>3</hdop>
        <extensions>
          <osmand:speed>0.1</osmand:speed>
        </extensions>
      </trkpt>
      <trkpt lat="-13.5379156" lon="-71.2355322">
        <ele>5009.1</ele>
        <time>2026-06-02T09:23:44Z</time>
        <hdop>3</hdop>
        <extensions>
          <osmand:speed>0.1</osmand:speed>
        </extensions>
      </trkpt>
      <trkpt lat="-13.5378255" lon="-71.2355547">
        <ele>5009.4</ele>
        <time>2026-06-02T09:23:59Z</time>
        <hdop>3</hdop>
        <extensions>
          <osmand:speed>0.7</osmand:speed>
        </extensions>
      </trkpt>
      <trkpt lat="-13.5377547" lon="-71.2355855">
        <ele>5010</ele>
        <time>2026-06-02T09:24:14Z</time>
        <hdop>3</hdop>
        <extensions>
          <osmand:speed>0.6</osmand:speed>
        </extensions>
      </trkpt>
      <trkpt lat="-13.5377268" lon="-71.2355996">
        <ele>5012</ele>
        <time>2026-06-02T09:24:30Z</time>
        <hdop>3</hdop>
        <extensions>
          <osmand:speed>0.1</osmand:speed>
        </extensions>
      </trkpt>
      <trkpt lat="-13.5376642" lon="-71.2356296">
        <ele>5012.2</ele>
        <time>2026-06-02T09:24:46Z</time>
        <hdop>3</hdop>
        <extensions>
          <osmand:speed>0.4</osmand:speed>
        </extensions>
      </trkpt>
      <trkpt lat="-13.5376376" lon="-71.2356516">
        <ele>5014.1</ele>
        <time>2026-06-02T09:25:01Z</time>
        <hdop>3</hdop>
        <extensions>
          <osmand:speed>0.1</osmand:speed>
        </extensions>
      </trkpt>
      <trkpt lat="-13.5376373" lon="-71.2356526">
        <ele>5014.1</ele>
        <time>2026-06-02T09:25:17Z</time>
        <hdop>3</hdop>
        <extensions>
          <osmand:speed>0.1</osmand:speed>
        </extensions>
      </trkpt>
      <trkpt lat="-13.5375703" lon="-71.2356812">
        <ele>5017</ele>
        <time>2026-06-02T09:25:33Z</time>
        <hdop>3</hdop>
        <extensions>
          <osmand:speed>0.3</osmand:speed>
        </extensions>
      </trkpt>
      <trkpt lat="-13.5374837" lon="-71.2356916">
        <ele>5016.7</ele>
        <time>2026-06-02T09:25:48Z</time>
        <hdop>3</hdop>
        <extensions>
          <osmand:speed>0.5</osmand:speed>
        </extensions>
      </trkpt>
      <trkpt lat="-13.5374119" lon="-71.2357251">
        <ele>5019.4</ele>
        <time>2026-06-02T09:26:04Z</time>
        <hdop>3</hdop>
        <extensions>
          <osmand:speed>0.3</osmand:speed>
        </extensions>
      </trkpt>
      <trkpt lat="-13.5373717" lon="-71.235755">
        <ele>5019.3</ele>
        <time>2026-06-02T09:26:20Z</time>
        <hdop>2.1</hdop>
        <extensions>
          <osmand:speed>0.5</osmand:speed>
        </extensions>
      </trkpt>
      <trkpt lat="-13.5373" lon="-71.2357633">
        <ele>5021.1</ele>
        <time>2026-06-02T09:26:36Z</time>
        <hdop>1.5</hdop>
        <extensions>
          <osmand:speed>0.5</osmand:speed>
        </extensions>
      </trkpt>
      <trkpt lat="-13.5372267" lon="-71.23577">
        <ele>5021.9</ele>
        <time>2026-06-02T09:26:52Z</time>
        <hdop>1.5</hdop>
        <extensions>
          <osmand:speed>0.4</osmand:speed>
        </extensions>
      </trkpt>
      <trkpt lat="-13.53717" lon="-71.235785">
        <ele>5024</ele>
        <time>2026-06-02T09:27:07Z</time>
        <hdop>1.5</hdop>
      </trkpt>
      <trkpt lat="-13.5371033" lon="-71.2358017">
        <ele>5028.7</ele>
        <time>2026-06-02T09:27:23Z</time>
        <hdop>1.6</hdop>
        <extensions>
          <osmand:speed>0.6</osmand:speed>
        </extensions>
      </trkpt>
      <trkpt lat="-13.5370283" lon="-71.2357917">
        <ele>5030.5</ele>
        <time>2026-06-02T09:27:39Z</time>
        <hdop>1.6</hdop>
        <extensions>
          <osmand:speed>0.6</osmand:speed>
        </extensions>
      </trkpt>
      <trkpt lat="-13.5369667" lon="-71.2358">
        <ele>5032.3</ele>
        <time>2026-06-02T09:27:55Z</time>
        <hdop>1.5</hdop>
        <extensions>
          <osmand:speed>0.4</osmand:speed>
        </extensions>
      </trkpt>
      <trkpt lat="-13.5369567" lon="-71.2358033">
        <ele>5032.3</ele>
        <time>2026-06-02T09:28:10Z</time>
        <hdop>1.5</hdop>
      </trkpt>
      <trkpt lat="-13.5368783" lon="-71.235825">
        <ele>5032.9</ele>
        <time>2026-06-02T09:28:26Z</time>
        <hdop>1.5</hdop>
        <extensions>
          <osmand:speed>0.4</osmand:speed>
        </extensions>
      </trkpt>
      <trkpt lat="-13.5368" lon="-71.235835">
        <ele>5034.1</ele>
        <time>2026-06-02T09:28:41Z</time>
        <hdop>1.6</hdop>
        <extensions>
          <osmand:speed>0.5</osmand:speed>
        </extensions>
      </trkpt>
      <trkpt lat="-13.5367317" lon="-71.2358633">
        <ele>5037</ele>
        <time>2026-06-02T09:28:57Z</time>
        <hdop>1.6</hdop>
        <extensions>
          <osmand:speed>0.5</osmand:speed>
        </extensions>
      </trkpt>
      <trkpt lat="-13.5367133" lon="-71.235855">
        <ele>5038.7</ele>
        <time>2026-06-02T09:29:12Z</time>
        <hdop>1.6</hdop>
      </trkpt>
      <trkpt lat="-13.53667" lon="-71.235875">
        <ele>5037.2</ele>
        <time>2026-06-02T09:29:28Z</time>
        <hdop>1.5</hdop>
        <extensions>
          <osmand:speed>0.4</osmand:speed>
        </extensions>
      </trkpt>
      <trkpt lat="-13.536605" lon="-71.235885">
        <ele>5041.5</ele>
        <time>2026-06-02T09:29:44Z</time>
        <hdop>1.6</hdop>
        <extensions>
          <osmand:speed>0.5</osmand:speed>
        </extensions>
      </trkpt>
      <trkpt lat="-13.5365633" lon="-71.235885">
        <ele>5042.8</ele>
        <time>2026-06-02T09:30:00Z</time>
        <hdop>1.7</hdop>
      </trkpt>
      <trkpt lat="-13.5364917" lon="-71.23591">
        <ele>5042.3</ele>
        <time>2026-06-02T09:30:16Z</time>
        <hdop>1.6</hdop>
        <extensions>
          <osmand:speed>0.5</osmand:speed>
        </extensions>
      </trkpt>
      <trkpt lat="-13.5364117" lon="-71.235905">
        <ele>5041.7</ele>
        <time>2026-06-02T09:30:32Z</time>
        <hdop>1.6</hdop>
        <extensions>
          <osmand:speed>0.5</osmand:speed>
        </extensions>
      </trkpt>
      <trkpt lat="-13.5363367" lon="-71.2359117">
        <ele>5041.5</ele>
        <time>2026-06-02T09:30:47Z</time>
        <hdop>1.6</hdop>
        <extensions>
          <osmand:speed>0.5</osmand:speed>
        </extensions>
      </trkpt>
      <trkpt lat="-13.5362719" lon="-71.2359141">
        <ele>5042.5</ele>
        <time>2026-06-02T09:31:02Z</time>
        <hdop>3</hdop>
        <extensions>
          <osmand:speed>0.1</osmand:speed>
        </extensions>
      </trkpt>
      <trkpt lat="-13.5362464" lon="-71.2359141">
        <ele>5042.8</ele>
        <time>2026-06-02T09:31:17Z</time>
        <hdop>3</hdop>
        <extensions>
          <osmand:speed>0.1</osmand:speed>
        </extensions>
      </trkpt>
      <trkpt lat="-13.5362471" lon="-71.2359135">
        <ele>5042.8</ele>
        <time>2026-06-02T09:31:32Z</time>
        <hdop>3</hdop>
        <extensions>
          <osmand:speed>0.1</osmand:speed>
        </extensions>
      </trkpt>
      <trkpt lat="-13.5362466" lon="-71.2359133">
        <ele>5042.8</ele>
        <time>2026-06-02T09:31:48Z</time>
        <hdop>3</hdop>
        <extensions>
          <osmand:speed>0.1</osmand:speed>
        </extensions>
      </trkpt>
      <trkpt lat="-13.5362462" lon="-71.2359143">
        <ele>5042.8</ele>
        <time>2026-06-02T09:32:04Z</time>
        <hdop>3</hdop>
        <extensions>
          <osmand:speed>0.1</osmand:speed>
        </extensions>
      </trkpt>
      <trkpt lat="-13.536199" lon="-71.2359028">
        <ele>5045.3</ele>
        <time>2026-06-02T09:32:20Z</time>
        <hdop>3</hdop>
        <extensions>
          <osmand:speed>0.1</osmand:speed>
        </extensions>
      </trkpt>
      <trkpt lat="-13.5361943" lon="-71.2358996">
        <ele>5045.3</ele>
        <time>2026-06-02T09:32:36Z</time>
        <hdop>3</hdop>
        <extensions>
          <osmand:speed>0.1</osmand:speed>
        </extensions>
      </trkpt>
      <trkpt lat="-13.5361606" lon="-71.2359805">
        <ele>5050.7</ele>
        <time>2026-06-02T09:32:52Z</time>
        <hdop>3.1</hdop>
        <extensions>
          <osmand:speed>0.1</osmand:speed>
        </extensions>
      </trkpt>
      <trkpt lat="-13.536157" lon="-71.2359927">
        <ele>5050.7</ele>
        <time>2026-06-02T09:33:07Z</time>
        <hdop>3</hdop>
        <extensions>
          <osmand:speed>0.1</osmand:speed>
        </extensions>
      </trkpt>
      <trkpt lat="-13.5361461" lon="-71.2360491">
        <ele>5051.8</ele>
        <time>2026-06-02T09:33:23Z</time>
        <hdop>3</hdop>
        <extensions>
          <osmand:speed>0.1</osmand:speed>
        </extensions>
      </trkpt>
      <trkpt lat="-13.5361449" lon="-71.2360467">
        <ele>5050.2</ele>
        <time>2026-06-02T09:33:39Z</time>
        <hdop>3</hdop>
        <extensions>
          <osmand:speed>0.1</osmand:speed>
        </extensions>
      </trkpt>
      <trkpt lat="-13.5361751" lon="-71.2359545">
        <ele>5050.1</ele>
        <time>2026-06-02T09:33:55Z</time>
        <hdop>3</hdop>
        <extensions>
          <osmand:speed>0.1</osmand:speed>
        </extensions>
      </trkpt>
      <trkpt lat="-13.5361758" lon="-71.2359537">
        <ele>5050.1</ele>
        <time>2026-06-02T09:34:11Z</time>
        <hdop>3</hdop>
        <extensions>
          <osmand:speed>0.1</osmand:speed>
        </extensions>
      </trkpt>
      <trkpt lat="-13.5361745" lon="-71.2359544">
        <ele>5050.1</ele>
        <time>2026-06-02T09:34:27Z</time>
        <hdop>3</hdop>
        <extensions>
          <osmand:speed>0.1</osmand:speed>
        </extensions>
      </trkpt>
      <trkpt lat="-13.5361741" lon="-71.2359549">
        <ele>5050.1</ele>
        <time>2026-06-02T09:34:42Z</time>
        <hdop>3</hdop>
        <extensions>
          <osmand:speed>0.1</osmand:speed>
        </extensions>
      </trkpt>
      <trkpt lat="-13.5361733" lon="-71.2359547">
        <ele>5050.1</ele>
        <time>2026-06-02T09:34:58Z</time>
        <hdop>3</hdop>
        <extensions>
          <osmand:speed>0.1</osmand:speed>
        </extensions>
      </trkpt>
      <trkpt lat="-13.5360967" lon="-71.2359653">
        <ele>5053.4</ele>
        <time>2026-06-02T09:35:13Z</time>
        <hdop>3</hdop>
        <extensions>
          <osmand:speed>0.1</osmand:speed>
        </extensions>
      </trkpt>
      <trkpt lat="-13.5360943" lon="-71.2359675">
        <ele>5053.4</ele>
        <time>2026-06-02T09:35:28Z</time>
        <hdop>3</hdop>
        <extensions>
          <osmand:speed>0.1</osmand:speed>
        </extensions>
      </trkpt>
      <trkpt lat="-13.5360974" lon="-71.2359645">
        <ele>5053.4</ele>
        <time>2026-06-02T09:35:44Z</time>
        <hdop>3</hdop>
        <extensions>
          <osmand:speed>0.1</osmand:speed>
        </extensions>
      </trkpt>
      <trkpt lat="-13.536099" lon="-71.235964">
        <ele>5053.4</ele>
        <time>2026-06-02T09:36:00Z</time>
        <hdop>3</hdop>
        <extensions>
          <osmand:speed>0.1</osmand:speed>
        </extensions>
      </trkpt>
      <trkpt lat="-13.5360989" lon="-71.2359624">
        <ele>5053.4</ele>
        <time>2026-06-02T09:36:16Z</time>
        <hdop>3</hdop>
        <extensions>
          <osmand:speed>0.1</osmand:speed>
        </extensions>
      </trkpt>
    </trkseg>
  </trk>
</gpx>