<?xml version='1.0' encoding='UTF-8' standalone='yes' ?>
<gpx version="1.1" creator="OsmAnd 5.3.10" xmlns="http://www.topografix.com/GPX/1/1" xmlns:osmand="https://osmand.net/docs/technical/osmand-file-formats/osmand-gpx" xmlns:gpxtpx="https://www8.garmin.com/xmlschemas/TrackPointExtensionv1.xsd" xmlns:xsi="http://www.w3.org/2001/XMLSchema-instance" xsi:schemaLocation="http://www.topografix.com/GPX/1/1 https://www.topografix.com/GPX/1/1/gpx.xsd">
  <metadata>
    <name>2026-06-02_10-56_Tue santuario wataskama</name>
  </metadata>
  <trk>
    <trkseg>
      <trkpt lat="-13.5471396" lon="-71.2366352">
        <ele>4700.1</ele>
        <time>2026-06-02T15:56:47Z</time>
        <hdop>6.3</hdop>
        <extensions>
          <osmand:speed>0.5</osmand:speed>
        </extensions>
      </trkpt>
      <trkpt lat="-13.5471405" lon="-71.2366316">
        <ele>4686.1</ele>
        <time>2026-06-02T15:57:02Z</time>
        <hdop>3</hdop>
        <extensions>
          <osmand:speed>0.1</osmand:speed>
        </extensions>
      </trkpt>
      <trkpt lat="-13.5471294" lon="-71.2366494">
        <ele>4686.1</ele>
        <time>2026-06-02T15:57:17Z</time>
        <hdop>3</hdop>
        <extensions>
          <osmand:speed>0.1</osmand:speed>
        </extensions>
      </trkpt>
      <trkpt lat="-13.5471228" lon="-71.236657">
        <ele>4687.8</ele>
        <time>2026-06-02T15:57:33Z</time>
        <hdop>3</hdop>
        <extensions>
          <osmand:speed>0</osmand:speed>
        </extensions>
      </trkpt>
      <trkpt lat="-13.547122" lon="-71.2366579">
        <ele>4687.8</ele>
        <time>2026-06-02T15:57:49Z</time>
        <hdop>3</hdop>
        <extensions>
          <osmand:speed>0.1</osmand:speed>
        </extensions>
      </trkpt>
      <trkpt lat="-13.5470901" lon="-71.2365917">
        <ele>4684.8</ele>
        <time>2026-06-02T15:58:04Z</time>
        <hdop>3.3</hdop>
        <extensions>
          <osmand:speed>0.8</osmand:speed>
        </extensions>
      </trkpt>
      <trkpt lat="-13.5470776" lon="-71.2365918">
        <ele>4683.1</ele>
        <time>2026-06-02T15:58:20Z</time>
        <hdop>3</hdop>
        <extensions>
          <osmand:speed>0.1</osmand:speed>
        </extensions>
      </trkpt>
      <trkpt lat="-13.5470772" lon="-71.2365938">
        <ele>4683.1</ele>
        <time>2026-06-02T15:58:36Z</time>
        <hdop>3</hdop>
        <extensions>
          <osmand:speed>0.1</osmand:speed>
        </extensions>
      </trkpt>
      <trkpt lat="-13.547109" lon="-71.2365754">
        <ele>4691.7</ele>
        <time>2026-06-02T15:58:51Z</time>
        <hdop>3</hdop>
        <extensions>
          <osmand:speed>0.1</osmand:speed>
        </extensions>
      </trkpt>
      <trkpt lat="-13.5471498" lon="-71.2366422">
        <ele>4690.1</ele>
        <time>2026-06-02T15:59:07Z</time>
        <hdop>3</hdop>
        <extensions>
          <osmand:speed>0.3</osmand:speed>
        </extensions>
      </trkpt>
      <trkpt lat="-13.5471466" lon="-71.2366438">
        <ele>4689.9</ele>
        <time>2026-06-02T15:59:22Z</time>
        <hdop>3</hdop>
        <extensions>
          <osmand:speed>0</osmand:speed>
        </extensions>
      </trkpt>
      <trkpt lat="-13.5471464" lon="-71.2366448">
        <ele>4689.9</ele>
        <time>2026-06-02T15:59:38Z</time>
        <hdop>3</hdop>
        <extensions>
          <osmand:speed>0</osmand:speed>
        </extensions>
      </trkpt>
      <trkpt lat="-13.5471475" lon="-71.2366423">
        <ele>4689.9</ele>
        <time>2026-06-02T15:59:54Z</time>
        <hdop>3</hdop>
        <extensions>
          <osmand:speed>0.1</osmand:speed>
        </extensions>
      </trkpt>
      <trkpt lat="-13.5471464" lon="-71.236644">
        <ele>4689.9</ele>
        <time>2026-06-02T16:00:09Z</time>
        <hdop>3</hdop>
        <extensions>
          <osmand:speed>0</osmand:speed>
        </extensions>
      </trkpt>
      <trkpt lat="-13.5471461" lon="-71.2366447">
        <ele>4689.9</ele>
        <time>2026-06-02T16:00:24Z</time>
        <hdop>3</hdop>
        <extensions>
          <osmand:speed>0</osmand:speed>
        </extensions>
      </trkpt>
      <trkpt lat="-13.5471466" lon="-71.236645">
        <ele>4689.9</ele>
        <time>2026-06-02T16:00:40Z</time>
        <hdop>3</hdop>
        <extensions>
          <osmand:speed>0</osmand:speed>
        </extensions>
      </trkpt>
      <trkpt lat="-13.5471466" lon="-71.2366447">
        <ele>4689.9</ele>
        <time>2026-06-02T16:00:56Z</time>
        <hdop>3</hdop>
        <extensions>
          <osmand:speed>0.1</osmand:speed>
        </extensions>
      </trkpt>
      <trkpt lat="-13.5471465" lon="-71.2366447">
        <ele>4689.9</ele>
        <time>2026-06-02T16:01:11Z</time>
        <hdop>3</hdop>
        <extensions>
          <osmand:speed>0</osmand:speed>
        </extensions>
      </trkpt>
      <trkpt lat="-13.5471467" lon="-71.236645">
        <ele>4689.9</ele>
        <time>2026-06-02T16:01:27Z</time>
        <hdop>2.2</hdop>
      </trkpt>
      <trkpt lat="-13.5471467" lon="-71.236645">
        <ele>4689.9</ele>
        <time>2026-06-02T16:01:43Z</time>
        <hdop>1.9</hdop>
      </trkpt>
      <trkpt lat="-13.5471467" lon="-71.236645">
        <ele>4689.9</ele>
        <time>2026-06-02T16:01:59Z</time>
        <hdop>1.8</hdop>
      </trkpt>
      <trkpt lat="-13.5471467" lon="-71.236645">
        <ele>4689.9</ele>
        <time>2026-06-02T16:02:15Z</time>
        <hdop>2</hdop>
      </trkpt>
      <trkpt lat="-13.5471467" lon="-71.236645">
        <ele>4689.9</ele>
        <time>2026-06-02T16:02:31Z</time>
        <hdop>1.8</hdop>
      </trkpt>
      <trkpt lat="-13.5471467" lon="-71.236645">
        <ele>4689.9</ele>
        <time>2026-06-02T16:02:46Z</time>
        <hdop>1.9</hdop>
      </trkpt>
      <trkpt lat="-13.5471467" lon="-71.236645">
        <ele>4689.9</ele>
        <time>2026-06-02T16:03:02Z</time>
        <hdop>1.9</hdop>
      </trkpt>
      <trkpt lat="-13.5471467" lon="-71.236645">
        <ele>4689.9</ele>
        <time>2026-06-02T16:03:18Z</time>
        <hdop>1.8</hdop>
      </trkpt>
      <trkpt lat="-13.5471467" lon="-71.236645">
        <ele>4689.9</ele>
        <time>2026-06-02T16:03:33Z</time>
        <hdop>1.7</hdop>
      </trkpt>
      <trkpt lat="-13.5471467" lon="-71.236645">
        <ele>4689.9</ele>
        <time>2026-06-02T16:03:49Z</time>
        <hdop>1.6</hdop>
      </trkpt>
      <trkpt lat="-13.5471467" lon="-71.236645">
        <ele>4689.9</ele>
        <time>2026-06-02T16:04:04Z</time>
        <hdop>1.8</hdop>
      </trkpt>
      <trkpt lat="-13.5471433" lon="-71.2366517">
        <ele>4681.8</ele>
        <time>2026-06-02T16:04:20Z</time>
        <hdop>1.7</hdop>
      </trkpt>
      <trkpt lat="-13.547055" lon="-71.2365883">
        <ele>4679.6</ele>
        <time>2026-06-02T16:04:36Z</time>
        <hdop>1.8</hdop>
        <extensions>
          <osmand:speed>0.4</osmand:speed>
        </extensions>
      </trkpt>
      <trkpt lat="-13.5469483" lon="-71.2365383">
        <ele>4679.4</ele>
        <time>2026-06-02T16:04:52Z</time>
        <hdop>1.8</hdop>
        <extensions>
          <osmand:speed>0.7</osmand:speed>
        </extensions>
      </trkpt>
      <trkpt lat="-13.5468788" lon="-71.2365472">
        <ele>4679.9</ele>
        <time>2026-06-02T16:05:07Z</time>
        <hdop>3</hdop>
        <extensions>
          <osmand:speed>0.7</osmand:speed>
        </extensions>
      </trkpt>
      <trkpt lat="-13.5467684" lon="-71.2365967">
        <ele>4684.4</ele>
        <time>2026-06-02T16:05:22Z</time>
        <hdop>3</hdop>
        <extensions>
          <osmand:speed>1</osmand:speed>
        </extensions>
      </trkpt>
      <trkpt lat="-13.5466541" lon="-71.2366703">
        <ele>4680.6</ele>
        <time>2026-06-02T16:05:37Z</time>
        <hdop>3</hdop>
        <extensions>
          <osmand:speed>0.9</osmand:speed>
        </extensions>
      </trkpt>
      <trkpt lat="-13.54652" lon="-71.2367329">
        <ele>4677.3</ele>
        <time>2026-06-02T16:05:53Z</time>
        <hdop>3</hdop>
        <extensions>
          <osmand:speed>1</osmand:speed>
        </extensions>
      </trkpt>
      <trkpt lat="-13.5464112" lon="-71.2367934">
        <ele>4674.5</ele>
        <time>2026-06-02T16:06:08Z</time>
        <hdop>3</hdop>
        <extensions>
          <osmand:speed>0.9</osmand:speed>
        </extensions>
      </trkpt>
      <trkpt lat="-13.5464217" lon="-71.2369122">
        <ele>4683.4</ele>
        <time>2026-06-02T16:06:24Z</time>
        <hdop>3</hdop>
        <extensions>
          <osmand:speed>1.1</osmand:speed>
        </extensions>
      </trkpt>
      <trkpt lat="-13.5465258" lon="-71.237051">
        <ele>4687.9</ele>
        <time>2026-06-02T16:06:39Z</time>
        <hdop>3</hdop>
        <extensions>
          <osmand:speed>1.2</osmand:speed>
        </extensions>
      </trkpt>
      <trkpt lat="-13.546602" lon="-71.2371736">
        <ele>4688.3</ele>
        <time>2026-06-02T16:06:54Z</time>
        <hdop>3</hdop>
        <extensions>
          <osmand:speed>0.9</osmand:speed>
        </extensions>
      </trkpt>
      <trkpt lat="-13.5466874" lon="-71.2372697">
        <ele>4685.4</ele>
        <time>2026-06-02T16:07:09Z</time>
        <hdop>3</hdop>
        <extensions>
          <osmand:speed>1.1</osmand:speed>
        </extensions>
      </trkpt>
      <trkpt lat="-13.5467413" lon="-71.2373921">
        <ele>4686.7</ele>
        <time>2026-06-02T16:07:24Z</time>
        <hdop>3</hdop>
        <extensions>
          <osmand:speed>1</osmand:speed>
        </extensions>
      </trkpt>
      <trkpt lat="-13.5468212" lon="-71.2374885">
        <ele>4684.3</ele>
        <time>2026-06-02T16:07:40Z</time>
        <hdop>3</hdop>
        <extensions>
          <osmand:speed>1</osmand:speed>
        </extensions>
      </trkpt>
      <trkpt lat="-13.546903" lon="-71.2376009">
        <ele>4683.9</ele>
        <time>2026-06-02T16:07:55Z</time>
        <hdop>3</hdop>
        <extensions>
          <osmand:speed>1</osmand:speed>
        </extensions>
      </trkpt>
      <trkpt lat="-13.5469813" lon="-71.2377256">
        <ele>4685.4</ele>
        <time>2026-06-02T16:08:10Z</time>
        <hdop>3</hdop>
        <extensions>
          <osmand:speed>0.8</osmand:speed>
        </extensions>
      </trkpt>
      <trkpt lat="-13.5471073" lon="-71.237779">
        <ele>4685.9</ele>
        <time>2026-06-02T16:08:25Z</time>
        <hdop>3</hdop>
        <extensions>
          <osmand:speed>0.9</osmand:speed>
        </extensions>
      </trkpt>
      <trkpt lat="-13.5472283" lon="-71.2378077">
        <ele>4682.3</ele>
        <time>2026-06-02T16:08:41Z</time>
        <hdop>3</hdop>
        <extensions>
          <osmand:speed>0.8</osmand:speed>
        </extensions>
      </trkpt>
      <trkpt lat="-13.5473229" lon="-71.2378343">
        <ele>4679.2</ele>
        <time>2026-06-02T16:08:56Z</time>
        <hdop>3</hdop>
        <extensions>
          <osmand:speed>0.6</osmand:speed>
        </extensions>
      </trkpt>
      <trkpt lat="-13.5474626" lon="-71.237866">
        <ele>4677.2</ele>
        <time>2026-06-02T16:09:11Z</time>
        <hdop>3</hdop>
        <extensions>
          <osmand:speed>1.1</osmand:speed>
        </extensions>
      </trkpt>
      <trkpt lat="-13.5475944" lon="-71.2379038">
        <ele>4675.9</ele>
        <time>2026-06-02T16:09:27Z</time>
        <hdop>3</hdop>
        <extensions>
          <osmand:speed>1.1</osmand:speed>
        </extensions>
      </trkpt>
      <trkpt lat="-13.5477497" lon="-71.2379428">
        <ele>4676.3</ele>
        <time>2026-06-02T16:09:42Z</time>
        <hdop>3</hdop>
        <extensions>
          <osmand:speed>1.1</osmand:speed>
        </extensions>
      </trkpt>
      <trkpt lat="-13.5478781" lon="-71.2379521">
        <ele>4674.1</ele>
        <time>2026-06-02T16:09:57Z</time>
        <hdop>3</hdop>
        <extensions>
          <osmand:speed>0.9</osmand:speed>
        </extensions>
      </trkpt>
      <trkpt lat="-13.5479963" lon="-71.23799">
        <ele>4673.8</ele>
        <time>2026-06-02T16:10:12Z</time>
        <hdop>3</hdop>
        <extensions>
          <osmand:speed>0.9</osmand:speed>
        </extensions>
      </trkpt>
      <trkpt lat="-13.5481037" lon="-71.2380093">
        <ele>4672.6</ele>
        <time>2026-06-02T16:10:28Z</time>
        <hdop>3</hdop>
        <extensions>
          <osmand:speed>0.9</osmand:speed>
        </extensions>
      </trkpt>
      <trkpt lat="-13.5481939" lon="-71.2380507">
        <ele>4670.8</ele>
        <time>2026-06-02T16:10:43Z</time>
        <hdop>3</hdop>
        <extensions>
          <osmand:speed>1</osmand:speed>
        </extensions>
      </trkpt>
      <trkpt lat="-13.5483211" lon="-71.238069">
        <ele>4668.5</ele>
        <time>2026-06-02T16:10:58Z</time>
        <hdop>3</hdop>
        <extensions>
          <osmand:speed>0.9</osmand:speed>
        </extensions>
      </trkpt>
      <trkpt lat="-13.5484113" lon="-71.2380918">
        <ele>4665.6</ele>
        <time>2026-06-02T16:11:14Z</time>
        <hdop>3</hdop>
        <extensions>
          <osmand:speed>0.5</osmand:speed>
        </extensions>
      </trkpt>
      <trkpt lat="-13.5484636" lon="-71.2381539">
        <ele>4667.6</ele>
        <time>2026-06-02T16:11:29Z</time>
        <hdop>3</hdop>
        <extensions>
          <osmand:speed>0.8</osmand:speed>
        </extensions>
      </trkpt>
      <trkpt lat="-13.5485162" lon="-71.2382477">
        <ele>4669.4</ele>
        <time>2026-06-02T16:11:44Z</time>
        <hdop>3</hdop>
        <extensions>
          <osmand:speed>0.9</osmand:speed>
        </extensions>
      </trkpt>
      <trkpt lat="-13.5485642" lon="-71.2383593">
        <ele>4671.2</ele>
        <time>2026-06-02T16:12:00Z</time>
        <hdop>3</hdop>
        <extensions>
          <osmand:speed>0.8</osmand:speed>
        </extensions>
      </trkpt>
      <trkpt lat="-13.5486303" lon="-71.2384506">
        <ele>4671.8</ele>
        <time>2026-06-02T16:12:15Z</time>
        <hdop>3</hdop>
        <extensions>
          <osmand:speed>0.8</osmand:speed>
        </extensions>
      </trkpt>
      <trkpt lat="-13.548689" lon="-71.2385592">
        <ele>4674</ele>
        <time>2026-06-02T16:12:30Z</time>
        <hdop>3</hdop>
        <extensions>
          <osmand:speed>0.9</osmand:speed>
        </extensions>
      </trkpt>
      <trkpt lat="-13.5487434" lon="-71.238695">
        <ele>4674.2</ele>
        <time>2026-06-02T16:12:46Z</time>
        <hdop>3</hdop>
        <extensions>
          <osmand:speed>1</osmand:speed>
        </extensions>
      </trkpt>
      <trkpt lat="-13.5488479" lon="-71.2388012">
        <ele>4673.2</ele>
        <time>2026-06-02T16:13:01Z</time>
        <hdop>3</hdop>
        <extensions>
          <osmand:speed>1</osmand:speed>
        </extensions>
      </trkpt>
      <trkpt lat="-13.5489463" lon="-71.2388953">
        <ele>4673.5</ele>
        <time>2026-06-02T16:13:16Z</time>
        <hdop>3</hdop>
        <extensions>
          <osmand:speed>0.9</osmand:speed>
        </extensions>
      </trkpt>
      <trkpt lat="-13.5489856" lon="-71.2389312">
        <ele>4672.6</ele>
        <time>2026-06-02T16:13:31Z</time>
        <hdop>3</hdop>
        <extensions>
          <osmand:speed>0.2</osmand:speed>
        </extensions>
      </trkpt>
      <trkpt lat="-13.5490843" lon="-71.239027">
        <ele>4672.8</ele>
        <time>2026-06-02T16:13:46Z</time>
        <hdop>3</hdop>
        <extensions>
          <osmand:speed>0.9</osmand:speed>
        </extensions>
      </trkpt>
      <trkpt lat="-13.5491322" lon="-71.2391649">
        <ele>4669.5</ele>
        <time>2026-06-02T16:14:02Z</time>
        <hdop>3</hdop>
        <extensions>
          <osmand:speed>1</osmand:speed>
        </extensions>
      </trkpt>
      <trkpt lat="-13.549182" lon="-71.2393147">
        <ele>4669</ele>
        <time>2026-06-02T16:14:17Z</time>
        <hdop>3</hdop>
        <extensions>
          <osmand:speed>1</osmand:speed>
        </extensions>
      </trkpt>
      <trkpt lat="-13.549202" lon="-71.2394541">
        <ele>4665.9</ele>
        <time>2026-06-02T16:14:32Z</time>
        <hdop>3</hdop>
        <extensions>
          <osmand:speed>0.9</osmand:speed>
        </extensions>
      </trkpt>
      <trkpt lat="-13.5492509" lon="-71.2395412">
        <ele>4666.4</ele>
        <time>2026-06-02T16:14:47Z</time>
        <hdop>3</hdop>
        <extensions>
          <osmand:speed>0.6</osmand:speed>
        </extensions>
      </trkpt>
      <trkpt lat="-13.5492636" lon="-71.2395944">
        <ele>4666.8</ele>
        <time>2026-06-02T16:15:03Z</time>
        <hdop>3</hdop>
        <extensions>
          <osmand:speed>0.4</osmand:speed>
        </extensions>
      </trkpt>
      <trkpt lat="-13.5493628" lon="-71.2397364">
        <ele>4665.9</ele>
        <time>2026-06-02T16:15:18Z</time>
        <hdop>3</hdop>
        <extensions>
          <osmand:speed>1.1</osmand:speed>
        </extensions>
      </trkpt>
      <trkpt lat="-13.5494432" lon="-71.2398564">
        <ele>4664.8</ele>
        <time>2026-06-02T16:15:33Z</time>
        <hdop>3</hdop>
        <extensions>
          <osmand:speed>1</osmand:speed>
        </extensions>
      </trkpt>
      <trkpt lat="-13.5495384" lon="-71.2399839">
        <ele>4663.8</ele>
        <time>2026-06-02T16:15:48Z</time>
        <hdop>3</hdop>
        <extensions>
          <osmand:speed>0.9</osmand:speed>
        </extensions>
      </trkpt>
      <trkpt lat="-13.5496246" lon="-71.2400362">
        <ele>4664.9</ele>
        <time>2026-06-02T16:16:04Z</time>
        <hdop>3</hdop>
        <extensions>
          <osmand:speed>0.6</osmand:speed>
        </extensions>
      </trkpt>
      <trkpt lat="-13.5496468" lon="-71.2400773">
        <ele>4665</ele>
        <time>2026-06-02T16:16:19Z</time>
        <hdop>3</hdop>
        <extensions>
          <osmand:speed>0.2</osmand:speed>
        </extensions>
      </trkpt>
      <trkpt lat="-13.5496985" lon="-71.2401355">
        <ele>4665.7</ele>
        <time>2026-06-02T16:16:34Z</time>
        <hdop>3</hdop>
        <extensions>
          <osmand:speed>0.1</osmand:speed>
        </extensions>
      </trkpt>
      <trkpt lat="-13.5497053" lon="-71.240168">
        <ele>4665.7</ele>
        <time>2026-06-02T16:16:49Z</time>
        <hdop>3</hdop>
        <extensions>
          <osmand:speed>0.1</osmand:speed>
        </extensions>
      </trkpt>
      <trkpt lat="-13.5497204" lon="-71.2403041">
        <ele>4664.5</ele>
        <time>2026-06-02T16:17:04Z</time>
        <hdop>3</hdop>
        <extensions>
          <osmand:speed>1</osmand:speed>
        </extensions>
      </trkpt>
      <trkpt lat="-13.5497975" lon="-71.2404168">
        <ele>4664.3</ele>
        <time>2026-06-02T16:17:19Z</time>
        <hdop>3</hdop>
        <extensions>
          <osmand:speed>1.1</osmand:speed>
        </extensions>
      </trkpt>
      <trkpt lat="-13.5499011" lon="-71.2405385">
        <ele>4662.8</ele>
        <time>2026-06-02T16:17:35Z</time>
        <hdop>3</hdop>
        <extensions>
          <osmand:speed>1.2</osmand:speed>
        </extensions>
      </trkpt>
      <trkpt lat="-13.5499741" lon="-71.2406712">
        <ele>4662.4</ele>
        <time>2026-06-02T16:17:50Z</time>
        <hdop>3</hdop>
        <extensions>
          <osmand:speed>1.1</osmand:speed>
        </extensions>
      </trkpt>
      <trkpt lat="-13.5500487" lon="-71.2407895">
        <ele>4661.5</ele>
        <time>2026-06-02T16:18:05Z</time>
        <hdop>3</hdop>
        <extensions>
          <osmand:speed>1</osmand:speed>
        </extensions>
      </trkpt>
      <trkpt lat="-13.5501284" lon="-71.2409293">
        <ele>4661.6</ele>
        <time>2026-06-02T16:18:21Z</time>
        <hdop>3</hdop>
        <extensions>
          <osmand:speed>1.1</osmand:speed>
        </extensions>
      </trkpt>
      <trkpt lat="-13.5501753" lon="-71.2410667">
        <ele>4659.8</ele>
        <time>2026-06-02T16:18:36Z</time>
        <hdop>3</hdop>
        <extensions>
          <osmand:speed>0.9</osmand:speed>
        </extensions>
      </trkpt>
      <trkpt lat="-13.5502329" lon="-71.2411633">
        <ele>4660.9</ele>
        <time>2026-06-02T16:18:51Z</time>
        <hdop>3</hdop>
        <extensions>
          <osmand:speed>0.6</osmand:speed>
        </extensions>
      </trkpt>
      <trkpt lat="-13.5503044" lon="-71.2412471">
        <ele>4661.6</ele>
        <time>2026-06-02T16:19:06Z</time>
        <hdop>3</hdop>
        <extensions>
          <osmand:speed>0.8</osmand:speed>
        </extensions>
      </trkpt>
      <trkpt lat="-13.5504305" lon="-71.2413278">
        <ele>4665.6</ele>
        <time>2026-06-02T16:19:21Z</time>
        <hdop>3</hdop>
        <extensions>
          <osmand:speed>1.1</osmand:speed>
        </extensions>
      </trkpt>
      <trkpt lat="-13.5505872" lon="-71.2413838">
        <ele>4666.9</ele>
        <time>2026-06-02T16:19:37Z</time>
        <hdop>3</hdop>
        <extensions>
          <osmand:speed>1.1</osmand:speed>
        </extensions>
      </trkpt>
      <trkpt lat="-13.5507282" lon="-71.2413948">
        <ele>4669</ele>
        <time>2026-06-02T16:19:52Z</time>
        <hdop>3</hdop>
        <extensions>
          <osmand:speed>0.9</osmand:speed>
        </extensions>
      </trkpt>
      <trkpt lat="-13.5508617" lon="-71.2414406">
        <ele>4671.7</ele>
        <time>2026-06-02T16:20:07Z</time>
        <hdop>3</hdop>
        <extensions>
          <osmand:speed>1.1</osmand:speed>
        </extensions>
      </trkpt>
      <trkpt lat="-13.5509932" lon="-71.2415056">
        <ele>4670.7</ele>
        <time>2026-06-02T16:20:22Z</time>
        <hdop>3</hdop>
        <extensions>
          <osmand:speed>1</osmand:speed>
        </extensions>
      </trkpt>
      <trkpt lat="-13.5511305" lon="-71.2415719">
        <ele>4669.9</ele>
        <time>2026-06-02T16:20:38Z</time>
        <hdop>3</hdop>
        <extensions>
          <osmand:speed>1.1</osmand:speed>
        </extensions>
      </trkpt>
      <trkpt lat="-13.551255" lon="-71.2416216">
        <ele>4671.8</ele>
        <time>2026-06-02T16:20:53Z</time>
        <hdop>3</hdop>
        <extensions>
          <osmand:speed>1</osmand:speed>
        </extensions>
      </trkpt>
      <trkpt lat="-13.5513683" lon="-71.2416853">
        <ele>4672.9</ele>
        <time>2026-06-02T16:21:08Z</time>
        <hdop>3</hdop>
        <extensions>
          <osmand:speed>1</osmand:speed>
        </extensions>
      </trkpt>
      <trkpt lat="-13.5514507" lon="-71.2418159">
        <ele>4671.7</ele>
        <time>2026-06-02T16:21:24Z</time>
        <hdop>3</hdop>
        <extensions>
          <osmand:speed>1.1</osmand:speed>
        </extensions>
      </trkpt>
      <trkpt lat="-13.5515475" lon="-71.2419142">
        <ele>4670.3</ele>
        <time>2026-06-02T16:21:39Z</time>
        <hdop>3</hdop>
        <extensions>
          <osmand:speed>1.1</osmand:speed>
        </extensions>
      </trkpt>
      <trkpt lat="-13.5516437" lon="-71.2420262">
        <ele>4669.3</ele>
        <time>2026-06-02T16:21:54Z</time>
        <hdop>3</hdop>
        <extensions>
          <osmand:speed>1</osmand:speed>
        </extensions>
      </trkpt>
      <trkpt lat="-13.5516514" lon="-71.2421722">
        <ele>4667.9</ele>
        <time>2026-06-02T16:22:09Z</time>
        <hdop>3</hdop>
        <extensions>
          <osmand:speed>1.1</osmand:speed>
        </extensions>
      </trkpt>
      <trkpt lat="-13.5517712" lon="-71.242204">
        <ele>4664.8</ele>
        <time>2026-06-02T16:22:25Z</time>
        <hdop>3</hdop>
        <extensions>
          <osmand:speed>0.9</osmand:speed>
        </extensions>
      </trkpt>
      <trkpt lat="-13.5519149" lon="-71.2422126">
        <ele>4664.8</ele>
        <time>2026-06-02T16:22:40Z</time>
        <hdop>3</hdop>
        <extensions>
          <osmand:speed>1.1</osmand:speed>
        </extensions>
      </trkpt>
      <trkpt lat="-13.5520195" lon="-71.2423163">
        <ele>4666.8</ele>
        <time>2026-06-02T16:22:56Z</time>
        <hdop>3</hdop>
        <extensions>
          <osmand:speed>1.1</osmand:speed>
        </extensions>
      </trkpt>
      <trkpt lat="-13.5521227" lon="-71.242447">
        <ele>4667.9</ele>
        <time>2026-06-02T16:23:11Z</time>
        <hdop>3</hdop>
        <extensions>
          <osmand:speed>1</osmand:speed>
        </extensions>
      </trkpt>
      <trkpt lat="-13.5521612" lon="-71.2426001">
        <ele>4668.1</ele>
        <time>2026-06-02T16:23:26Z</time>
        <hdop>3</hdop>
        <extensions>
          <osmand:speed>1</osmand:speed>
        </extensions>
      </trkpt>
      <trkpt lat="-13.5522128" lon="-71.2427476">
        <ele>4666.8</ele>
        <time>2026-06-02T16:23:41Z</time>
        <hdop>3</hdop>
        <extensions>
          <osmand:speed>1.1</osmand:speed>
        </extensions>
      </trkpt>
      <trkpt lat="-13.5522651" lon="-71.2429016">
        <ele>4667</ele>
        <time>2026-06-02T16:23:56Z</time>
        <hdop>3</hdop>
        <extensions>
          <osmand:speed>1.1</osmand:speed>
        </extensions>
      </trkpt>
      <trkpt lat="-13.552324" lon="-71.2430542">
        <ele>4664.1</ele>
        <time>2026-06-02T16:24:12Z</time>
        <hdop>3</hdop>
        <extensions>
          <osmand:speed>1.1</osmand:speed>
        </extensions>
      </trkpt>
      <trkpt lat="-13.5524152" lon="-71.2431992">
        <ele>4664.1</ele>
        <time>2026-06-02T16:24:27Z</time>
        <hdop>3</hdop>
        <extensions>
          <osmand:speed>1.1</osmand:speed>
        </extensions>
      </trkpt>
      <trkpt lat="-13.552504" lon="-71.243328">
        <ele>4666.5</ele>
        <time>2026-06-02T16:24:42Z</time>
        <hdop>3</hdop>
        <extensions>
          <osmand:speed>1</osmand:speed>
        </extensions>
      </trkpt>
      <trkpt lat="-13.5525891" lon="-71.2434272">
        <ele>4670</ele>
        <time>2026-06-02T16:24:58Z</time>
        <hdop>3</hdop>
        <extensions>
          <osmand:speed>0.9</osmand:speed>
        </extensions>
      </trkpt>
      <trkpt lat="-13.5527066" lon="-71.2434637">
        <ele>4669.1</ele>
        <time>2026-06-02T16:25:13Z</time>
        <hdop>3</hdop>
        <extensions>
          <osmand:speed>1</osmand:speed>
        </extensions>
      </trkpt>
      <trkpt lat="-13.5528196" lon="-71.2434954">
        <ele>4671.1</ele>
        <time>2026-06-02T16:25:28Z</time>
        <hdop>3</hdop>
        <extensions>
          <osmand:speed>0.8</osmand:speed>
        </extensions>
      </trkpt>
      <trkpt lat="-13.552882" lon="-71.2435571">
        <ele>4671.9</ele>
        <time>2026-06-02T16:25:44Z</time>
        <hdop>3</hdop>
        <extensions>
          <osmand:speed>0.7</osmand:speed>
        </extensions>
      </trkpt>
      <trkpt lat="-13.5530397" lon="-71.2435613">
        <ele>4667.5</ele>
        <time>2026-06-02T16:25:59Z</time>
        <hdop>3</hdop>
        <extensions>
          <osmand:speed>1.1</osmand:speed>
        </extensions>
      </trkpt>
      <trkpt lat="-13.5531726" lon="-71.2436229">
        <ele>4668</ele>
        <time>2026-06-02T16:26:14Z</time>
        <hdop>3</hdop>
        <extensions>
          <osmand:speed>1</osmand:speed>
        </extensions>
      </trkpt>
      <trkpt lat="-13.5532866" lon="-71.2436911">
        <ele>4668.3</ele>
        <time>2026-06-02T16:26:29Z</time>
        <hdop>3</hdop>
        <extensions>
          <osmand:speed>0.9</osmand:speed>
        </extensions>
      </trkpt>
      <trkpt lat="-13.5534362" lon="-71.2437529">
        <ele>4671</ele>
        <time>2026-06-02T16:26:45Z</time>
        <hdop>3</hdop>
        <extensions>
          <osmand:speed>1</osmand:speed>
        </extensions>
      </trkpt>
    </trkseg>
    <trkseg>
      <trkpt lat="-13.5555983" lon="-71.2453617">
        <ele>4715.8</ele>
        <time>2026-06-02T16:36:39Z</time>
        <hdop>4.4</hdop>
        <extensions>
          <osmand:speed>0.8</osmand:speed>
        </extensions>
      </trkpt>
      <trkpt lat="-13.5556161" lon="-71.2452908">
        <ele>4725</ele>
        <time>2026-06-02T16:36:55Z</time>
        <hdop>3</hdop>
        <extensions>
          <osmand:speed>0.1</osmand:speed>
        </extensions>
      </trkpt>
      <trkpt lat="-13.5555857" lon="-71.2452815">
        <ele>4721.9</ele>
        <time>2026-06-02T16:37:11Z</time>
        <hdop>3</hdop>
        <extensions>
          <osmand:speed>0</osmand:speed>
        </extensions>
      </trkpt>
      <trkpt lat="-13.5555838" lon="-71.245283">
        <ele>4721.9</ele>
        <time>2026-06-02T16:37:27Z</time>
        <hdop>3</hdop>
        <extensions>
          <osmand:speed>0.1</osmand:speed>
        </extensions>
      </trkpt>
      <trkpt lat="-13.5555831" lon="-71.2452835">
        <ele>4721.9</ele>
        <time>2026-06-02T16:37:43Z</time>
        <hdop>3</hdop>
        <extensions>
          <osmand:speed>0.1</osmand:speed>
        </extensions>
      </trkpt>
      <trkpt lat="-13.555583" lon="-71.2452846">
        <ele>4721.9</ele>
        <time>2026-06-02T16:37:59Z</time>
        <hdop>3</hdop>
        <extensions>
          <osmand:speed>0.1</osmand:speed>
        </extensions>
      </trkpt>
      <trkpt lat="-13.5555839" lon="-71.2452859">
        <ele>4721.9</ele>
        <time>2026-06-02T16:38:15Z</time>
        <hdop>3</hdop>
        <extensions>
          <osmand:speed>0.1</osmand:speed>
        </extensions>
      </trkpt>
      <trkpt lat="-13.5555829" lon="-71.2452843">
        <ele>4721.9</ele>
        <time>2026-06-02T16:38:31Z</time>
        <hdop>3</hdop>
        <extensions>
          <osmand:speed>0.1</osmand:speed>
        </extensions>
      </trkpt>
      <trkpt lat="-13.555582" lon="-71.2452839">
        <ele>4721.9</ele>
        <time>2026-06-02T16:38:47Z</time>
        <hdop>3</hdop>
        <extensions>
          <osmand:speed>0.1</osmand:speed>
        </extensions>
      </trkpt>
      <trkpt lat="-13.5555838" lon="-71.2452831">
        <ele>4721.9</ele>
        <time>2026-06-02T16:39:02Z</time>
        <hdop>3</hdop>
        <extensions>
          <osmand:speed>0</osmand:speed>
        </extensions>
      </trkpt>
      <trkpt lat="-13.5555832" lon="-71.2452841">
        <ele>4721.9</ele>
        <time>2026-06-02T16:39:18Z</time>
        <hdop>3</hdop>
        <extensions>
          <osmand:speed>0.1</osmand:speed>
        </extensions>
      </trkpt>
      <trkpt lat="-13.5555828" lon="-71.2452839">
        <ele>4721.9</ele>
        <time>2026-06-02T16:39:34Z</time>
        <hdop>3</hdop>
        <extensions>
          <osmand:speed>0.1</osmand:speed>
        </extensions>
      </trkpt>
      <trkpt lat="-13.5555826" lon="-71.245285">
        <ele>4721.9</ele>
        <time>2026-06-02T16:39:49Z</time>
        <hdop>3</hdop>
        <extensions>
          <osmand:speed>0.1</osmand:speed>
        </extensions>
      </trkpt>
      <trkpt lat="-13.5556155" lon="-71.2452782">
        <ele>4720.2</ele>
        <time>2026-06-02T16:40:05Z</time>
        <hdop>3</hdop>
        <extensions>
          <osmand:speed>0.1</osmand:speed>
        </extensions>
      </trkpt>
      <trkpt lat="-13.5556236" lon="-71.2452694">
        <ele>4720.2</ele>
        <time>2026-06-02T16:40:21Z</time>
        <hdop>3</hdop>
        <extensions>
          <osmand:speed>0.1</osmand:speed>
        </extensions>
      </trkpt>
      <trkpt lat="-13.5556253" lon="-71.2452691">
        <ele>4720.2</ele>
        <time>2026-06-02T16:40:37Z</time>
        <hdop>3</hdop>
        <extensions>
          <osmand:speed>0.1</osmand:speed>
        </extensions>
      </trkpt>
      <trkpt lat="-13.5555425" lon="-71.2452373">
        <ele>4721.4</ele>
        <time>2026-06-02T16:40:52Z</time>
        <hdop>3.1</hdop>
        <extensions>
          <osmand:speed>0.1</osmand:speed>
        </extensions>
      </trkpt>
      <trkpt lat="-13.555547" lon="-71.2452373">
        <ele>4721.4</ele>
        <time>2026-06-02T16:41:08Z</time>
        <hdop>3</hdop>
        <extensions>
          <osmand:speed>0.1</osmand:speed>
        </extensions>
      </trkpt>
      <trkpt lat="-13.5555462" lon="-71.2452366">
        <ele>4721.4</ele>
        <time>2026-06-02T16:41:24Z</time>
        <hdop>3</hdop>
        <extensions>
          <osmand:speed>0.1</osmand:speed>
        </extensions>
      </trkpt>
      <trkpt lat="-13.5555464" lon="-71.2452368">
        <ele>4721.4</ele>
        <time>2026-06-02T16:41:40Z</time>
        <hdop>3</hdop>
        <extensions>
          <osmand:speed>0.1</osmand:speed>
        </extensions>
      </trkpt>
      <trkpt lat="-13.5555463" lon="-71.2452367">
        <ele>4721.4</ele>
        <time>2026-06-02T16:41:56Z</time>
        <hdop>3</hdop>
        <extensions>
          <osmand:speed>0.1</osmand:speed>
        </extensions>
      </trkpt>
      <trkpt lat="-13.5555469" lon="-71.2452373">
        <ele>4721.4</ele>
        <time>2026-06-02T16:42:12Z</time>
        <hdop>3</hdop>
        <extensions>
          <osmand:speed>0.1</osmand:speed>
        </extensions>
      </trkpt>
      <trkpt lat="-13.5555466" lon="-71.2452367">
        <ele>4721.4</ele>
        <time>2026-06-02T16:42:28Z</time>
        <hdop>3</hdop>
        <extensions>
          <osmand:speed>0.1</osmand:speed>
        </extensions>
      </trkpt>
      <trkpt lat="-13.5555472" lon="-71.2452366">
        <ele>4721.4</ele>
        <time>2026-06-02T16:42:44Z</time>
        <hdop>3</hdop>
        <extensions>
          <osmand:speed>0.1</osmand:speed>
        </extensions>
      </trkpt>
      <trkpt lat="-13.555548" lon="-71.2452367">
        <ele>4721.4</ele>
        <time>2026-06-02T16:43:00Z</time>
        <hdop>3</hdop>
        <extensions>
          <osmand:speed>0.1</osmand:speed>
        </extensions>
      </trkpt>
      <trkpt lat="-13.5555457" lon="-71.2452357">
        <ele>4721.4</ele>
        <time>2026-06-02T16:43:16Z</time>
        <hdop>3</hdop>
        <extensions>
          <osmand:speed>0.1</osmand:speed>
        </extensions>
      </trkpt>
      <trkpt lat="-13.555546" lon="-71.2452362">
        <ele>4721.4</ele>
        <time>2026-06-02T16:43:32Z</time>
        <hdop>3</hdop>
        <extensions>
          <osmand:speed>0.1</osmand:speed>
        </extensions>
      </trkpt>
      <trkpt lat="-13.5555455" lon="-71.2452362">
        <ele>4721.4</ele>
        <time>2026-06-02T16:43:48Z</time>
        <hdop>3</hdop>
        <extensions>
          <osmand:speed>0.1</osmand:speed>
        </extensions>
      </trkpt>
      <trkpt lat="-13.5555443" lon="-71.2452362">
        <ele>4721.4</ele>
        <time>2026-06-02T16:44:04Z</time>
        <hdop>3</hdop>
        <extensions>
          <osmand:speed>0.1</osmand:speed>
        </extensions>
      </trkpt>
      <trkpt lat="-13.5555443" lon="-71.2452369">
        <ele>4721.4</ele>
        <time>2026-06-02T16:44:20Z</time>
        <hdop>3</hdop>
        <extensions>
          <osmand:speed>0.1</osmand:speed>
        </extensions>
      </trkpt>
      <trkpt lat="-13.5555455" lon="-71.2452363">
        <ele>4721.4</ele>
        <time>2026-06-02T16:44:36Z</time>
        <hdop>3</hdop>
        <extensions>
          <osmand:speed>0.1</osmand:speed>
        </extensions>
      </trkpt>
      <trkpt lat="-13.5555471" lon="-71.2452357">
        <ele>4721.4</ele>
        <time>2026-06-02T16:44:52Z</time>
        <hdop>3</hdop>
        <extensions>
          <osmand:speed>0.1</osmand:speed>
        </extensions>
      </trkpt>
      <trkpt lat="-13.5555467" lon="-71.2452367">
        <ele>4721.4</ele>
        <time>2026-06-02T16:45:08Z</time>
        <hdop>2.8</hdop>
      </trkpt>
      <trkpt lat="-13.5555833" lon="-71.2452417">
        <ele>4721.2</ele>
        <time>2026-06-02T16:45:24Z</time>
        <hdop>1.5</hdop>
      </trkpt>
      <trkpt lat="-13.5555767" lon="-71.2452417">
        <ele>4720.7</ele>
        <time>2026-06-02T16:45:40Z</time>
        <hdop>1.4</hdop>
      </trkpt>
      <trkpt lat="-13.5555767" lon="-71.2452417">
        <ele>4720.7</ele>
        <time>2026-06-02T16:45:56Z</time>
        <hdop>1.3</hdop>
      </trkpt>
      <trkpt lat="-13.555495" lon="-71.2452433">
        <ele>4718.3</ele>
        <time>2026-06-02T16:46:12Z</time>
        <hdop>1.5</hdop>
        <extensions>
          <osmand:speed>0.5</osmand:speed>
        </extensions>
      </trkpt>
      <trkpt lat="-13.555463" lon="-71.2452652">
        <ele>4718.2</ele>
        <time>2026-06-02T16:46:27Z</time>
        <hdop>3</hdop>
        <extensions>
          <osmand:speed>0.1</osmand:speed>
        </extensions>
      </trkpt>
      <trkpt lat="-13.5555065" lon="-71.2453043">
        <ele>4720.2</ele>
        <time>2026-06-02T16:46:43Z</time>
        <hdop>3</hdop>
        <extensions>
          <osmand:speed>0.4</osmand:speed>
        </extensions>
      </trkpt>
      <trkpt lat="-13.5555897" lon="-71.2452863">
        <ele>4721.2</ele>
        <time>2026-06-02T16:46:58Z</time>
        <hdop>3</hdop>
        <extensions>
          <osmand:speed>0.2</osmand:speed>
        </extensions>
      </trkpt>
      <trkpt lat="-13.5555857" lon="-71.2452898">
        <ele>4721.3</ele>
        <time>2026-06-02T16:47:14Z</time>
        <hdop>3</hdop>
        <extensions>
          <osmand:speed>0.1</osmand:speed>
        </extensions>
      </trkpt>
      <trkpt lat="-13.5555893" lon="-71.2452897">
        <ele>4721.3</ele>
        <time>2026-06-02T16:47:30Z</time>
        <hdop>3</hdop>
        <extensions>
          <osmand:speed>0.1</osmand:speed>
        </extensions>
      </trkpt>
      <trkpt lat="-13.5556049" lon="-71.2453052">
        <ele>4719.9</ele>
        <time>2026-06-02T16:47:46Z</time>
        <hdop>3</hdop>
        <extensions>
          <osmand:speed>0.1</osmand:speed>
        </extensions>
      </trkpt>
      <trkpt lat="-13.5555796" lon="-71.2453094">
        <ele>4721.1</ele>
        <time>2026-06-02T16:48:02Z</time>
        <hdop>3</hdop>
        <extensions>
          <osmand:speed>0.1</osmand:speed>
        </extensions>
      </trkpt>
      <trkpt lat="-13.555552" lon="-71.2452653">
        <ele>4723.5</ele>
        <time>2026-06-02T16:48:17Z</time>
        <hdop>3</hdop>
        <extensions>
          <osmand:speed>0.1</osmand:speed>
        </extensions>
      </trkpt>
      <trkpt lat="-13.5555516" lon="-71.2452635">
        <ele>4723.5</ele>
        <time>2026-06-02T16:48:33Z</time>
        <hdop>3</hdop>
        <extensions>
          <osmand:speed>0.1</osmand:speed>
        </extensions>
      </trkpt>
      <trkpt lat="-13.5555517" lon="-71.245265">
        <ele>4723.5</ele>
        <time>2026-06-02T16:48:49Z</time>
        <hdop>1.5</hdop>
      </trkpt>
      <trkpt lat="-13.5556733" lon="-71.24539">
        <ele>4715</ele>
        <time>2026-06-02T16:49:05Z</time>
        <hdop>1.6</hdop>
        <extensions>
          <osmand:speed>0.8</osmand:speed>
        </extensions>
      </trkpt>
      <trkpt lat="-13.5557197" lon="-71.2455472">
        <ele>4714.8</ele>
        <time>2026-06-02T16:49:21Z</time>
        <hdop>1.6</hdop>
        <extensions>
          <osmand:speed>1.1</osmand:speed>
        </extensions>
      </trkpt>
      <trkpt lat="-13.5558048" lon="-71.2456715">
        <ele>4716.5</ele>
        <time>2026-06-02T16:49:36Z</time>
        <hdop>3</hdop>
        <extensions>
          <osmand:speed>1.1</osmand:speed>
        </extensions>
      </trkpt>
      <trkpt lat="-13.5558542" lon="-71.2458069">
        <ele>4718.8</ele>
        <time>2026-06-02T16:49:51Z</time>
        <hdop>3</hdop>
        <extensions>
          <osmand:speed>1</osmand:speed>
        </extensions>
      </trkpt>
      <trkpt lat="-13.5558854" lon="-71.2459138">
        <ele>4721.1</ele>
        <time>2026-06-02T16:50:07Z</time>
        <hdop>3</hdop>
        <extensions>
          <osmand:speed>0.7</osmand:speed>
        </extensions>
      </trkpt>
      <trkpt lat="-13.555958" lon="-71.245971">
        <ele>4720.2</ele>
        <time>2026-06-02T16:50:22Z</time>
        <hdop>3</hdop>
        <extensions>
          <osmand:speed>0.5</osmand:speed>
        </extensions>
      </trkpt>
      <trkpt lat="-13.5560302" lon="-71.2460225">
        <ele>4717.9</ele>
        <time>2026-06-02T16:50:37Z</time>
        <hdop>3</hdop>
        <extensions>
          <osmand:speed>0.4</osmand:speed>
        </extensions>
      </trkpt>
      <trkpt lat="-13.5560505" lon="-71.2461283">
        <ele>4714.9</ele>
        <time>2026-06-02T16:50:52Z</time>
        <hdop>3</hdop>
        <extensions>
          <osmand:speed>0.7</osmand:speed>
        </extensions>
      </trkpt>
      <trkpt lat="-13.5560452" lon="-71.2461286">
        <ele>4713.9</ele>
        <time>2026-06-02T16:51:08Z</time>
        <hdop>3</hdop>
        <extensions>
          <osmand:speed>0.1</osmand:speed>
        </extensions>
      </trkpt>
      <trkpt lat="-13.556065" lon="-71.2462327">
        <ele>4712.8</ele>
        <time>2026-06-02T16:51:23Z</time>
        <hdop>3</hdop>
        <extensions>
          <osmand:speed>0.6</osmand:speed>
        </extensions>
      </trkpt>
      <trkpt lat="-13.5560947" lon="-71.2462736">
        <ele>4712.7</ele>
        <time>2026-06-02T16:51:39Z</time>
        <hdop>3</hdop>
        <extensions>
          <osmand:speed>0.2</osmand:speed>
        </extensions>
      </trkpt>
      <trkpt lat="-13.5561322" lon="-71.2462876">
        <ele>4712.9</ele>
        <time>2026-06-02T16:51:54Z</time>
        <hdop>3</hdop>
        <extensions>
          <osmand:speed>0</osmand:speed>
        </extensions>
      </trkpt>
      <trkpt lat="-13.5562051" lon="-71.246277">
        <ele>4713.6</ele>
        <time>2026-06-02T16:52:10Z</time>
        <hdop>3</hdop>
        <extensions>
          <osmand:speed>0.7</osmand:speed>
        </extensions>
      </trkpt>
      <trkpt lat="-13.5562868" lon="-71.2462553">
        <ele>4715.1</ele>
        <time>2026-06-02T16:52:25Z</time>
        <hdop>3</hdop>
        <extensions>
          <osmand:speed>0.6</osmand:speed>
        </extensions>
      </trkpt>
      <trkpt lat="-13.5564023" lon="-71.2462392">
        <ele>4713.9</ele>
        <time>2026-06-02T16:52:41Z</time>
        <hdop>3</hdop>
        <extensions>
          <osmand:speed>0.8</osmand:speed>
        </extensions>
      </trkpt>
      <trkpt lat="-13.5564839" lon="-71.246246">
        <ele>4717</ele>
        <time>2026-06-02T16:52:56Z</time>
        <hdop>3</hdop>
        <extensions>
          <osmand:speed>0.6</osmand:speed>
        </extensions>
      </trkpt>
      <trkpt lat="-13.5565733" lon="-71.2462225">
        <ele>4716.6</ele>
        <time>2026-06-02T16:53:12Z</time>
        <hdop>3</hdop>
        <extensions>
          <osmand:speed>0.6</osmand:speed>
        </extensions>
      </trkpt>
      <trkpt lat="-13.5566392" lon="-71.2462198">
        <ele>4717.7</ele>
        <time>2026-06-02T16:53:27Z</time>
        <hdop>3</hdop>
        <extensions>
          <osmand:speed>0.6</osmand:speed>
        </extensions>
      </trkpt>
      <trkpt lat="-13.556692" lon="-71.2462213">
        <ele>4719.1</ele>
        <time>2026-06-02T16:53:43Z</time>
        <hdop>3</hdop>
        <extensions>
          <osmand:speed>0.4</osmand:speed>
        </extensions>
      </trkpt>
      <trkpt lat="-13.5567742" lon="-71.2462493">
        <ele>4721.2</ele>
        <time>2026-06-02T16:53:58Z</time>
        <hdop>3</hdop>
        <extensions>
          <osmand:speed>0.7</osmand:speed>
        </extensions>
      </trkpt>
      <trkpt lat="-13.5568329" lon="-71.2462807">
        <ele>4722.2</ele>
        <time>2026-06-02T16:54:14Z</time>
        <hdop>3</hdop>
        <extensions>
          <osmand:speed>0.2</osmand:speed>
        </extensions>
      </trkpt>
      <trkpt lat="-13.5568833" lon="-71.2463215">
        <ele>4723.8</ele>
        <time>2026-06-02T16:54:29Z</time>
        <hdop>3</hdop>
        <extensions>
          <osmand:speed>0.8</osmand:speed>
        </extensions>
      </trkpt>
      <trkpt lat="-13.5570013" lon="-71.2463638">
        <ele>4721.9</ele>
        <time>2026-06-02T16:54:44Z</time>
        <hdop>3</hdop>
        <extensions>
          <osmand:speed>0.9</osmand:speed>
        </extensions>
      </trkpt>
      <trkpt lat="-13.557116" lon="-71.2463671">
        <ele>4723.6</ele>
        <time>2026-06-02T16:55:00Z</time>
        <hdop>3</hdop>
        <extensions>
          <osmand:speed>0.8</osmand:speed>
        </extensions>
      </trkpt>
      <trkpt lat="-13.5572263" lon="-71.2463745">
        <ele>4724.3</ele>
        <time>2026-06-02T16:55:15Z</time>
        <hdop>3</hdop>
        <extensions>
          <osmand:speed>0.8</osmand:speed>
        </extensions>
      </trkpt>
      <trkpt lat="-13.5573408" lon="-71.2463692">
        <ele>4728.5</ele>
        <time>2026-06-02T16:55:30Z</time>
        <hdop>3</hdop>
        <extensions>
          <osmand:speed>0.8</osmand:speed>
        </extensions>
      </trkpt>
      <trkpt lat="-13.5574259" lon="-71.2463788">
        <ele>4729.9</ele>
        <time>2026-06-02T16:55:45Z</time>
        <hdop>3</hdop>
        <extensions>
          <osmand:speed>0.7</osmand:speed>
        </extensions>
      </trkpt>
      <trkpt lat="-13.5575432" lon="-71.2463616">
        <ele>4731.6</ele>
        <time>2026-06-02T16:56:01Z</time>
        <hdop>3</hdop>
        <extensions>
          <osmand:speed>0.9</osmand:speed>
        </extensions>
      </trkpt>
      <trkpt lat="-13.5576893" lon="-71.2463396">
        <ele>4734</ele>
        <time>2026-06-02T16:56:16Z</time>
        <hdop>3</hdop>
        <extensions>
          <osmand:speed>1.1</osmand:speed>
        </extensions>
      </trkpt>
      <trkpt lat="-13.5578087" lon="-71.2462819">
        <ele>4738.1</ele>
        <time>2026-06-02T16:56:31Z</time>
        <hdop>3</hdop>
        <extensions>
          <osmand:speed>1.1</osmand:speed>
        </extensions>
      </trkpt>
      <trkpt lat="-13.557905" lon="-71.2462925">
        <ele>4735.7</ele>
        <time>2026-06-02T16:56:46Z</time>
        <hdop>3</hdop>
        <extensions>
          <osmand:speed>0.7</osmand:speed>
        </extensions>
      </trkpt>
      <trkpt lat="-13.5579737" lon="-71.24635">
        <ele>4737.1</ele>
        <time>2026-06-02T16:57:01Z</time>
        <hdop>3</hdop>
        <extensions>
          <osmand:speed>0.6</osmand:speed>
        </extensions>
      </trkpt>
      <trkpt lat="-13.558059" lon="-71.2463717">
        <ele>4737.1</ele>
        <time>2026-06-02T16:57:16Z</time>
        <hdop>3</hdop>
        <extensions>
          <osmand:speed>0.7</osmand:speed>
        </extensions>
      </trkpt>
      <trkpt lat="-13.5581427" lon="-71.2463891">
        <ele>4738.2</ele>
        <time>2026-06-02T16:57:31Z</time>
        <hdop>3</hdop>
        <extensions>
          <osmand:speed>0.6</osmand:speed>
        </extensions>
      </trkpt>
      <trkpt lat="-13.5582459" lon="-71.2463791">
        <ele>4738.9</ele>
        <time>2026-06-02T16:57:46Z</time>
        <hdop>3</hdop>
        <extensions>
          <osmand:speed>0.9</osmand:speed>
        </extensions>
      </trkpt>
      <trkpt lat="-13.5583145" lon="-71.246358">
        <ele>4740.8</ele>
        <time>2026-06-02T16:58:02Z</time>
        <hdop>3</hdop>
        <extensions>
          <osmand:speed>0.5</osmand:speed>
        </extensions>
      </trkpt>
      <trkpt lat="-13.558402" lon="-71.2463441">
        <ele>4742.7</ele>
        <time>2026-06-02T16:58:17Z</time>
        <hdop>3</hdop>
        <extensions>
          <osmand:speed>0.7</osmand:speed>
        </extensions>
      </trkpt>
      <trkpt lat="-13.5584896" lon="-71.2463057">
        <ele>4743.4</ele>
        <time>2026-06-02T16:58:32Z</time>
        <hdop>3</hdop>
        <extensions>
          <osmand:speed>0.7</osmand:speed>
        </extensions>
      </trkpt>
      <trkpt lat="-13.5586084" lon="-71.246279">
        <ele>4745.5</ele>
        <time>2026-06-02T16:58:48Z</time>
        <hdop>3</hdop>
        <extensions>
          <osmand:speed>0.9</osmand:speed>
        </extensions>
      </trkpt>
      <trkpt lat="-13.5586827" lon="-71.2462894">
        <ele>4746.2</ele>
        <time>2026-06-02T16:59:03Z</time>
        <hdop>3</hdop>
        <extensions>
          <osmand:speed>0.7</osmand:speed>
        </extensions>
      </trkpt>
      <trkpt lat="-13.5587579" lon="-71.246267">
        <ele>4746.6</ele>
        <time>2026-06-02T16:59:18Z</time>
        <hdop>3</hdop>
        <extensions>
          <osmand:speed>0.3</osmand:speed>
        </extensions>
      </trkpt>
      <trkpt lat="-13.5588272" lon="-71.2462546">
        <ele>4748</ele>
        <time>2026-06-02T16:59:33Z</time>
        <hdop>3</hdop>
        <extensions>
          <osmand:speed>0.6</osmand:speed>
        </extensions>
      </trkpt>
      <trkpt lat="-13.5589006" lon="-71.2462634">
        <ele>4749.7</ele>
        <time>2026-06-02T16:59:49Z</time>
        <hdop>3</hdop>
        <extensions>
          <osmand:speed>0.6</osmand:speed>
        </extensions>
      </trkpt>
      <trkpt lat="-13.5589678" lon="-71.2462954">
        <ele>4751</ele>
        <time>2026-06-02T17:00:04Z</time>
        <hdop>3</hdop>
        <extensions>
          <osmand:speed>0.7</osmand:speed>
        </extensions>
      </trkpt>
      <trkpt lat="-13.5590263" lon="-71.2463064">
        <ele>4751.9</ele>
        <time>2026-06-02T17:00:19Z</time>
        <hdop>3</hdop>
        <extensions>
          <osmand:speed>0.6</osmand:speed>
        </extensions>
      </trkpt>
      <trkpt lat="-13.5590975" lon="-71.2463057">
        <ele>4754.4</ele>
        <time>2026-06-02T17:00:35Z</time>
        <hdop>3</hdop>
        <extensions>
          <osmand:speed>0.6</osmand:speed>
        </extensions>
      </trkpt>
      <trkpt lat="-13.5591683" lon="-71.2463204">
        <ele>4753.6</ele>
        <time>2026-06-02T17:00:50Z</time>
        <hdop>3</hdop>
        <extensions>
          <osmand:speed>0.6</osmand:speed>
        </extensions>
      </trkpt>
      <trkpt lat="-13.5592746" lon="-71.2463072">
        <ele>4755.3</ele>
        <time>2026-06-02T17:01:05Z</time>
        <hdop>3</hdop>
        <extensions>
          <osmand:speed>0.7</osmand:speed>
        </extensions>
      </trkpt>
      <trkpt lat="-13.5593625" lon="-71.2463027">
        <ele>4755.5</ele>
        <time>2026-06-02T17:01:20Z</time>
        <hdop>3</hdop>
        <extensions>
          <osmand:speed>0.8</osmand:speed>
        </extensions>
      </trkpt>
      <trkpt lat="-13.5594621" lon="-71.2462988">
        <ele>4758.8</ele>
        <time>2026-06-02T17:01:36Z</time>
        <hdop>3</hdop>
        <extensions>
          <osmand:speed>0.8</osmand:speed>
        </extensions>
      </trkpt>
      <trkpt lat="-13.559582" lon="-71.2462938">
        <ele>4759.4</ele>
        <time>2026-06-02T17:01:51Z</time>
        <hdop>3</hdop>
        <extensions>
          <osmand:speed>0.9</osmand:speed>
        </extensions>
      </trkpt>
      <trkpt lat="-13.5597184" lon="-71.2462824">
        <ele>4760.6</ele>
        <time>2026-06-02T17:02:07Z</time>
        <hdop>3</hdop>
        <extensions>
          <osmand:speed>1</osmand:speed>
        </extensions>
      </trkpt>
      <trkpt lat="-13.5598194" lon="-71.2463275">
        <ele>4761.3</ele>
        <time>2026-06-02T17:02:22Z</time>
        <hdop>3</hdop>
        <extensions>
          <osmand:speed>0.9</osmand:speed>
        </extensions>
      </trkpt>
      <trkpt lat="-13.5599" lon="-71.2463632">
        <ele>4760.5</ele>
        <time>2026-06-02T17:02:37Z</time>
        <hdop>3</hdop>
        <extensions>
          <osmand:speed>0.6</osmand:speed>
        </extensions>
      </trkpt>
      <trkpt lat="-13.5600013" lon="-71.246337">
        <ele>4760.7</ele>
        <time>2026-06-02T17:02:53Z</time>
        <hdop>3</hdop>
        <extensions>
          <osmand:speed>0.7</osmand:speed>
        </extensions>
      </trkpt>
      <trkpt lat="-13.5600629" lon="-71.2463302">
        <ele>4761</ele>
        <time>2026-06-02T17:03:08Z</time>
        <hdop>3</hdop>
        <extensions>
          <osmand:speed>0.6</osmand:speed>
        </extensions>
      </trkpt>
      <trkpt lat="-13.5601348" lon="-71.2463272">
        <ele>4763.4</ele>
        <time>2026-06-02T17:03:23Z</time>
        <hdop>3</hdop>
        <extensions>
          <osmand:speed>0.6</osmand:speed>
        </extensions>
      </trkpt>
      <trkpt lat="-13.5602086" lon="-71.2463001">
        <ele>4766</ele>
        <time>2026-06-02T17:03:39Z</time>
        <hdop>3</hdop>
        <extensions>
          <osmand:speed>0.7</osmand:speed>
        </extensions>
      </trkpt>
      <trkpt lat="-13.5602816" lon="-71.246318">
        <ele>4769.4</ele>
        <time>2026-06-02T17:03:54Z</time>
        <hdop>3</hdop>
        <extensions>
          <osmand:speed>0.6</osmand:speed>
        </extensions>
      </trkpt>
      <trkpt lat="-13.5602945" lon="-71.2463146">
        <ele>4770.8</ele>
        <time>2026-06-02T17:04:10Z</time>
        <hdop>3</hdop>
        <extensions>
          <osmand:speed>0.1</osmand:speed>
        </extensions>
      </trkpt>
      <trkpt lat="-13.5603966" lon="-71.2463296">
        <ele>4773.5</ele>
        <time>2026-06-02T17:04:25Z</time>
        <hdop>3</hdop>
        <extensions>
          <osmand:speed>0.7</osmand:speed>
        </extensions>
      </trkpt>
      <trkpt lat="-13.5604873" lon="-71.2463608">
        <ele>4774.3</ele>
        <time>2026-06-02T17:04:40Z</time>
        <hdop>3</hdop>
        <extensions>
          <osmand:speed>0.8</osmand:speed>
        </extensions>
      </trkpt>
      <trkpt lat="-13.5605845" lon="-71.2463563">
        <ele>4776.4</ele>
        <time>2026-06-02T17:04:56Z</time>
        <hdop>3</hdop>
        <extensions>
          <osmand:speed>0.8</osmand:speed>
        </extensions>
      </trkpt>
      <trkpt lat="-13.5606784" lon="-71.2463605">
        <ele>4777.8</ele>
        <time>2026-06-02T17:05:11Z</time>
        <hdop>3</hdop>
        <extensions>
          <osmand:speed>0.7</osmand:speed>
        </extensions>
      </trkpt>
      <trkpt lat="-13.5607288" lon="-71.246381">
        <ele>4778.5</ele>
        <time>2026-06-02T17:05:26Z</time>
        <hdop>3</hdop>
        <extensions>
          <osmand:speed>0.6</osmand:speed>
        </extensions>
      </trkpt>
      <trkpt lat="-13.5608047" lon="-71.2463731">
        <ele>4780.6</ele>
        <time>2026-06-02T17:05:41Z</time>
        <hdop>3</hdop>
        <extensions>
          <osmand:speed>0.7</osmand:speed>
        </extensions>
      </trkpt>
      <trkpt lat="-13.5608799" lon="-71.2463948">
        <ele>4781.8</ele>
        <time>2026-06-02T17:05:56Z</time>
        <hdop>3</hdop>
        <extensions>
          <osmand:speed>0.6</osmand:speed>
        </extensions>
      </trkpt>
      <trkpt lat="-13.5609588" lon="-71.2464132">
        <ele>4780.9</ele>
        <time>2026-06-02T17:06:11Z</time>
        <hdop>3</hdop>
        <extensions>
          <osmand:speed>0.7</osmand:speed>
        </extensions>
      </trkpt>
      <trkpt lat="-13.561062" lon="-71.2464006">
        <ele>4781.9</ele>
        <time>2026-06-02T17:06:27Z</time>
        <hdop>3</hdop>
        <extensions>
          <osmand:speed>0.7</osmand:speed>
        </extensions>
      </trkpt>
      <trkpt lat="-13.5611438" lon="-71.2463973">
        <ele>4784.2</ele>
        <time>2026-06-02T17:06:42Z</time>
        <hdop>3</hdop>
        <extensions>
          <osmand:speed>0.7</osmand:speed>
        </extensions>
      </trkpt>
      <trkpt lat="-13.5612425" lon="-71.2463776">
        <ele>4786.8</ele>
        <time>2026-06-02T17:06:57Z</time>
        <hdop>3</hdop>
        <extensions>
          <osmand:speed>0.7</osmand:speed>
        </extensions>
      </trkpt>
      <trkpt lat="-13.5612801" lon="-71.2463806">
        <ele>4786.1</ele>
        <time>2026-06-02T17:07:13Z</time>
        <hdop>3</hdop>
        <extensions>
          <osmand:speed>0.4</osmand:speed>
        </extensions>
      </trkpt>
      <trkpt lat="-13.5613435" lon="-71.2463852">
        <ele>4786.8</ele>
        <time>2026-06-02T17:07:28Z</time>
        <hdop>3</hdop>
        <extensions>
          <osmand:speed>0.5</osmand:speed>
        </extensions>
      </trkpt>
      <trkpt lat="-13.5613958" lon="-71.2463896">
        <ele>4786.5</ele>
        <time>2026-06-02T17:07:43Z</time>
        <hdop>3</hdop>
        <extensions>
          <osmand:speed>0.3</osmand:speed>
        </extensions>
      </trkpt>
      <trkpt lat="-13.5614472" lon="-71.246411">
        <ele>4787.7</ele>
        <time>2026-06-02T17:07:59Z</time>
        <hdop>3</hdop>
        <extensions>
          <osmand:speed>0.1</osmand:speed>
        </extensions>
      </trkpt>
      <trkpt lat="-13.5614492" lon="-71.2464121">
        <ele>4787.7</ele>
        <time>2026-06-02T17:08:14Z</time>
        <hdop>3</hdop>
        <extensions>
          <osmand:speed>0.1</osmand:speed>
        </extensions>
      </trkpt>
      <trkpt lat="-13.5615847" lon="-71.2463999">
        <ele>4790.4</ele>
        <time>2026-06-02T17:08:29Z</time>
        <hdop>3</hdop>
        <extensions>
          <osmand:speed>0.6</osmand:speed>
        </extensions>
      </trkpt>
      <trkpt lat="-13.5616598" lon="-71.2464062">
        <ele>4790.7</ele>
        <time>2026-06-02T17:08:44Z</time>
        <hdop>3</hdop>
        <extensions>
          <osmand:speed>0.5</osmand:speed>
        </extensions>
      </trkpt>
      <trkpt lat="-13.5617367" lon="-71.2463835">
        <ele>4791.5</ele>
        <time>2026-06-02T17:08:59Z</time>
        <hdop>3</hdop>
        <extensions>
          <osmand:speed>0.6</osmand:speed>
        </extensions>
      </trkpt>
      <trkpt lat="-13.5618307" lon="-71.2463846">
        <ele>4795</ele>
        <time>2026-06-02T17:09:15Z</time>
        <hdop>3</hdop>
        <extensions>
          <osmand:speed>0.8</osmand:speed>
        </extensions>
      </trkpt>
      <trkpt lat="-13.5619075" lon="-71.2463723">
        <ele>4796.6</ele>
        <time>2026-06-02T17:09:30Z</time>
        <hdop>3</hdop>
        <extensions>
          <osmand:speed>0.6</osmand:speed>
        </extensions>
      </trkpt>
      <trkpt lat="-13.561943" lon="-71.2463928">
        <ele>4799.9</ele>
        <time>2026-06-02T17:09:45Z</time>
        <hdop>3</hdop>
        <extensions>
          <osmand:speed>0.5</osmand:speed>
        </extensions>
      </trkpt>
      <trkpt lat="-13.561941" lon="-71.246393">
        <ele>4800.2</ele>
        <time>2026-06-02T17:10:00Z</time>
        <hdop>3</hdop>
        <extensions>
          <osmand:speed>0.1</osmand:speed>
        </extensions>
      </trkpt>
      <trkpt lat="-13.5619421" lon="-71.2463917">
        <ele>4800.2</ele>
        <time>2026-06-02T17:10:16Z</time>
        <hdop>3</hdop>
        <extensions>
          <osmand:speed>0.1</osmand:speed>
        </extensions>
      </trkpt>
      <trkpt lat="-13.5619408" lon="-71.2463914">
        <ele>4800.2</ele>
        <time>2026-06-02T17:10:32Z</time>
        <hdop>3</hdop>
        <extensions>
          <osmand:speed>0.1</osmand:speed>
        </extensions>
      </trkpt>
      <trkpt lat="-13.5619393" lon="-71.246391">
        <ele>4800.2</ele>
        <time>2026-06-02T17:10:48Z</time>
        <hdop>3</hdop>
        <extensions>
          <osmand:speed>0.1</osmand:speed>
        </extensions>
      </trkpt>
      <trkpt lat="-13.5619393" lon="-71.2463923">
        <ele>4800.2</ele>
        <time>2026-06-02T17:11:04Z</time>
        <hdop>3</hdop>
        <extensions>
          <osmand:speed>0.1</osmand:speed>
        </extensions>
      </trkpt>
      <trkpt lat="-13.5619393" lon="-71.2463937">
        <ele>4800.2</ele>
        <time>2026-06-02T17:11:20Z</time>
        <hdop>3</hdop>
        <extensions>
          <osmand:speed>0.1</osmand:speed>
        </extensions>
      </trkpt>
      <trkpt lat="-13.5619389" lon="-71.2463952">
        <ele>4800.2</ele>
        <time>2026-06-02T17:11:36Z</time>
        <hdop>3</hdop>
        <extensions>
          <osmand:speed>0.1</osmand:speed>
        </extensions>
      </trkpt>
      <trkpt lat="-13.5619395" lon="-71.2463939">
        <ele>4800.2</ele>
        <time>2026-06-02T17:11:52Z</time>
        <hdop>3</hdop>
        <extensions>
          <osmand:speed>0.1</osmand:speed>
        </extensions>
      </trkpt>
      <trkpt lat="-13.5619394" lon="-71.2463938">
        <ele>4800.2</ele>
        <time>2026-06-02T17:12:08Z</time>
        <hdop>3</hdop>
        <extensions>
          <osmand:speed>0.1</osmand:speed>
        </extensions>
      </trkpt>
      <trkpt lat="-13.5619538" lon="-71.2464297">
        <ele>4799.7</ele>
        <time>2026-06-02T17:12:23Z</time>
        <hdop>3</hdop>
        <extensions>
          <osmand:speed>0.1</osmand:speed>
        </extensions>
      </trkpt>
      <trkpt lat="-13.561976" lon="-71.2465038">
        <ele>4800.6</ele>
        <time>2026-06-02T17:12:39Z</time>
        <hdop>3</hdop>
        <extensions>
          <osmand:speed>0.7</osmand:speed>
        </extensions>
      </trkpt>
      <trkpt lat="-13.5619897" lon="-71.2465563">
        <ele>4801.4</ele>
        <time>2026-06-02T17:12:54Z</time>
        <hdop>3</hdop>
        <extensions>
          <osmand:speed>0.2</osmand:speed>
        </extensions>
      </trkpt>
      <trkpt lat="-13.5620331" lon="-71.2466003">
        <ele>4803.8</ele>
        <time>2026-06-02T17:13:09Z</time>
        <hdop>3</hdop>
        <extensions>
          <osmand:speed>0.7</osmand:speed>
        </extensions>
      </trkpt>
      <trkpt lat="-13.562088" lon="-71.2466706">
        <ele>4806.9</ele>
        <time>2026-06-02T17:13:25Z</time>
        <hdop>3</hdop>
        <extensions>
          <osmand:speed>0.8</osmand:speed>
        </extensions>
      </trkpt>
      <trkpt lat="-13.5621227" lon="-71.2467577">
        <ele>4807.2</ele>
        <time>2026-06-02T17:13:40Z</time>
        <hdop>3</hdop>
        <extensions>
          <osmand:speed>0.7</osmand:speed>
        </extensions>
      </trkpt>
      <trkpt lat="-13.5621866" lon="-71.2468362">
        <ele>4808.5</ele>
        <time>2026-06-02T17:13:55Z</time>
        <hdop>3</hdop>
        <extensions>
          <osmand:speed>0.8</osmand:speed>
        </extensions>
      </trkpt>
      <trkpt lat="-13.562217" lon="-71.2469396">
        <ele>4811.4</ele>
        <time>2026-06-02T17:14:11Z</time>
        <hdop>3</hdop>
        <extensions>
          <osmand:speed>0.7</osmand:speed>
        </extensions>
      </trkpt>
      <trkpt lat="-13.5622926" lon="-71.2470301">
        <ele>4815.1</ele>
        <time>2026-06-02T17:14:26Z</time>
        <hdop>3</hdop>
        <extensions>
          <osmand:speed>0.7</osmand:speed>
        </extensions>
      </trkpt>
      <trkpt lat="-13.5623419" lon="-71.2471034">
        <ele>4815.9</ele>
        <time>2026-06-02T17:14:41Z</time>
        <hdop>3</hdop>
        <extensions>
          <osmand:speed>0.7</osmand:speed>
        </extensions>
      </trkpt>
      <trkpt lat="-13.56239" lon="-71.2471823">
        <ele>4815.8</ele>
        <time>2026-06-02T17:14:56Z</time>
        <hdop>3</hdop>
        <extensions>
          <osmand:speed>0.6</osmand:speed>
        </extensions>
      </trkpt>
      <trkpt lat="-13.562408" lon="-71.2472298">
        <ele>4815.8</ele>
        <time>2026-06-02T17:15:12Z</time>
        <hdop>3</hdop>
        <extensions>
          <osmand:speed>0.3</osmand:speed>
        </extensions>
      </trkpt>
      <trkpt lat="-13.5624368" lon="-71.2473297">
        <ele>4817.8</ele>
        <time>2026-06-02T17:15:27Z</time>
        <hdop>3</hdop>
        <extensions>
          <osmand:speed>0.7</osmand:speed>
        </extensions>
      </trkpt>
      <trkpt lat="-13.5625108" lon="-71.2473968">
        <ele>4817.2</ele>
        <time>2026-06-02T17:15:42Z</time>
        <hdop>3</hdop>
        <extensions>
          <osmand:speed>0.7</osmand:speed>
        </extensions>
      </trkpt>
      <trkpt lat="-13.5626" lon="-71.2474576">
        <ele>4817.3</ele>
        <time>2026-06-02T17:15:57Z</time>
        <hdop>3</hdop>
        <extensions>
          <osmand:speed>0.6</osmand:speed>
        </extensions>
      </trkpt>
      <trkpt lat="-13.5626393" lon="-71.2475161">
        <ele>4816.2</ele>
        <time>2026-06-02T17:16:12Z</time>
        <hdop>3</hdop>
        <extensions>
          <osmand:speed>0.5</osmand:speed>
        </extensions>
      </trkpt>
      <trkpt lat="-13.5626785" lon="-71.2475671">
        <ele>4817.3</ele>
        <time>2026-06-02T17:16:28Z</time>
        <hdop>3</hdop>
        <extensions>
          <osmand:speed>0.6</osmand:speed>
        </extensions>
      </trkpt>
      <trkpt lat="-13.5627795" lon="-71.2475961">
        <ele>4821</ele>
        <time>2026-06-02T17:16:44Z</time>
        <hdop>3</hdop>
        <extensions>
          <osmand:speed>0.7</osmand:speed>
        </extensions>
      </trkpt>
      <trkpt lat="-13.5628156" lon="-71.2476365">
        <ele>4821.9</ele>
        <time>2026-06-02T17:16:59Z</time>
        <hdop>3</hdop>
        <extensions>
          <osmand:speed>0.5</osmand:speed>
        </extensions>
      </trkpt>
      <trkpt lat="-13.5628455" lon="-71.2476439">
        <ele>4821.7</ele>
        <time>2026-06-02T17:17:14Z</time>
        <hdop>3</hdop>
        <extensions>
          <osmand:speed>0.1</osmand:speed>
        </extensions>
      </trkpt>
      <trkpt lat="-13.5629258" lon="-71.2476666">
        <ele>4824.4</ele>
        <time>2026-06-02T17:17:29Z</time>
        <hdop>3</hdop>
        <extensions>
          <osmand:speed>0.5</osmand:speed>
        </extensions>
      </trkpt>
      <trkpt lat="-13.5629394" lon="-71.2476793">
        <ele>4824.9</ele>
        <time>2026-06-02T17:17:45Z</time>
        <hdop>3</hdop>
        <extensions>
          <osmand:speed>0.1</osmand:speed>
        </extensions>
      </trkpt>
      <trkpt lat="-13.5629901" lon="-71.2477301">
        <ele>4827.4</ele>
        <time>2026-06-02T17:18:01Z</time>
        <hdop>3</hdop>
        <extensions>
          <osmand:speed>0.4</osmand:speed>
        </extensions>
      </trkpt>
      <trkpt lat="-13.5630243" lon="-71.2477571">
        <ele>4830.1</ele>
        <time>2026-06-02T17:18:16Z</time>
        <hdop>3</hdop>
        <extensions>
          <osmand:speed>0.3</osmand:speed>
        </extensions>
      </trkpt>
      <trkpt lat="-13.5630611" lon="-71.247808">
        <ele>4833.3</ele>
        <time>2026-06-02T17:18:31Z</time>
        <hdop>3</hdop>
        <extensions>
          <osmand:speed>0.2</osmand:speed>
        </extensions>
      </trkpt>
      <trkpt lat="-13.5631302" lon="-71.2478722">
        <ele>4835.2</ele>
        <time>2026-06-02T17:18:46Z</time>
        <hdop>3</hdop>
        <extensions>
          <osmand:speed>0.6</osmand:speed>
        </extensions>
      </trkpt>
      <trkpt lat="-13.5631606" lon="-71.2479278">
        <ele>4834.8</ele>
        <time>2026-06-02T17:19:01Z</time>
        <hdop>3</hdop>
        <extensions>
          <osmand:speed>0.6</osmand:speed>
        </extensions>
      </trkpt>
      <trkpt lat="-13.5631561" lon="-71.247936">
        <ele>4834.6</ele>
        <time>2026-06-02T17:19:17Z</time>
        <hdop>3</hdop>
        <extensions>
          <osmand:speed>0.1</osmand:speed>
        </extensions>
      </trkpt>
      <trkpt lat="-13.5631568" lon="-71.2479346">
        <ele>4834.6</ele>
        <time>2026-06-02T17:19:33Z</time>
        <hdop>3</hdop>
        <extensions>
          <osmand:speed>0.1</osmand:speed>
        </extensions>
      </trkpt>
      <trkpt lat="-13.5631592" lon="-71.2479346">
        <ele>4834.6</ele>
        <time>2026-06-02T17:19:48Z</time>
        <hdop>3</hdop>
        <extensions>
          <osmand:speed>0.1</osmand:speed>
        </extensions>
      </trkpt>
      <trkpt lat="-13.5631578" lon="-71.2479342">
        <ele>4834.6</ele>
        <time>2026-06-02T17:20:04Z</time>
        <hdop>3</hdop>
        <extensions>
          <osmand:speed>0.1</osmand:speed>
        </extensions>
      </trkpt>
      <trkpt lat="-13.5631562" lon="-71.247935">
        <ele>4834.6</ele>
        <time>2026-06-02T17:20:20Z</time>
        <hdop>3</hdop>
        <extensions>
          <osmand:speed>0.1</osmand:speed>
        </extensions>
      </trkpt>
      <trkpt lat="-13.5631565" lon="-71.2479382">
        <ele>4834.6</ele>
        <time>2026-06-02T17:20:36Z</time>
        <hdop>3</hdop>
        <extensions>
          <osmand:speed>0.1</osmand:speed>
        </extensions>
      </trkpt>
      <trkpt lat="-13.5631565" lon="-71.2479384">
        <ele>4834.6</ele>
        <time>2026-06-02T17:20:52Z</time>
        <hdop>3</hdop>
        <extensions>
          <osmand:speed>0.1</osmand:speed>
        </extensions>
      </trkpt>
      <trkpt lat="-13.5631556" lon="-71.2479371">
        <ele>4834.6</ele>
        <time>2026-06-02T17:21:07Z</time>
        <hdop>3</hdop>
        <extensions>
          <osmand:speed>0.1</osmand:speed>
        </extensions>
      </trkpt>
      <trkpt lat="-13.5631566" lon="-71.2479373">
        <ele>4834.6</ele>
        <time>2026-06-02T17:21:23Z</time>
        <hdop>3</hdop>
        <extensions>
          <osmand:speed>0.1</osmand:speed>
        </extensions>
      </trkpt>
      <trkpt lat="-13.5631576" lon="-71.2479382">
        <ele>4834.6</ele>
        <time>2026-06-02T17:21:39Z</time>
        <hdop>3</hdop>
        <extensions>
          <osmand:speed>0.1</osmand:speed>
        </extensions>
      </trkpt>
      <trkpt lat="-13.5631567" lon="-71.2479392">
        <ele>4834.6</ele>
        <time>2026-06-02T17:21:55Z</time>
        <hdop>3</hdop>
        <extensions>
          <osmand:speed>0.1</osmand:speed>
        </extensions>
      </trkpt>
      <trkpt lat="-13.5631564" lon="-71.2479393">
        <ele>4834.6</ele>
        <time>2026-06-02T17:22:11Z</time>
        <hdop>3</hdop>
        <extensions>
          <osmand:speed>0.1</osmand:speed>
        </extensions>
      </trkpt>
      <trkpt lat="-13.5631555" lon="-71.2479368">
        <ele>4834.6</ele>
        <time>2026-06-02T17:22:27Z</time>
        <hdop>3</hdop>
        <extensions>
          <osmand:speed>0.1</osmand:speed>
        </extensions>
      </trkpt>
      <trkpt lat="-13.5631566" lon="-71.2479367">
        <ele>4834.6</ele>
        <time>2026-06-02T17:22:43Z</time>
        <hdop>3</hdop>
        <extensions>
          <osmand:speed>0.1</osmand:speed>
        </extensions>
      </trkpt>
      <trkpt lat="-13.5631569" lon="-71.2479362">
        <ele>4834.6</ele>
        <time>2026-06-02T17:22:59Z</time>
        <hdop>3</hdop>
        <extensions>
          <osmand:speed>0.1</osmand:speed>
        </extensions>
      </trkpt>
      <trkpt lat="-13.5631566" lon="-71.2479361">
        <ele>4834.6</ele>
        <time>2026-06-02T17:23:15Z</time>
        <hdop>3</hdop>
        <extensions>
          <osmand:speed>0.1</osmand:speed>
        </extensions>
      </trkpt>
      <trkpt lat="-13.5631569" lon="-71.2479359">
        <ele>4834.6</ele>
        <time>2026-06-02T17:23:30Z</time>
        <hdop>3</hdop>
        <extensions>
          <osmand:speed>0.1</osmand:speed>
        </extensions>
      </trkpt>
      <trkpt lat="-13.5631557" lon="-71.2479351">
        <ele>4834.6</ele>
        <time>2026-06-02T17:23:45Z</time>
        <hdop>3</hdop>
        <extensions>
          <osmand:speed>0.1</osmand:speed>
        </extensions>
      </trkpt>
      <trkpt lat="-13.5631549" lon="-71.2479355">
        <ele>4834.6</ele>
        <time>2026-06-02T17:24:01Z</time>
        <hdop>3</hdop>
        <extensions>
          <osmand:speed>0.1</osmand:speed>
        </extensions>
      </trkpt>
      <trkpt lat="-13.5631613" lon="-71.2479422">
        <ele>4835.8</ele>
        <time>2026-06-02T17:24:16Z</time>
        <hdop>3</hdop>
        <extensions>
          <osmand:speed>0.3</osmand:speed>
        </extensions>
      </trkpt>
      <trkpt lat="-13.5632275" lon="-71.2480319">
        <ele>4837.5</ele>
        <time>2026-06-02T17:24:32Z</time>
        <hdop>3</hdop>
        <extensions>
          <osmand:speed>0.9</osmand:speed>
        </extensions>
      </trkpt>
      <trkpt lat="-13.5632862" lon="-71.2481167">
        <ele>4839.9</ele>
        <time>2026-06-02T17:24:47Z</time>
        <hdop>3</hdop>
        <extensions>
          <osmand:speed>0.7</osmand:speed>
        </extensions>
      </trkpt>
      <trkpt lat="-13.5633202" lon="-71.2481967">
        <ele>4839.6</ele>
        <time>2026-06-02T17:25:02Z</time>
        <hdop>3</hdop>
        <extensions>
          <osmand:speed>0.6</osmand:speed>
        </extensions>
      </trkpt>
      <trkpt lat="-13.5633599" lon="-71.2482646">
        <ele>4838.3</ele>
        <time>2026-06-02T17:25:18Z</time>
        <hdop>3</hdop>
        <extensions>
          <osmand:speed>0.6</osmand:speed>
        </extensions>
      </trkpt>
      <trkpt lat="-13.5634063" lon="-71.2483191">
        <ele>4838.9</ele>
        <time>2026-06-02T17:25:33Z</time>
        <hdop>3</hdop>
        <extensions>
          <osmand:speed>0.5</osmand:speed>
        </extensions>
      </trkpt>
      <trkpt lat="-13.5634459" lon="-71.2483731">
        <ele>4839.5</ele>
        <time>2026-06-02T17:25:48Z</time>
        <hdop>3</hdop>
        <extensions>
          <osmand:speed>0.5</osmand:speed>
        </extensions>
      </trkpt>
      <trkpt lat="-13.5634759" lon="-71.2484308">
        <ele>4842.4</ele>
        <time>2026-06-02T17:26:03Z</time>
        <hdop>3</hdop>
        <extensions>
          <osmand:speed>0.4</osmand:speed>
        </extensions>
      </trkpt>
      <trkpt lat="-13.5635102" lon="-71.2484597">
        <ele>4844.6</ele>
        <time>2026-06-02T17:26:19Z</time>
        <hdop>3</hdop>
        <extensions>
          <osmand:speed>0.2</osmand:speed>
        </extensions>
      </trkpt>
      <trkpt lat="-13.5635381" lon="-71.2485073">
        <ele>4843.5</ele>
        <time>2026-06-02T17:26:34Z</time>
        <hdop>3</hdop>
        <extensions>
          <osmand:speed>0.1</osmand:speed>
        </extensions>
      </trkpt>
      <trkpt lat="-13.5635861" lon="-71.2485723">
        <ele>4844.9</ele>
        <time>2026-06-02T17:26:49Z</time>
        <hdop>3</hdop>
        <extensions>
          <osmand:speed>0.3</osmand:speed>
        </extensions>
      </trkpt>
      <trkpt lat="-13.5636131" lon="-71.2486212">
        <ele>4846.9</ele>
        <time>2026-06-02T17:27:04Z</time>
        <hdop>3</hdop>
        <extensions>
          <osmand:speed>0.3</osmand:speed>
        </extensions>
      </trkpt>
      <trkpt lat="-13.5636591" lon="-71.2486812">
        <ele>4848.3</ele>
        <time>2026-06-02T17:27:20Z</time>
        <hdop>3</hdop>
        <extensions>
          <osmand:speed>0.3</osmand:speed>
        </extensions>
      </trkpt>
      <trkpt lat="-13.5637005" lon="-71.2487024">
        <ele>4850.9</ele>
        <time>2026-06-02T17:27:35Z</time>
        <hdop>3</hdop>
        <extensions>
          <osmand:speed>0.3</osmand:speed>
        </extensions>
      </trkpt>
      <trkpt lat="-13.5637437" lon="-71.2487442">
        <ele>4849.7</ele>
        <time>2026-06-02T17:27:51Z</time>
        <hdop>3</hdop>
        <extensions>
          <osmand:speed>0.5</osmand:speed>
        </extensions>
      </trkpt>
      <trkpt lat="-13.5637879" lon="-71.2487921">
        <ele>4849.1</ele>
        <time>2026-06-02T17:28:06Z</time>
        <hdop>3</hdop>
        <extensions>
          <osmand:speed>0.4</osmand:speed>
        </extensions>
      </trkpt>
      <trkpt lat="-13.5638302" lon="-71.2488413">
        <ele>4850.1</ele>
        <time>2026-06-02T17:28:21Z</time>
        <hdop>3</hdop>
        <extensions>
          <osmand:speed>0.4</osmand:speed>
        </extensions>
      </trkpt>
      <trkpt lat="-13.5638812" lon="-71.2488836">
        <ele>4852.5</ele>
        <time>2026-06-02T17:28:36Z</time>
        <hdop>3</hdop>
        <extensions>
          <osmand:speed>0.5</osmand:speed>
        </extensions>
      </trkpt>
      <trkpt lat="-13.5639513" lon="-71.2489375">
        <ele>4853.9</ele>
        <time>2026-06-02T17:28:52Z</time>
        <hdop>3</hdop>
        <extensions>
          <osmand:speed>0.6</osmand:speed>
        </extensions>
      </trkpt>
      <trkpt lat="-13.564031" lon="-71.2489733">
        <ele>4854</ele>
        <time>2026-06-02T17:29:07Z</time>
        <hdop>3</hdop>
        <extensions>
          <osmand:speed>0.6</osmand:speed>
        </extensions>
      </trkpt>
      <trkpt lat="-13.5640893" lon="-71.2490252">
        <ele>4855.1</ele>
        <time>2026-06-02T17:29:22Z</time>
        <hdop>3</hdop>
        <extensions>
          <osmand:speed>0.5</osmand:speed>
        </extensions>
      </trkpt>
      <trkpt lat="-13.5641243" lon="-71.2490432">
        <ele>4855</ele>
        <time>2026-06-02T17:29:37Z</time>
        <hdop>3</hdop>
        <extensions>
          <osmand:speed>0.1</osmand:speed>
        </extensions>
      </trkpt>
      <trkpt lat="-13.5641247" lon="-71.2490419">
        <ele>4855</ele>
        <time>2026-06-02T17:29:53Z</time>
        <hdop>3</hdop>
        <extensions>
          <osmand:speed>0.1</osmand:speed>
        </extensions>
      </trkpt>
      <trkpt lat="-13.5641233" lon="-71.249042">
        <ele>4855</ele>
        <time>2026-06-02T17:30:08Z</time>
        <hdop>3</hdop>
        <extensions>
          <osmand:speed>0</osmand:speed>
        </extensions>
      </trkpt>
      <trkpt lat="-13.5641271" lon="-71.2490641">
        <ele>4855.9</ele>
        <time>2026-06-02T17:30:24Z</time>
        <hdop>3</hdop>
        <extensions>
          <osmand:speed>0.1</osmand:speed>
        </extensions>
      </trkpt>
      <trkpt lat="-13.5641223" lon="-71.2490749">
        <ele>4855.9</ele>
        <time>2026-06-02T17:30:40Z</time>
        <hdop>3</hdop>
        <extensions>
          <osmand:speed>0.1</osmand:speed>
        </extensions>
      </trkpt>
      <trkpt lat="-13.564131" lon="-71.2490973">
        <ele>4854.9</ele>
        <time>2026-06-02T17:30:55Z</time>
        <hdop>3</hdop>
        <extensions>
          <osmand:speed>0.1</osmand:speed>
        </extensions>
      </trkpt>
      <trkpt lat="-13.5641653" lon="-71.2491003">
        <ele>4854.6</ele>
        <time>2026-06-02T17:31:11Z</time>
        <hdop>3</hdop>
        <extensions>
          <osmand:speed>0.1</osmand:speed>
        </extensions>
      </trkpt>
      <trkpt lat="-13.5641779" lon="-71.2490933">
        <ele>4854.6</ele>
        <time>2026-06-02T17:31:27Z</time>
        <hdop>3</hdop>
        <extensions>
          <osmand:speed>0.1</osmand:speed>
        </extensions>
      </trkpt>
      <trkpt lat="-13.5641802" lon="-71.2490601">
        <ele>4855</ele>
        <time>2026-06-02T17:31:42Z</time>
        <hdop>6.8</hdop>
        <extensions>
          <osmand:speed>0.7</osmand:speed>
        </extensions>
      </trkpt>
      <trkpt lat="-13.5641197" lon="-71.2490634">
        <ele>4855.7</ele>
        <time>2026-06-02T17:31:58Z</time>
        <hdop>3</hdop>
        <extensions>
          <osmand:speed>0</osmand:speed>
        </extensions>
      </trkpt>
      <trkpt lat="-13.56408" lon="-71.2490477">
        <ele>4855.9</ele>
        <time>2026-06-02T17:32:14Z</time>
        <hdop>3</hdop>
        <extensions>
          <osmand:speed>0.1</osmand:speed>
        </extensions>
      </trkpt>
      <trkpt lat="-13.56402" lon="-71.2491767">
        <ele>4846.6</ele>
        <time>2026-06-02T17:35:39Z</time>
        <hdop>9.3</hdop>
      </trkpt>
      <trkpt lat="-13.5638891" lon="-71.2487888">
        <ele>4840</ele>
        <time>2026-06-02T17:35:54Z</time>
        <hdop>5.7</hdop>
        <extensions>
          <osmand:speed>0.2</osmand:speed>
        </extensions>
      </trkpt>
      <trkpt lat="-13.5639224" lon="-71.2487643">
        <ele>4856.9</ele>
        <time>2026-06-02T17:36:10Z</time>
        <hdop>5.7</hdop>
        <extensions>
          <osmand:speed>0.2</osmand:speed>
        </extensions>
      </trkpt>
      <trkpt lat="-13.5639427" lon="-71.2488416">
        <ele>4849.8</ele>
        <time>2026-06-02T17:36:26Z</time>
        <hdop>3.9</hdop>
        <extensions>
          <osmand:speed>0.2</osmand:speed>
        </extensions>
      </trkpt>
      <trkpt lat="-13.5638448" lon="-71.2490495">
        <ele>4849.8</ele>
        <time>2026-06-02T17:36:46Z</time>
        <hdop>49.8</hdop>
        <extensions>
          <osmand:speed>3</osmand:speed>
        </extensions>
      </trkpt>
      <trkpt lat="-13.5637478" lon="-71.24901">
        <ele>4845.2</ele>
        <time>2026-06-02T17:37:02Z</time>
        <hdop>10.5</hdop>
        <extensions>
          <osmand:speed>0.3</osmand:speed>
        </extensions>
      </trkpt>
      <trkpt lat="-13.5638072" lon="-71.249075">
        <ele>4844.8</ele>
        <time>2026-06-02T17:37:18Z</time>
        <hdop>19.4</hdop>
        <extensions>
          <osmand:speed>0.2</osmand:speed>
        </extensions>
      </trkpt>
      <trkpt lat="-13.56435" lon="-71.2493517">
        <ele>4810.4</ele>
        <time>2026-06-02T17:38:32Z</time>
        <hdop>9.2</hdop>
      </trkpt>
      <trkpt lat="-13.5642131" lon="-71.2492243">
        <ele>4818.1</ele>
        <time>2026-06-02T17:38:47Z</time>
        <hdop>5.8</hdop>
        <extensions>
          <osmand:speed>0.2</osmand:speed>
        </extensions>
      </trkpt>
      <trkpt lat="-13.5641234" lon="-71.2491983">
        <ele>4827.3</ele>
        <time>2026-06-02T17:39:03Z</time>
        <hdop>6</hdop>
        <extensions>
          <osmand:speed>0.1</osmand:speed>
        </extensions>
      </trkpt>
      <trkpt lat="-13.564174" lon="-71.2490674">
        <ele>4856.9</ele>
        <time>2026-06-02T17:39:18Z</time>
        <hdop>3</hdop>
        <extensions>
          <osmand:speed>0.1</osmand:speed>
        </extensions>
      </trkpt>
      <trkpt lat="-13.564174" lon="-71.2490677">
        <ele>4856.9</ele>
        <time>2026-06-02T17:39:34Z</time>
        <hdop>3</hdop>
        <extensions>
          <osmand:speed>0.1</osmand:speed>
        </extensions>
      </trkpt>
      <trkpt lat="-13.5641724" lon="-71.249068">
        <ele>4856.9</ele>
        <time>2026-06-02T17:39:49Z</time>
        <hdop>3</hdop>
        <extensions>
          <osmand:speed>0.1</osmand:speed>
        </extensions>
      </trkpt>
      <trkpt lat="-13.5641296" lon="-71.2490477">
        <ele>4860.3</ele>
        <time>2026-06-02T17:40:05Z</time>
        <hdop>3</hdop>
        <extensions>
          <osmand:speed>0.1</osmand:speed>
        </extensions>
      </trkpt>
      <trkpt lat="-13.5641269" lon="-71.2490436">
        <ele>4860.3</ele>
        <time>2026-06-02T17:40:21Z</time>
        <hdop>3</hdop>
        <extensions>
          <osmand:speed>0.1</osmand:speed>
        </extensions>
      </trkpt>
      <trkpt lat="-13.5641278" lon="-71.2490435">
        <ele>4860.3</ele>
        <time>2026-06-02T17:40:37Z</time>
        <hdop>3</hdop>
        <extensions>
          <osmand:speed>0.1</osmand:speed>
        </extensions>
      </trkpt>
      <trkpt lat="-13.5641224" lon="-71.2490393">
        <ele>4856.9</ele>
        <time>2026-06-02T17:40:53Z</time>
        <hdop>3</hdop>
        <extensions>
          <osmand:speed>0.1</osmand:speed>
        </extensions>
      </trkpt>
      <trkpt lat="-13.5641202" lon="-71.2490393">
        <ele>4856.9</ele>
        <time>2026-06-02T17:41:09Z</time>
        <hdop>3</hdop>
        <extensions>
          <osmand:speed>0.1</osmand:speed>
        </extensions>
      </trkpt>
      <trkpt lat="-13.5641405" lon="-71.2490995">
        <ele>4856.1</ele>
        <time>2026-06-02T17:41:24Z</time>
        <hdop>3</hdop>
        <extensions>
          <osmand:speed>0.6</osmand:speed>
        </extensions>
      </trkpt>
      <trkpt lat="-13.5642173" lon="-71.2491889">
        <ele>4857.9</ele>
        <time>2026-06-02T17:41:39Z</time>
        <hdop>3</hdop>
        <extensions>
          <osmand:speed>0.8</osmand:speed>
        </extensions>
      </trkpt>
      <trkpt lat="-13.5642788" lon="-71.2492672">
        <ele>4858.3</ele>
        <time>2026-06-02T17:41:54Z</time>
        <hdop>3</hdop>
        <extensions>
          <osmand:speed>0.7</osmand:speed>
        </extensions>
      </trkpt>
      <trkpt lat="-13.5643242" lon="-71.2493418">
        <ele>4858.8</ele>
        <time>2026-06-02T17:42:09Z</time>
        <hdop>3</hdop>
        <extensions>
          <osmand:speed>0.5</osmand:speed>
        </extensions>
      </trkpt>
      <trkpt lat="-13.5643445" lon="-71.2494176">
        <ele>4861.5</ele>
        <time>2026-06-02T17:42:25Z</time>
        <hdop>3</hdop>
        <extensions>
          <osmand:speed>0.5</osmand:speed>
        </extensions>
      </trkpt>
      <trkpt lat="-13.5643721" lon="-71.2494511">
        <ele>4864.5</ele>
        <time>2026-06-02T17:42:40Z</time>
        <hdop>3</hdop>
        <extensions>
          <osmand:speed>0.1</osmand:speed>
        </extensions>
      </trkpt>
      <trkpt lat="-13.564409" lon="-71.249482">
        <ele>4864.3</ele>
        <time>2026-06-02T17:42:56Z</time>
        <hdop>3</hdop>
        <extensions>
          <osmand:speed>0.3</osmand:speed>
        </extensions>
      </trkpt>
      <trkpt lat="-13.5644408" lon="-71.2495178">
        <ele>4866.7</ele>
        <time>2026-06-02T17:43:11Z</time>
        <hdop>3</hdop>
        <extensions>
          <osmand:speed>0.3</osmand:speed>
        </extensions>
      </trkpt>
      <trkpt lat="-13.5644714" lon="-71.2495887">
        <ele>4868.3</ele>
        <time>2026-06-02T17:43:26Z</time>
        <hdop>3</hdop>
        <extensions>
          <osmand:speed>0.4</osmand:speed>
        </extensions>
      </trkpt>
      <trkpt lat="-13.5644658" lon="-71.2496311">
        <ele>4870.2</ele>
        <time>2026-06-02T17:43:42Z</time>
        <hdop>3</hdop>
        <extensions>
          <osmand:speed>0.4</osmand:speed>
        </extensions>
      </trkpt>
      <trkpt lat="-13.5644754" lon="-71.2496459">
        <ele>4870.6</ele>
        <time>2026-06-02T17:43:58Z</time>
        <hdop>3</hdop>
        <extensions>
          <osmand:speed>0.1</osmand:speed>
        </extensions>
      </trkpt>
      <trkpt lat="-13.5645049" lon="-71.2497466">
        <ele>4873.7</ele>
        <time>2026-06-02T17:44:13Z</time>
        <hdop>3.1</hdop>
        <extensions>
          <osmand:speed>0.6</osmand:speed>
        </extensions>
      </trkpt>
      <trkpt lat="-13.5644963" lon="-71.249814">
        <ele>4874</ele>
        <time>2026-06-02T17:44:28Z</time>
        <hdop>3</hdop>
        <extensions>
          <osmand:speed>0.6</osmand:speed>
        </extensions>
      </trkpt>
      <trkpt lat="-13.5644924" lon="-71.2498982">
        <ele>4873.1</ele>
        <time>2026-06-02T17:44:44Z</time>
        <hdop>3</hdop>
        <extensions>
          <osmand:speed>0.6</osmand:speed>
        </extensions>
      </trkpt>
      <trkpt lat="-13.5645489" lon="-71.2499361">
        <ele>4874.5</ele>
        <time>2026-06-02T17:44:59Z</time>
        <hdop>3</hdop>
        <extensions>
          <osmand:speed>0.6</osmand:speed>
        </extensions>
      </trkpt>
      <trkpt lat="-13.56458" lon="-71.2499715">
        <ele>4876.3</ele>
        <time>2026-06-02T17:45:14Z</time>
        <hdop>3</hdop>
        <extensions>
          <osmand:speed>0.4</osmand:speed>
        </extensions>
      </trkpt>
      <trkpt lat="-13.5646184" lon="-71.2500153">
        <ele>4879.3</ele>
        <time>2026-06-02T17:45:30Z</time>
        <hdop>3</hdop>
        <extensions>
          <osmand:speed>0.3</osmand:speed>
        </extensions>
      </trkpt>
      <trkpt lat="-13.5646463" lon="-71.2500657">
        <ele>4880.9</ele>
        <time>2026-06-02T17:45:45Z</time>
        <hdop>3</hdop>
        <extensions>
          <osmand:speed>0.6</osmand:speed>
        </extensions>
      </trkpt>
      <trkpt lat="-13.5646585" lon="-71.2501396">
        <ele>4882.2</ele>
        <time>2026-06-02T17:46:00Z</time>
        <hdop>3</hdop>
        <extensions>
          <osmand:speed>0.5</osmand:speed>
        </extensions>
      </trkpt>
      <trkpt lat="-13.564651" lon="-71.2501981">
        <ele>4882.3</ele>
        <time>2026-06-02T17:46:16Z</time>
        <hdop>3</hdop>
        <extensions>
          <osmand:speed>0.3</osmand:speed>
        </extensions>
      </trkpt>
      <trkpt lat="-13.5646762" lon="-71.2502568">
        <ele>4882</ele>
        <time>2026-06-02T17:46:31Z</time>
        <hdop>3</hdop>
        <extensions>
          <osmand:speed>0.4</osmand:speed>
        </extensions>
      </trkpt>
      <trkpt lat="-13.5646854" lon="-71.2503062">
        <ele>4885.6</ele>
        <time>2026-06-02T17:46:46Z</time>
        <hdop>3</hdop>
        <extensions>
          <osmand:speed>0.3</osmand:speed>
        </extensions>
      </trkpt>
      <trkpt lat="-13.5647081" lon="-71.2503786">
        <ele>4889.9</ele>
        <time>2026-06-02T17:47:02Z</time>
        <hdop>3</hdop>
        <extensions>
          <osmand:speed>0.6</osmand:speed>
        </extensions>
      </trkpt>
      <trkpt lat="-13.5647386" lon="-71.2504615">
        <ele>4892.9</ele>
        <time>2026-06-02T17:47:17Z</time>
        <hdop>3</hdop>
        <extensions>
          <osmand:speed>0.7</osmand:speed>
        </extensions>
      </trkpt>
      <trkpt lat="-13.5647615" lon="-71.2505214">
        <ele>4892.6</ele>
        <time>2026-06-02T17:47:32Z</time>
        <hdop>3</hdop>
        <extensions>
          <osmand:speed>0.5</osmand:speed>
        </extensions>
      </trkpt>
      <trkpt lat="-13.5647658" lon="-71.250609">
        <ele>4891.2</ele>
        <time>2026-06-02T17:47:47Z</time>
        <hdop>3</hdop>
        <extensions>
          <osmand:speed>0.7</osmand:speed>
        </extensions>
      </trkpt>
      <trkpt lat="-13.5647508" lon="-71.2507022">
        <ele>4894.6</ele>
        <time>2026-06-02T17:48:02Z</time>
        <hdop>3</hdop>
        <extensions>
          <osmand:speed>0.8</osmand:speed>
        </extensions>
      </trkpt>
      <trkpt lat="-13.5647333" lon="-71.2508095">
        <ele>4897.3</ele>
        <time>2026-06-02T17:48:18Z</time>
        <hdop>3</hdop>
        <extensions>
          <osmand:speed>0.8</osmand:speed>
        </extensions>
      </trkpt>
      <trkpt lat="-13.5647096" lon="-71.2508202">
        <ele>4895.4</ele>
        <time>2026-06-02T17:48:33Z</time>
        <hdop>3</hdop>
        <extensions>
          <osmand:speed>0.3</osmand:speed>
        </extensions>
      </trkpt>
      <trkpt lat="-13.5646744" lon="-71.250809">
        <ele>4895.8</ele>
        <time>2026-06-02T17:48:48Z</time>
        <hdop>3</hdop>
        <extensions>
          <osmand:speed>0.8</osmand:speed>
        </extensions>
      </trkpt>
      <trkpt lat="-13.5646159" lon="-71.2508959">
        <ele>4896.9</ele>
        <time>2026-06-02T17:49:03Z</time>
        <hdop>3</hdop>
        <extensions>
          <osmand:speed>0.9</osmand:speed>
        </extensions>
      </trkpt>
      <trkpt lat="-13.564532" lon="-71.251005">
        <ele>4896.4</ele>
        <time>2026-06-02T17:49:18Z</time>
        <hdop>3</hdop>
        <extensions>
          <osmand:speed>1</osmand:speed>
        </extensions>
      </trkpt>
      <trkpt lat="-13.5645258" lon="-71.2510239">
        <ele>4896.9</ele>
        <time>2026-06-02T17:49:33Z</time>
        <hdop>3</hdop>
        <extensions>
          <osmand:speed>0.1</osmand:speed>
        </extensions>
      </trkpt>
      <trkpt lat="-13.5645257" lon="-71.2510236">
        <ele>4896.9</ele>
        <time>2026-06-02T17:49:49Z</time>
        <hdop>3</hdop>
        <extensions>
          <osmand:speed>0.1</osmand:speed>
        </extensions>
      </trkpt>
      <trkpt lat="-13.5644987" lon="-71.2511084">
        <ele>4898.1</ele>
        <time>2026-06-02T17:50:05Z</time>
        <hdop>3</hdop>
        <extensions>
          <osmand:speed>0.6</osmand:speed>
        </extensions>
      </trkpt>
      <trkpt lat="-13.564539" lon="-71.2511272">
        <ele>4898.8</ele>
        <time>2026-06-02T17:50:20Z</time>
        <hdop>3</hdop>
        <extensions>
          <osmand:speed>0.7</osmand:speed>
        </extensions>
      </trkpt>
      <trkpt lat="-13.5645319" lon="-71.2511469">
        <ele>4898.8</ele>
        <time>2026-06-02T17:50:36Z</time>
        <hdop>3</hdop>
        <extensions>
          <osmand:speed>0.1</osmand:speed>
        </extensions>
      </trkpt>
      <trkpt lat="-13.5645326" lon="-71.2511445">
        <ele>4898.8</ele>
        <time>2026-06-02T17:50:52Z</time>
        <hdop>3</hdop>
        <extensions>
          <osmand:speed>0.1</osmand:speed>
        </extensions>
      </trkpt>
      <trkpt lat="-13.5645327" lon="-71.2511435">
        <ele>4898.8</ele>
        <time>2026-06-02T17:51:07Z</time>
        <hdop>3</hdop>
        <extensions>
          <osmand:speed>0.1</osmand:speed>
        </extensions>
      </trkpt>
      <trkpt lat="-13.5645321" lon="-71.2511437">
        <ele>4898.8</ele>
        <time>2026-06-02T17:51:23Z</time>
        <hdop>3</hdop>
        <extensions>
          <osmand:speed>0.1</osmand:speed>
        </extensions>
      </trkpt>
      <trkpt lat="-13.5645323" lon="-71.2511441">
        <ele>4898.8</ele>
        <time>2026-06-02T17:51:39Z</time>
        <hdop>3</hdop>
        <extensions>
          <osmand:speed>0.1</osmand:speed>
        </extensions>
      </trkpt>
      <trkpt lat="-13.5645334" lon="-71.2511466">
        <ele>4898.8</ele>
        <time>2026-06-02T17:51:55Z</time>
        <hdop>3</hdop>
        <extensions>
          <osmand:speed>0.1</osmand:speed>
        </extensions>
      </trkpt>
      <trkpt lat="-13.5645335" lon="-71.251148">
        <ele>4898.8</ele>
        <time>2026-06-02T17:52:10Z</time>
        <hdop>3</hdop>
        <extensions>
          <osmand:speed>0.1</osmand:speed>
        </extensions>
      </trkpt>
      <trkpt lat="-13.5645369" lon="-71.2511387">
        <ele>4897.2</ele>
        <time>2026-06-02T17:52:26Z</time>
        <hdop>3</hdop>
        <extensions>
          <osmand:speed>0.1</osmand:speed>
        </extensions>
      </trkpt>
      <trkpt lat="-13.5645359" lon="-71.2511404">
        <ele>4897.2</ele>
        <time>2026-06-02T17:52:41Z</time>
        <hdop>3</hdop>
        <extensions>
          <osmand:speed>0</osmand:speed>
        </extensions>
      </trkpt>
      <trkpt lat="-13.5645624" lon="-71.251161">
        <ele>4897</ele>
        <time>2026-06-02T17:52:57Z</time>
        <hdop>3</hdop>
        <extensions>
          <osmand:speed>0.1</osmand:speed>
        </extensions>
      </trkpt>
      <trkpt lat="-13.5645625" lon="-71.2511595">
        <ele>4897</ele>
        <time>2026-06-02T17:53:12Z</time>
        <hdop>3</hdop>
        <extensions>
          <osmand:speed>0.1</osmand:speed>
        </extensions>
      </trkpt>
      <trkpt lat="-13.5645636" lon="-71.2511601">
        <ele>4897</ele>
        <time>2026-06-02T17:53:28Z</time>
        <hdop>3</hdop>
        <extensions>
          <osmand:speed>0</osmand:speed>
        </extensions>
      </trkpt>
      <trkpt lat="-13.5645634" lon="-71.2511605">
        <ele>4897</ele>
        <time>2026-06-02T17:53:44Z</time>
        <hdop>3</hdop>
        <extensions>
          <osmand:speed>0.1</osmand:speed>
        </extensions>
      </trkpt>
      <trkpt lat="-13.5645624" lon="-71.2511608">
        <ele>4897</ele>
        <time>2026-06-02T17:54:00Z</time>
        <hdop>3</hdop>
        <extensions>
          <osmand:speed>0.1</osmand:speed>
        </extensions>
      </trkpt>
      <trkpt lat="-13.564553" lon="-71.2511722">
        <ele>4896.4</ele>
        <time>2026-06-02T17:54:16Z</time>
        <hdop>3</hdop>
        <extensions>
          <osmand:speed>0.1</osmand:speed>
        </extensions>
      </trkpt>
      <trkpt lat="-13.5645503" lon="-71.2511779">
        <ele>4896.4</ele>
        <time>2026-06-02T17:54:32Z</time>
        <hdop>3</hdop>
        <extensions>
          <osmand:speed>0.1</osmand:speed>
        </extensions>
      </trkpt>
      <trkpt lat="-13.5645491" lon="-71.2511791">
        <ele>4896.4</ele>
        <time>2026-06-02T17:54:48Z</time>
        <hdop>3</hdop>
        <extensions>
          <osmand:speed>0.1</osmand:speed>
        </extensions>
      </trkpt>
      <trkpt lat="-13.5645493" lon="-71.251178">
        <ele>4896.4</ele>
        <time>2026-06-02T17:55:04Z</time>
        <hdop>3</hdop>
        <extensions>
          <osmand:speed>0.1</osmand:speed>
        </extensions>
      </trkpt>
      <trkpt lat="-13.5645493" lon="-71.2511782">
        <ele>4896.4</ele>
        <time>2026-06-02T17:55:20Z</time>
        <hdop>3</hdop>
        <extensions>
          <osmand:speed>0.1</osmand:speed>
        </extensions>
      </trkpt>
      <trkpt lat="-13.56455" lon="-71.2511761">
        <ele>4896.4</ele>
        <time>2026-06-02T17:55:36Z</time>
        <hdop>3</hdop>
        <extensions>
          <osmand:speed>0.1</osmand:speed>
        </extensions>
      </trkpt>
      <trkpt lat="-13.5645514" lon="-71.251174">
        <ele>4896.4</ele>
        <time>2026-06-02T17:55:52Z</time>
        <hdop>3</hdop>
        <extensions>
          <osmand:speed>0.1</osmand:speed>
        </extensions>
      </trkpt>
      <trkpt lat="-13.5645498" lon="-71.2511759">
        <ele>4896.4</ele>
        <time>2026-06-02T17:56:08Z</time>
        <hdop>3</hdop>
        <extensions>
          <osmand:speed>0.1</osmand:speed>
        </extensions>
      </trkpt>
      <trkpt lat="-13.5645498" lon="-71.2511768">
        <ele>4896.4</ele>
        <time>2026-06-02T17:56:24Z</time>
        <hdop>3</hdop>
        <extensions>
          <osmand:speed>0.1</osmand:speed>
        </extensions>
      </trkpt>
      <trkpt lat="-13.56455" lon="-71.2511767">
        <ele>4896.4</ele>
        <time>2026-06-02T17:56:40Z</time>
        <hdop>2.1</hdop>
      </trkpt>
      <trkpt lat="-13.56455" lon="-71.2511767">
        <ele>4896.4</ele>
        <time>2026-06-02T17:56:56Z</time>
        <hdop>1.8</hdop>
      </trkpt>
      <trkpt lat="-13.56455" lon="-71.2511767">
        <ele>4896.4</ele>
        <time>2026-06-02T17:57:12Z</time>
        <hdop>1.5</hdop>
      </trkpt>
      <trkpt lat="-13.56455" lon="-71.2511767">
        <ele>4896.4</ele>
        <time>2026-06-02T17:57:28Z</time>
        <hdop>1.5</hdop>
      </trkpt>
      <trkpt lat="-13.56455" lon="-71.2511767">
        <ele>4896.4</ele>
        <time>2026-06-02T17:57:43Z</time>
        <hdop>1.7</hdop>
      </trkpt>
      <trkpt lat="-13.56455" lon="-71.2511767">
        <ele>4896.4</ele>
        <time>2026-06-02T17:57:59Z</time>
        <hdop>1.7</hdop>
      </trkpt>
      <trkpt lat="-13.56455" lon="-71.2511767">
        <ele>4896.4</ele>
        <time>2026-06-02T17:58:15Z</time>
        <hdop>1.7</hdop>
      </trkpt>
      <trkpt lat="-13.56455" lon="-71.2511767">
        <ele>4896.4</ele>
        <time>2026-06-02T17:58:31Z</time>
        <hdop>1.6</hdop>
      </trkpt>
      <trkpt lat="-13.56455" lon="-71.2511767">
        <ele>4896.4</ele>
        <time>2026-06-02T17:58:47Z</time>
        <hdop>1.5</hdop>
      </trkpt>
      <trkpt lat="-13.56455" lon="-71.2511767">
        <ele>4896.4</ele>
        <time>2026-06-02T17:59:02Z</time>
        <hdop>1.5</hdop>
      </trkpt>
      <trkpt lat="-13.56455" lon="-71.2511767">
        <ele>4896.4</ele>
        <time>2026-06-02T17:59:18Z</time>
        <hdop>1.5</hdop>
      </trkpt>
      <trkpt lat="-13.56455" lon="-71.2511767">
        <ele>4896.4</ele>
        <time>2026-06-02T17:59:34Z</time>
        <hdop>1.6</hdop>
      </trkpt>
      <trkpt lat="-13.56455" lon="-71.2511767">
        <ele>4896.4</ele>
        <time>2026-06-02T17:59:50Z</time>
        <hdop>1.6</hdop>
      </trkpt>
      <trkpt lat="-13.56455" lon="-71.2511767">
        <ele>4896.4</ele>
        <time>2026-06-02T18:00:06Z</time>
        <hdop>1.4</hdop>
      </trkpt>
      <trkpt lat="-13.56455" lon="-71.2511767">
        <ele>4896.4</ele>
        <time>2026-06-02T18:00:22Z</time>
        <hdop>1.4</hdop>
      </trkpt>
      <trkpt lat="-13.56455" lon="-71.2511767">
        <ele>4896.4</ele>
        <time>2026-06-02T18:00:38Z</time>
        <hdop>1.5</hdop>
      </trkpt>
      <trkpt lat="-13.56455" lon="-71.2511767">
        <ele>4896.4</ele>
        <time>2026-06-02T18:00:54Z</time>
        <hdop>1.9</hdop>
      </trkpt>
      <trkpt lat="-13.56455" lon="-71.2511767">
        <ele>4896.4</ele>
        <time>2026-06-02T18:01:09Z</time>
        <hdop>1.9</hdop>
      </trkpt>
      <trkpt lat="-13.56455" lon="-71.2511767">
        <ele>4896.4</ele>
        <time>2026-06-02T18:01:25Z</time>
        <hdop>1.5</hdop>
      </trkpt>
      <trkpt lat="-13.56455" lon="-71.2511767">
        <ele>4896.4</ele>
        <time>2026-06-02T18:01:40Z</time>
        <hdop>1.5</hdop>
      </trkpt>
      <trkpt lat="-13.56455" lon="-71.2511767">
        <ele>4896.4</ele>
        <time>2026-06-02T18:01:56Z</time>
        <hdop>1.5</hdop>
      </trkpt>
      <trkpt lat="-13.56455" lon="-71.2511767">
        <ele>4896.4</ele>
        <time>2026-06-02T18:02:12Z</time>
        <hdop>1.3</hdop>
      </trkpt>
      <trkpt lat="-13.56455" lon="-71.2511767">
        <ele>4896.4</ele>
        <time>2026-06-02T18:02:28Z</time>
        <hdop>1.3</hdop>
      </trkpt>
      <trkpt lat="-13.56455" lon="-71.2511767">
        <ele>4896.4</ele>
        <time>2026-06-02T18:02:44Z</time>
        <hdop>1.3</hdop>
      </trkpt>
      <trkpt lat="-13.56455" lon="-71.2511767">
        <ele>4896.4</ele>
        <time>2026-06-02T18:03:00Z</time>
        <hdop>1.3</hdop>
      </trkpt>
      <trkpt lat="-13.56455" lon="-71.2511767">
        <ele>4896.4</ele>
        <time>2026-06-02T18:03:15Z</time>
        <hdop>1.4</hdop>
      </trkpt>
      <trkpt lat="-13.56455" lon="-71.2511767">
        <ele>4896.4</ele>
        <time>2026-06-02T18:03:31Z</time>
        <hdop>1.3</hdop>
      </trkpt>
      <trkpt lat="-13.56455" lon="-71.2511767">
        <ele>4896.4</ele>
        <time>2026-06-02T18:03:46Z</time>
        <hdop>1.4</hdop>
      </trkpt>
      <trkpt lat="-13.56455" lon="-71.2511767">
        <ele>4896.4</ele>
        <time>2026-06-02T18:04:02Z</time>
        <hdop>1.3</hdop>
      </trkpt>
      <trkpt lat="-13.56455" lon="-71.2511767">
        <ele>4896.4</ele>
        <time>2026-06-02T18:04:17Z</time>
        <hdop>1.4</hdop>
      </trkpt>
      <trkpt lat="-13.56455" lon="-71.2511767">
        <ele>4896.4</ele>
        <time>2026-06-02T18:04:33Z</time>
        <hdop>1.3</hdop>
      </trkpt>
      <trkpt lat="-13.56455" lon="-71.2511767">
        <ele>4896.4</ele>
        <time>2026-06-02T18:04:49Z</time>
        <hdop>1.3</hdop>
      </trkpt>
      <trkpt lat="-13.56455" lon="-71.2511767">
        <ele>4896.4</ele>
        <time>2026-06-02T18:05:04Z</time>
        <hdop>1.4</hdop>
      </trkpt>
      <trkpt lat="-13.56455" lon="-71.2511767">
        <ele>4896.4</ele>
        <time>2026-06-02T18:05:20Z</time>
        <hdop>1.3</hdop>
      </trkpt>
      <trkpt lat="-13.56455" lon="-71.2511767">
        <ele>4896.4</ele>
        <time>2026-06-02T18:05:36Z</time>
        <hdop>1.3</hdop>
      </trkpt>
      <trkpt lat="-13.5645481" lon="-71.2511762">
        <ele>4896.4</ele>
        <time>2026-06-02T18:05:51Z</time>
        <hdop>3</hdop>
        <extensions>
          <osmand:speed>0.1</osmand:speed>
        </extensions>
      </trkpt>
      <trkpt lat="-13.5645495" lon="-71.2511758">
        <ele>4896.4</ele>
        <time>2026-06-02T18:06:06Z</time>
        <hdop>3</hdop>
        <extensions>
          <osmand:speed>0.1</osmand:speed>
        </extensions>
      </trkpt>
      <trkpt lat="-13.5645496" lon="-71.251175">
        <ele>4896.4</ele>
        <time>2026-06-02T18:06:22Z</time>
        <hdop>3</hdop>
        <extensions>
          <osmand:speed>0.1</osmand:speed>
        </extensions>
      </trkpt>
      <trkpt lat="-13.5645506" lon="-71.2511757">
        <ele>4896.4</ele>
        <time>2026-06-02T18:06:38Z</time>
        <hdop>3</hdop>
        <extensions>
          <osmand:speed>0.1</osmand:speed>
        </extensions>
      </trkpt>
      <trkpt lat="-13.5645506" lon="-71.2511756">
        <ele>4896.4</ele>
        <time>2026-06-02T18:06:53Z</time>
        <hdop>3</hdop>
        <extensions>
          <osmand:speed>0.1</osmand:speed>
        </extensions>
      </trkpt>
      <trkpt lat="-13.5645511" lon="-71.2511763">
        <ele>4896.4</ele>
        <time>2026-06-02T18:07:09Z</time>
        <hdop>3</hdop>
        <extensions>
          <osmand:speed>0.1</osmand:speed>
        </extensions>
      </trkpt>
      <trkpt lat="-13.56455" lon="-71.2511768">
        <ele>4896.4</ele>
        <time>2026-06-02T18:07:25Z</time>
        <hdop>3</hdop>
        <extensions>
          <osmand:speed>0.1</osmand:speed>
        </extensions>
      </trkpt>
      <trkpt lat="-13.5645503" lon="-71.2511773">
        <ele>4896.4</ele>
        <time>2026-06-02T18:07:41Z</time>
        <hdop>3</hdop>
        <extensions>
          <osmand:speed>0.1</osmand:speed>
        </extensions>
      </trkpt>
      <trkpt lat="-13.5645487" lon="-71.2511776">
        <ele>4896.4</ele>
        <time>2026-06-02T18:07:57Z</time>
        <hdop>3</hdop>
        <extensions>
          <osmand:speed>0.1</osmand:speed>
        </extensions>
      </trkpt>
      <trkpt lat="-13.5645497" lon="-71.2511775">
        <ele>4896.4</ele>
        <time>2026-06-02T18:08:13Z</time>
        <hdop>3</hdop>
        <extensions>
          <osmand:speed>0.1</osmand:speed>
        </extensions>
      </trkpt>
      <trkpt lat="-13.56455" lon="-71.251177">
        <ele>4896.4</ele>
        <time>2026-06-02T18:08:29Z</time>
        <hdop>3</hdop>
        <extensions>
          <osmand:speed>0.1</osmand:speed>
        </extensions>
      </trkpt>
      <trkpt lat="-13.5645505" lon="-71.2511759">
        <ele>4896.4</ele>
        <time>2026-06-02T18:08:45Z</time>
        <hdop>3</hdop>
        <extensions>
          <osmand:speed>0.1</osmand:speed>
        </extensions>
      </trkpt>
      <trkpt lat="-13.56455" lon="-71.2511764">
        <ele>4896.4</ele>
        <time>2026-06-02T18:09:01Z</time>
        <hdop>3</hdop>
        <extensions>
          <osmand:speed>0.1</osmand:speed>
        </extensions>
      </trkpt>
      <trkpt lat="-13.56455" lon="-71.2511749">
        <ele>4896.4</ele>
        <time>2026-06-02T18:09:16Z</time>
        <hdop>3</hdop>
        <extensions>
          <osmand:speed>0.1</osmand:speed>
        </extensions>
      </trkpt>
      <trkpt lat="-13.5645504" lon="-71.2511757">
        <ele>4896.4</ele>
        <time>2026-06-02T18:09:32Z</time>
        <hdop>3</hdop>
        <extensions>
          <osmand:speed>0.1</osmand:speed>
        </extensions>
      </trkpt>
      <trkpt lat="-13.5645507" lon="-71.251176">
        <ele>4896.4</ele>
        <time>2026-06-02T18:09:47Z</time>
        <hdop>3</hdop>
        <extensions>
          <osmand:speed>0.1</osmand:speed>
        </extensions>
      </trkpt>
      <trkpt lat="-13.5645502" lon="-71.2511763">
        <ele>4896.4</ele>
        <time>2026-06-02T18:10:02Z</time>
        <hdop>3</hdop>
        <extensions>
          <osmand:speed>0.1</osmand:speed>
        </extensions>
      </trkpt>
      <trkpt lat="-13.5645507" lon="-71.2511783">
        <ele>4896.4</ele>
        <time>2026-06-02T18:10:18Z</time>
        <hdop>3</hdop>
        <extensions>
          <osmand:speed>0.1</osmand:speed>
        </extensions>
      </trkpt>
      <trkpt lat="-13.5645516" lon="-71.2511776">
        <ele>4896.4</ele>
        <time>2026-06-02T18:10:33Z</time>
        <hdop>3</hdop>
        <extensions>
          <osmand:speed>0.1</osmand:speed>
        </extensions>
      </trkpt>
      <trkpt lat="-13.5645517" lon="-71.251177">
        <ele>4896.4</ele>
        <time>2026-06-02T18:10:49Z</time>
        <hdop>3</hdop>
        <extensions>
          <osmand:speed>0.1</osmand:speed>
        </extensions>
      </trkpt>
      <trkpt lat="-13.5645505" lon="-71.251177">
        <ele>4896.4</ele>
        <time>2026-06-02T18:11:04Z</time>
        <hdop>3</hdop>
        <extensions>
          <osmand:speed>0.1</osmand:speed>
        </extensions>
      </trkpt>
      <trkpt lat="-13.5645495" lon="-71.2511765">
        <ele>4896.4</ele>
        <time>2026-06-02T18:11:19Z</time>
        <hdop>3</hdop>
        <extensions>
          <osmand:speed>0.1</osmand:speed>
        </extensions>
      </trkpt>
      <trkpt lat="-13.564549" lon="-71.2511766">
        <ele>4896.4</ele>
        <time>2026-06-02T18:11:35Z</time>
        <hdop>3</hdop>
        <extensions>
          <osmand:speed>0.1</osmand:speed>
        </extensions>
      </trkpt>
      <trkpt lat="-13.5645482" lon="-71.2511769">
        <ele>4896.4</ele>
        <time>2026-06-02T18:11:50Z</time>
        <hdop>3</hdop>
        <extensions>
          <osmand:speed>0.1</osmand:speed>
        </extensions>
      </trkpt>
      <trkpt lat="-13.5645492" lon="-71.251176">
        <ele>4896.4</ele>
        <time>2026-06-02T18:12:05Z</time>
        <hdop>3</hdop>
        <extensions>
          <osmand:speed>0.1</osmand:speed>
        </extensions>
      </trkpt>
      <trkpt lat="-13.5645505" lon="-71.2511754">
        <ele>4896.4</ele>
        <time>2026-06-02T18:12:20Z</time>
        <hdop>3</hdop>
        <extensions>
          <osmand:speed>0.1</osmand:speed>
        </extensions>
      </trkpt>
      <trkpt lat="-13.5645512" lon="-71.2511762">
        <ele>4896.4</ele>
        <time>2026-06-02T18:12:35Z</time>
        <hdop>3</hdop>
        <extensions>
          <osmand:speed>0.1</osmand:speed>
        </extensions>
      </trkpt>
      <trkpt lat="-13.5645496" lon="-71.2511767">
        <ele>4896.4</ele>
        <time>2026-06-02T18:12:50Z</time>
        <hdop>3</hdop>
        <extensions>
          <osmand:speed>0.1</osmand:speed>
        </extensions>
      </trkpt>
      <trkpt lat="-13.5645491" lon="-71.2511768">
        <ele>4896.4</ele>
        <time>2026-06-02T18:13:06Z</time>
        <hdop>3</hdop>
        <extensions>
          <osmand:speed>0.1</osmand:speed>
        </extensions>
      </trkpt>
      <trkpt lat="-13.5645492" lon="-71.2511763">
        <ele>4896.4</ele>
        <time>2026-06-02T18:13:22Z</time>
        <hdop>3</hdop>
        <extensions>
          <osmand:speed>0.1</osmand:speed>
        </extensions>
      </trkpt>
      <trkpt lat="-13.5645505" lon="-71.2511767">
        <ele>4896.4</ele>
        <time>2026-06-02T18:13:37Z</time>
        <hdop>3</hdop>
        <extensions>
          <osmand:speed>0.1</osmand:speed>
        </extensions>
      </trkpt>
      <trkpt lat="-13.5645511" lon="-71.251177">
        <ele>4896.4</ele>
        <time>2026-06-02T18:13:52Z</time>
        <hdop>3</hdop>
        <extensions>
          <osmand:speed>0.1</osmand:speed>
        </extensions>
      </trkpt>
      <trkpt lat="-13.5645507" lon="-71.2511757">
        <ele>4896.4</ele>
        <time>2026-06-02T18:14:07Z</time>
        <hdop>3</hdop>
        <extensions>
          <osmand:speed>0.1</osmand:speed>
        </extensions>
      </trkpt>
      <trkpt lat="-13.5645506" lon="-71.2511758">
        <ele>4896.4</ele>
        <time>2026-06-02T18:14:22Z</time>
        <hdop>3</hdop>
        <extensions>
          <osmand:speed>0.1</osmand:speed>
        </extensions>
      </trkpt>
      <trkpt lat="-13.5645505" lon="-71.2511773">
        <ele>4896.4</ele>
        <time>2026-06-02T18:14:37Z</time>
        <hdop>3</hdop>
        <extensions>
          <osmand:speed>0.1</osmand:speed>
        </extensions>
      </trkpt>
      <trkpt lat="-13.5645521" lon="-71.251177">
        <ele>4896.4</ele>
        <time>2026-06-02T18:14:52Z</time>
        <hdop>3</hdop>
        <extensions>
          <osmand:speed>0.1</osmand:speed>
        </extensions>
      </trkpt>
      <trkpt lat="-13.5645512" lon="-71.2511767">
        <ele>4896.4</ele>
        <time>2026-06-02T18:15:07Z</time>
        <hdop>3</hdop>
        <extensions>
          <osmand:speed>0.1</osmand:speed>
        </extensions>
      </trkpt>
      <trkpt lat="-13.5645489" lon="-71.2511781">
        <ele>4896.4</ele>
        <time>2026-06-02T18:15:22Z</time>
        <hdop>3</hdop>
        <extensions>
          <osmand:speed>0.1</osmand:speed>
        </extensions>
      </trkpt>
      <trkpt lat="-13.5645506" lon="-71.2511769">
        <ele>4896.4</ele>
        <time>2026-06-02T18:15:37Z</time>
        <hdop>3</hdop>
        <extensions>
          <osmand:speed>0.1</osmand:speed>
        </extensions>
      </trkpt>
      <trkpt lat="-13.5645515" lon="-71.2511762">
        <ele>4896.4</ele>
        <time>2026-06-02T18:15:52Z</time>
        <hdop>3</hdop>
        <extensions>
          <osmand:speed>0.1</osmand:speed>
        </extensions>
      </trkpt>
      <trkpt lat="-13.5645513" lon="-71.2511758">
        <ele>4896.4</ele>
        <time>2026-06-02T18:16:07Z</time>
        <hdop>3</hdop>
        <extensions>
          <osmand:speed>0.1</osmand:speed>
        </extensions>
      </trkpt>
      <trkpt lat="-13.5645508" lon="-71.2511768">
        <ele>4896.4</ele>
        <time>2026-06-02T18:16:22Z</time>
        <hdop>3</hdop>
        <extensions>
          <osmand:speed>0.1</osmand:speed>
        </extensions>
      </trkpt>
      <trkpt lat="-13.5645499" lon="-71.2511774">
        <ele>4896.4</ele>
        <time>2026-06-02T18:16:37Z</time>
        <hdop>3</hdop>
        <extensions>
          <osmand:speed>0.1</osmand:speed>
        </extensions>
      </trkpt>
      <trkpt lat="-13.56455" lon="-71.2511766">
        <ele>4896.4</ele>
        <time>2026-06-02T18:16:52Z</time>
        <hdop>3</hdop>
        <extensions>
          <osmand:speed>0.1</osmand:speed>
        </extensions>
      </trkpt>
      <trkpt lat="-13.5645494" lon="-71.2511764">
        <ele>4896.4</ele>
        <time>2026-06-02T18:17:07Z</time>
        <hdop>3</hdop>
        <extensions>
          <osmand:speed>0.1</osmand:speed>
        </extensions>
      </trkpt>
      <trkpt lat="-13.56455" lon="-71.2511763">
        <ele>4896.4</ele>
        <time>2026-06-02T18:17:22Z</time>
        <hdop>3</hdop>
        <extensions>
          <osmand:speed>0.1</osmand:speed>
        </extensions>
      </trkpt>
      <trkpt lat="-13.5645488" lon="-71.2511757">
        <ele>4896.4</ele>
        <time>2026-06-02T18:17:37Z</time>
        <hdop>3</hdop>
        <extensions>
          <osmand:speed>0.1</osmand:speed>
        </extensions>
      </trkpt>
      <trkpt lat="-13.5645488" lon="-71.2511747">
        <ele>4896.4</ele>
        <time>2026-06-02T18:17:52Z</time>
        <hdop>3</hdop>
        <extensions>
          <osmand:speed>0.1</osmand:speed>
        </extensions>
      </trkpt>
      <trkpt lat="-13.5645493" lon="-71.2511772">
        <ele>4896.4</ele>
        <time>2026-06-02T18:18:07Z</time>
        <hdop>3</hdop>
        <extensions>
          <osmand:speed>0.1</osmand:speed>
        </extensions>
      </trkpt>
      <trkpt lat="-13.5645493" lon="-71.2511777">
        <ele>4896.4</ele>
        <time>2026-06-02T18:18:22Z</time>
        <hdop>3</hdop>
        <extensions>
          <osmand:speed>0.1</osmand:speed>
        </extensions>
      </trkpt>
      <trkpt lat="-13.5645497" lon="-71.2511766">
        <ele>4896.4</ele>
        <time>2026-06-02T18:18:37Z</time>
        <hdop>3</hdop>
        <extensions>
          <osmand:speed>0.1</osmand:speed>
        </extensions>
      </trkpt>
      <trkpt lat="-13.5645506" lon="-71.2511751">
        <ele>4896.4</ele>
        <time>2026-06-02T18:18:52Z</time>
        <hdop>3</hdop>
        <extensions>
          <osmand:speed>0.1</osmand:speed>
        </extensions>
      </trkpt>
      <trkpt lat="-13.5645518" lon="-71.2511759">
        <ele>4896.4</ele>
        <time>2026-06-02T18:19:07Z</time>
        <hdop>3</hdop>
        <extensions>
          <osmand:speed>0.1</osmand:speed>
        </extensions>
      </trkpt>
      <trkpt lat="-13.5645514" lon="-71.251178">
        <ele>4896.4</ele>
        <time>2026-06-02T18:19:23Z</time>
        <hdop>3</hdop>
        <extensions>
          <osmand:speed>0.1</osmand:speed>
        </extensions>
      </trkpt>
      <trkpt lat="-13.5645499" lon="-71.2511767">
        <ele>4896.4</ele>
        <time>2026-06-02T18:19:38Z</time>
        <hdop>3</hdop>
        <extensions>
          <osmand:speed>0.1</osmand:speed>
        </extensions>
      </trkpt>
      <trkpt lat="-13.5645466" lon="-71.2511751">
        <ele>4896.4</ele>
        <time>2026-06-02T18:19:53Z</time>
        <hdop>3</hdop>
        <extensions>
          <osmand:speed>0.1</osmand:speed>
        </extensions>
      </trkpt>
      <trkpt lat="-13.5645473" lon="-71.2511742">
        <ele>4896.4</ele>
        <time>2026-06-02T18:20:08Z</time>
        <hdop>3</hdop>
        <extensions>
          <osmand:speed>0.1</osmand:speed>
        </extensions>
      </trkpt>
      <trkpt lat="-13.5645493" lon="-71.2511755">
        <ele>4896.4</ele>
        <time>2026-06-02T18:20:24Z</time>
        <hdop>3</hdop>
        <extensions>
          <osmand:speed>0.1</osmand:speed>
        </extensions>
      </trkpt>
      <trkpt lat="-13.5645508" lon="-71.2511771">
        <ele>4896.4</ele>
        <time>2026-06-02T18:20:39Z</time>
        <hdop>3</hdop>
        <extensions>
          <osmand:speed>0.1</osmand:speed>
        </extensions>
      </trkpt>
      <trkpt lat="-13.5645514" lon="-71.2511773">
        <ele>4896.4</ele>
        <time>2026-06-02T18:20:54Z</time>
        <hdop>3</hdop>
        <extensions>
          <osmand:speed>0.1</osmand:speed>
        </extensions>
      </trkpt>
      <trkpt lat="-13.5645503" lon="-71.2511772">
        <ele>4896.4</ele>
        <time>2026-06-02T18:21:10Z</time>
        <hdop>3</hdop>
        <extensions>
          <osmand:speed>0.1</osmand:speed>
        </extensions>
      </trkpt>
      <trkpt lat="-13.5645507" lon="-71.2511769">
        <ele>4896.4</ele>
        <time>2026-06-02T18:21:25Z</time>
        <hdop>3</hdop>
        <extensions>
          <osmand:speed>0.1</osmand:speed>
        </extensions>
      </trkpt>
      <trkpt lat="-13.5645501" lon="-71.2511755">
        <ele>4896.4</ele>
        <time>2026-06-02T18:21:41Z</time>
        <hdop>3</hdop>
        <extensions>
          <osmand:speed>0.1</osmand:speed>
        </extensions>
      </trkpt>
      <trkpt lat="-13.5645497" lon="-71.2511764">
        <ele>4896.4</ele>
        <time>2026-06-02T18:21:56Z</time>
        <hdop>3</hdop>
        <extensions>
          <osmand:speed>0.1</osmand:speed>
        </extensions>
      </trkpt>
      <trkpt lat="-13.5645507" lon="-71.2511774">
        <ele>4896.4</ele>
        <time>2026-06-02T18:22:11Z</time>
        <hdop>3</hdop>
        <extensions>
          <osmand:speed>0.1</osmand:speed>
        </extensions>
      </trkpt>
      <trkpt lat="-13.5645517" lon="-71.2511771">
        <ele>4896.4</ele>
        <time>2026-06-02T18:22:26Z</time>
        <hdop>3</hdop>
        <extensions>
          <osmand:speed>0.1</osmand:speed>
        </extensions>
      </trkpt>
      <trkpt lat="-13.5645516" lon="-71.2511771">
        <ele>4896.4</ele>
        <time>2026-06-02T18:22:42Z</time>
        <hdop>3</hdop>
        <extensions>
          <osmand:speed>0.1</osmand:speed>
        </extensions>
      </trkpt>
      <trkpt lat="-13.5645498" lon="-71.2511764">
        <ele>4896.4</ele>
        <time>2026-06-02T18:22:58Z</time>
        <hdop>3</hdop>
        <extensions>
          <osmand:speed>0.1</osmand:speed>
        </extensions>
      </trkpt>
      <trkpt lat="-13.5645487" lon="-71.2511761">
        <ele>4896.4</ele>
        <time>2026-06-02T18:23:14Z</time>
        <hdop>3</hdop>
        <extensions>
          <osmand:speed>0.1</osmand:speed>
        </extensions>
      </trkpt>
      <trkpt lat="-13.5645495" lon="-71.2511776">
        <ele>4896.4</ele>
        <time>2026-06-02T18:23:29Z</time>
        <hdop>3</hdop>
        <extensions>
          <osmand:speed>0.1</osmand:speed>
        </extensions>
      </trkpt>
      <trkpt lat="-13.5645502" lon="-71.2511789">
        <ele>4896.4</ele>
        <time>2026-06-02T18:23:45Z</time>
        <hdop>3</hdop>
        <extensions>
          <osmand:speed>0.1</osmand:speed>
        </extensions>
      </trkpt>
      <trkpt lat="-13.5645503" lon="-71.2511786">
        <ele>4896.4</ele>
        <time>2026-06-02T18:24:00Z</time>
        <hdop>3</hdop>
        <extensions>
          <osmand:speed>0.1</osmand:speed>
        </extensions>
      </trkpt>
      <trkpt lat="-13.5645514" lon="-71.2511767">
        <ele>4896.4</ele>
        <time>2026-06-02T18:24:16Z</time>
        <hdop>3</hdop>
        <extensions>
          <osmand:speed>0.1</osmand:speed>
        </extensions>
      </trkpt>
      <trkpt lat="-13.5645521" lon="-71.2511767">
        <ele>4896.4</ele>
        <time>2026-06-02T18:24:32Z</time>
        <hdop>3</hdop>
        <extensions>
          <osmand:speed>0.1</osmand:speed>
        </extensions>
      </trkpt>
      <trkpt lat="-13.5645514" lon="-71.251177">
        <ele>4896.4</ele>
        <time>2026-06-02T18:24:47Z</time>
        <hdop>3</hdop>
        <extensions>
          <osmand:speed>0.1</osmand:speed>
        </extensions>
      </trkpt>
      <trkpt lat="-13.5645499" lon="-71.2511762">
        <ele>4896.4</ele>
        <time>2026-06-02T18:25:02Z</time>
        <hdop>3</hdop>
        <extensions>
          <osmand:speed>0.1</osmand:speed>
        </extensions>
      </trkpt>
      <trkpt lat="-13.5645503" lon="-71.2511745">
        <ele>4896.4</ele>
        <time>2026-06-02T18:25:18Z</time>
        <hdop>3</hdop>
        <extensions>
          <osmand:speed>0.1</osmand:speed>
        </extensions>
      </trkpt>
      <trkpt lat="-13.5645507" lon="-71.2511754">
        <ele>4896.4</ele>
        <time>2026-06-02T18:25:34Z</time>
        <hdop>3</hdop>
        <extensions>
          <osmand:speed>0.1</osmand:speed>
        </extensions>
      </trkpt>
      <trkpt lat="-13.5645497" lon="-71.2511758">
        <ele>4896.4</ele>
        <time>2026-06-02T18:25:49Z</time>
        <hdop>3</hdop>
        <extensions>
          <osmand:speed>0.1</osmand:speed>
        </extensions>
      </trkpt>
      <trkpt lat="-13.5645495" lon="-71.2511768">
        <ele>4896.4</ele>
        <time>2026-06-02T18:26:05Z</time>
        <hdop>3</hdop>
        <extensions>
          <osmand:speed>0.1</osmand:speed>
        </extensions>
      </trkpt>
      <trkpt lat="-13.56455" lon="-71.2511759">
        <ele>4896.4</ele>
        <time>2026-06-02T18:26:21Z</time>
        <hdop>3</hdop>
        <extensions>
          <osmand:speed>0.1</osmand:speed>
        </extensions>
      </trkpt>
      <trkpt lat="-13.5645491" lon="-71.2511763">
        <ele>4896.4</ele>
        <time>2026-06-02T18:26:37Z</time>
        <hdop>3</hdop>
        <extensions>
          <osmand:speed>0.1</osmand:speed>
        </extensions>
      </trkpt>
      <trkpt lat="-13.5645498" lon="-71.2511768">
        <ele>4896.4</ele>
        <time>2026-06-02T18:26:53Z</time>
        <hdop>3</hdop>
        <extensions>
          <osmand:speed>0.1</osmand:speed>
        </extensions>
      </trkpt>
      <trkpt lat="-13.56455" lon="-71.2511766">
        <ele>4896.4</ele>
        <time>2026-06-02T18:27:09Z</time>
        <hdop>3</hdop>
        <extensions>
          <osmand:speed>0.1</osmand:speed>
        </extensions>
      </trkpt>
      <trkpt lat="-13.5645505" lon="-71.2511772">
        <ele>4896.4</ele>
        <time>2026-06-02T18:27:24Z</time>
        <hdop>3</hdop>
        <extensions>
          <osmand:speed>0.1</osmand:speed>
        </extensions>
      </trkpt>
      <trkpt lat="-13.5645512" lon="-71.2511777">
        <ele>4896.4</ele>
        <time>2026-06-02T18:27:40Z</time>
        <hdop>3</hdop>
        <extensions>
          <osmand:speed>0.1</osmand:speed>
        </extensions>
      </trkpt>
      <trkpt lat="-13.5645505" lon="-71.2511765">
        <ele>4896.4</ele>
        <time>2026-06-02T18:27:56Z</time>
        <hdop>3</hdop>
        <extensions>
          <osmand:speed>0.1</osmand:speed>
        </extensions>
      </trkpt>
      <trkpt lat="-13.5645486" lon="-71.251176">
        <ele>4896.4</ele>
        <time>2026-06-02T18:28:12Z</time>
        <hdop>3</hdop>
        <extensions>
          <osmand:speed>0.1</osmand:speed>
        </extensions>
      </trkpt>
      <trkpt lat="-13.5645505" lon="-71.251177">
        <ele>4896.4</ele>
        <time>2026-06-02T18:28:27Z</time>
        <hdop>3</hdop>
        <extensions>
          <osmand:speed>0.1</osmand:speed>
        </extensions>
      </trkpt>
      <trkpt lat="-13.5645514" lon="-71.2511773">
        <ele>4896.4</ele>
        <time>2026-06-02T18:28:43Z</time>
        <hdop>3</hdop>
        <extensions>
          <osmand:speed>0.1</osmand:speed>
        </extensions>
      </trkpt>
      <trkpt lat="-13.5645519" lon="-71.2511757">
        <ele>4896.4</ele>
        <time>2026-06-02T18:28:59Z</time>
        <hdop>3</hdop>
        <extensions>
          <osmand:speed>0.1</osmand:speed>
        </extensions>
      </trkpt>
      <trkpt lat="-13.5645516" lon="-71.2511772">
        <ele>4896.4</ele>
        <time>2026-06-02T18:29:15Z</time>
        <hdop>3</hdop>
        <extensions>
          <osmand:speed>0.1</osmand:speed>
        </extensions>
      </trkpt>
      <trkpt lat="-13.56455" lon="-71.2511783">
        <ele>4896.4</ele>
        <time>2026-06-02T18:29:31Z</time>
        <hdop>3</hdop>
        <extensions>
          <osmand:speed>0.1</osmand:speed>
        </extensions>
      </trkpt>
      <trkpt lat="-13.5645499" lon="-71.2511766">
        <ele>4896.4</ele>
        <time>2026-06-02T18:29:47Z</time>
        <hdop>3</hdop>
        <extensions>
          <osmand:speed>0.1</osmand:speed>
        </extensions>
      </trkpt>
      <trkpt lat="-13.5645496" lon="-71.2511756">
        <ele>4896.4</ele>
        <time>2026-06-02T18:30:03Z</time>
        <hdop>3</hdop>
        <extensions>
          <osmand:speed>0.1</osmand:speed>
        </extensions>
      </trkpt>
      <trkpt lat="-13.5645503" lon="-71.251176">
        <ele>4896.4</ele>
        <time>2026-06-02T18:30:19Z</time>
        <hdop>3</hdop>
        <extensions>
          <osmand:speed>0.1</osmand:speed>
        </extensions>
      </trkpt>
      <trkpt lat="-13.5645501" lon="-71.2511761">
        <ele>4896.4</ele>
        <time>2026-06-02T18:30:34Z</time>
        <hdop>3</hdop>
        <extensions>
          <osmand:speed>0.1</osmand:speed>
        </extensions>
      </trkpt>
      <trkpt lat="-13.5645516" lon="-71.251176">
        <ele>4896.4</ele>
        <time>2026-06-02T18:30:50Z</time>
        <hdop>3</hdop>
        <extensions>
          <osmand:speed>0.1</osmand:speed>
        </extensions>
      </trkpt>
      <trkpt lat="-13.5645505" lon="-71.2511763">
        <ele>4896.4</ele>
        <time>2026-06-02T18:31:05Z</time>
        <hdop>3</hdop>
        <extensions>
          <osmand:speed>0.1</osmand:speed>
        </extensions>
      </trkpt>
      <trkpt lat="-13.5645501" lon="-71.2511776">
        <ele>4896.4</ele>
        <time>2026-06-02T18:31:21Z</time>
        <hdop>3</hdop>
        <extensions>
          <osmand:speed>0.1</osmand:speed>
        </extensions>
      </trkpt>
      <trkpt lat="-13.564551" lon="-71.251177">
        <ele>4896.4</ele>
        <time>2026-06-02T18:31:37Z</time>
        <hdop>3</hdop>
        <extensions>
          <osmand:speed>0.1</osmand:speed>
        </extensions>
      </trkpt>
      <trkpt lat="-13.5645505" lon="-71.2511752">
        <ele>4896.4</ele>
        <time>2026-06-02T18:31:52Z</time>
        <hdop>3</hdop>
        <extensions>
          <osmand:speed>0.1</osmand:speed>
        </extensions>
      </trkpt>
      <trkpt lat="-13.5645492" lon="-71.2511754">
        <ele>4896.4</ele>
        <time>2026-06-02T18:32:08Z</time>
        <hdop>3</hdop>
        <extensions>
          <osmand:speed>0.1</osmand:speed>
        </extensions>
      </trkpt>
      <trkpt lat="-13.5645504" lon="-71.2511751">
        <ele>4896.4</ele>
        <time>2026-06-02T18:32:24Z</time>
        <hdop>3</hdop>
        <extensions>
          <osmand:speed>0.1</osmand:speed>
        </extensions>
      </trkpt>
      <trkpt lat="-13.5645514" lon="-71.2511752">
        <ele>4896.4</ele>
        <time>2026-06-02T18:32:40Z</time>
        <hdop>3</hdop>
        <extensions>
          <osmand:speed>0.1</osmand:speed>
        </extensions>
      </trkpt>
      <trkpt lat="-13.5645513" lon="-71.2511764">
        <ele>4896.4</ele>
        <time>2026-06-02T18:32:56Z</time>
        <hdop>3</hdop>
        <extensions>
          <osmand:speed>0.1</osmand:speed>
        </extensions>
      </trkpt>
      <trkpt lat="-13.5645508" lon="-71.2511756">
        <ele>4896.4</ele>
        <time>2026-06-02T18:33:12Z</time>
        <hdop>3</hdop>
        <extensions>
          <osmand:speed>0.1</osmand:speed>
        </extensions>
      </trkpt>
      <trkpt lat="-13.564549" lon="-71.2511754">
        <ele>4896.4</ele>
        <time>2026-06-02T18:33:28Z</time>
        <hdop>3</hdop>
        <extensions>
          <osmand:speed>0.1</osmand:speed>
        </extensions>
      </trkpt>
      <trkpt lat="-13.5645487" lon="-71.251176">
        <ele>4896.4</ele>
        <time>2026-06-02T18:33:44Z</time>
        <hdop>3</hdop>
        <extensions>
          <osmand:speed>0.1</osmand:speed>
        </extensions>
      </trkpt>
      <trkpt lat="-13.5645487" lon="-71.2511773">
        <ele>4896.4</ele>
        <time>2026-06-02T18:34:00Z</time>
        <hdop>3</hdop>
        <extensions>
          <osmand:speed>0.1</osmand:speed>
        </extensions>
      </trkpt>
      <trkpt lat="-13.5645493" lon="-71.2511767">
        <ele>4896.4</ele>
        <time>2026-06-02T18:34:15Z</time>
        <hdop>3</hdop>
        <extensions>
          <osmand:speed>0.1</osmand:speed>
        </extensions>
      </trkpt>
      <trkpt lat="-13.5645497" lon="-71.2511765">
        <ele>4896.4</ele>
        <time>2026-06-02T18:34:31Z</time>
        <hdop>3</hdop>
        <extensions>
          <osmand:speed>0.1</osmand:speed>
        </extensions>
      </trkpt>
      <trkpt lat="-13.5645502" lon="-71.2511768">
        <ele>4896.4</ele>
        <time>2026-06-02T18:34:47Z</time>
        <hdop>3</hdop>
        <extensions>
          <osmand:speed>0.1</osmand:speed>
        </extensions>
      </trkpt>
      <trkpt lat="-13.5645501" lon="-71.2511761">
        <ele>4896.4</ele>
        <time>2026-06-02T18:35:03Z</time>
        <hdop>3</hdop>
        <extensions>
          <osmand:speed>0.1</osmand:speed>
        </extensions>
      </trkpt>
      <trkpt lat="-13.5645507" lon="-71.2511753">
        <ele>4896.4</ele>
        <time>2026-06-02T18:35:18Z</time>
        <hdop>3</hdop>
        <extensions>
          <osmand:speed>0.1</osmand:speed>
        </extensions>
      </trkpt>
      <trkpt lat="-13.5645507" lon="-71.2511753">
        <ele>4896.4</ele>
        <time>2026-06-02T18:35:34Z</time>
        <hdop>3</hdop>
        <extensions>
          <osmand:speed>0.1</osmand:speed>
        </extensions>
      </trkpt>
      <trkpt lat="-13.5645504" lon="-71.251176">
        <ele>4896.4</ele>
        <time>2026-06-02T18:35:50Z</time>
        <hdop>3</hdop>
        <extensions>
          <osmand:speed>0.1</osmand:speed>
        </extensions>
      </trkpt>
      <trkpt lat="-13.5645506" lon="-71.2511767">
        <ele>4896.4</ele>
        <time>2026-06-02T18:36:06Z</time>
        <hdop>3</hdop>
        <extensions>
          <osmand:speed>0.1</osmand:speed>
        </extensions>
      </trkpt>
      <trkpt lat="-13.5645513" lon="-71.2511777">
        <ele>4896.4</ele>
        <time>2026-06-02T18:36:22Z</time>
        <hdop>3</hdop>
        <extensions>
          <osmand:speed>0.1</osmand:speed>
        </extensions>
      </trkpt>
      <trkpt lat="-13.5645506" lon="-71.2511787">
        <ele>4896.4</ele>
        <time>2026-06-02T18:36:38Z</time>
        <hdop>3</hdop>
        <extensions>
          <osmand:speed>0.1</osmand:speed>
        </extensions>
      </trkpt>
      <trkpt lat="-13.5645498" lon="-71.251178">
        <ele>4896.4</ele>
        <time>2026-06-02T18:36:54Z</time>
        <hdop>3</hdop>
        <extensions>
          <osmand:speed>0.1</osmand:speed>
        </extensions>
      </trkpt>
      <trkpt lat="-13.5645489" lon="-71.2511765">
        <ele>4896.4</ele>
        <time>2026-06-02T18:37:09Z</time>
        <hdop>3</hdop>
        <extensions>
          <osmand:speed>0.1</osmand:speed>
        </extensions>
      </trkpt>
      <trkpt lat="-13.5645491" lon="-71.2511763">
        <ele>4896.4</ele>
        <time>2026-06-02T18:37:24Z</time>
        <hdop>3</hdop>
        <extensions>
          <osmand:speed>0.1</osmand:speed>
        </extensions>
      </trkpt>
      <trkpt lat="-13.5645492" lon="-71.2511768">
        <ele>4896.4</ele>
        <time>2026-06-02T18:37:40Z</time>
        <hdop>3</hdop>
        <extensions>
          <osmand:speed>0.1</osmand:speed>
        </extensions>
      </trkpt>
      <trkpt lat="-13.5645505" lon="-71.2511776">
        <ele>4896.4</ele>
        <time>2026-06-02T18:37:55Z</time>
        <hdop>3</hdop>
        <extensions>
          <osmand:speed>0.1</osmand:speed>
        </extensions>
      </trkpt>
      <trkpt lat="-13.5645521" lon="-71.2511774">
        <ele>4896.4</ele>
        <time>2026-06-02T18:38:11Z</time>
        <hdop>3</hdop>
        <extensions>
          <osmand:speed>0.1</osmand:speed>
        </extensions>
      </trkpt>
      <trkpt lat="-13.5645508" lon="-71.2511778">
        <ele>4896.4</ele>
        <time>2026-06-02T18:38:26Z</time>
        <hdop>3</hdop>
        <extensions>
          <osmand:speed>0.1</osmand:speed>
        </extensions>
      </trkpt>
      <trkpt lat="-13.5645507" lon="-71.2511775">
        <ele>4896.4</ele>
        <time>2026-06-02T18:38:41Z</time>
        <hdop>3</hdop>
        <extensions>
          <osmand:speed>0.1</osmand:speed>
        </extensions>
      </trkpt>
      <trkpt lat="-13.5645514" lon="-71.2511771">
        <ele>4896.4</ele>
        <time>2026-06-02T18:38:57Z</time>
        <hdop>3</hdop>
        <extensions>
          <osmand:speed>0.1</osmand:speed>
        </extensions>
      </trkpt>
      <trkpt lat="-13.5645512" lon="-71.2511766">
        <ele>4896.4</ele>
        <time>2026-06-02T18:39:12Z</time>
        <hdop>3</hdop>
        <extensions>
          <osmand:speed>0.1</osmand:speed>
        </extensions>
      </trkpt>
      <trkpt lat="-13.5645515" lon="-71.2511751">
        <ele>4896.4</ele>
        <time>2026-06-02T18:39:28Z</time>
        <hdop>3</hdop>
        <extensions>
          <osmand:speed>0.1</osmand:speed>
        </extensions>
      </trkpt>
      <trkpt lat="-13.5645501" lon="-71.2511743">
        <ele>4896.4</ele>
        <time>2026-06-02T18:39:44Z</time>
        <hdop>3</hdop>
        <extensions>
          <osmand:speed>0.1</osmand:speed>
        </extensions>
      </trkpt>
      <trkpt lat="-13.5645507" lon="-71.2511761">
        <ele>4896.4</ele>
        <time>2026-06-02T18:40:00Z</time>
        <hdop>3</hdop>
        <extensions>
          <osmand:speed>0.1</osmand:speed>
        </extensions>
      </trkpt>
      <trkpt lat="-13.56455" lon="-71.2511767">
        <ele>4896.4</ele>
        <time>2026-06-02T18:40:15Z</time>
        <hdop>3</hdop>
        <extensions>
          <osmand:speed>0.1</osmand:speed>
        </extensions>
      </trkpt>
      <trkpt lat="-13.5645507" lon="-71.2511766">
        <ele>4896.4</ele>
        <time>2026-06-02T18:40:30Z</time>
        <hdop>3</hdop>
        <extensions>
          <osmand:speed>0.1</osmand:speed>
        </extensions>
      </trkpt>
      <trkpt lat="-13.5645503" lon="-71.2511782">
        <ele>4896.4</ele>
        <time>2026-06-02T18:40:45Z</time>
        <hdop>3</hdop>
        <extensions>
          <osmand:speed>0.1</osmand:speed>
        </extensions>
      </trkpt>
      <trkpt lat="-13.5645496" lon="-71.2511772">
        <ele>4896.4</ele>
        <time>2026-06-02T18:41:01Z</time>
        <hdop>3</hdop>
        <extensions>
          <osmand:speed>0.1</osmand:speed>
        </extensions>
      </trkpt>
      <trkpt lat="-13.5645499" lon="-71.2511773">
        <ele>4896.4</ele>
        <time>2026-06-02T18:41:16Z</time>
        <hdop>3</hdop>
        <extensions>
          <osmand:speed>0.1</osmand:speed>
        </extensions>
      </trkpt>
      <trkpt lat="-13.5645504" lon="-71.2511775">
        <ele>4896.4</ele>
        <time>2026-06-02T18:41:32Z</time>
        <hdop>3</hdop>
        <extensions>
          <osmand:speed>0.1</osmand:speed>
        </extensions>
      </trkpt>
      <trkpt lat="-13.5645499" lon="-71.2511774">
        <ele>4896.4</ele>
        <time>2026-06-02T18:41:48Z</time>
        <hdop>3</hdop>
        <extensions>
          <osmand:speed>0.1</osmand:speed>
        </extensions>
      </trkpt>
      <trkpt lat="-13.5645483" lon="-71.2511751">
        <ele>4896.4</ele>
        <time>2026-06-02T18:42:04Z</time>
        <hdop>3</hdop>
        <extensions>
          <osmand:speed>0.1</osmand:speed>
        </extensions>
      </trkpt>
      <trkpt lat="-13.5645502" lon="-71.251175">
        <ele>4896.4</ele>
        <time>2026-06-02T18:42:19Z</time>
        <hdop>3</hdop>
        <extensions>
          <osmand:speed>0.1</osmand:speed>
        </extensions>
      </trkpt>
      <trkpt lat="-13.5645507" lon="-71.2511752">
        <ele>4896.4</ele>
        <time>2026-06-02T18:42:35Z</time>
        <hdop>3</hdop>
        <extensions>
          <osmand:speed>0.1</osmand:speed>
        </extensions>
      </trkpt>
      <trkpt lat="-13.5645509" lon="-71.2511762">
        <ele>4896.4</ele>
        <time>2026-06-02T18:42:50Z</time>
        <hdop>3</hdop>
        <extensions>
          <osmand:speed>0.1</osmand:speed>
        </extensions>
      </trkpt>
      <trkpt lat="-13.5645509" lon="-71.2511772">
        <ele>4896.4</ele>
        <time>2026-06-02T18:43:06Z</time>
        <hdop>3</hdop>
        <extensions>
          <osmand:speed>0</osmand:speed>
        </extensions>
      </trkpt>
      <trkpt lat="-13.5645492" lon="-71.2511769">
        <ele>4896.4</ele>
        <time>2026-06-02T18:43:22Z</time>
        <hdop>3</hdop>
        <extensions>
          <osmand:speed>0.1</osmand:speed>
        </extensions>
      </trkpt>
      <trkpt lat="-13.5645501" lon="-71.2511758">
        <ele>4896.4</ele>
        <time>2026-06-02T18:43:37Z</time>
        <hdop>3</hdop>
        <extensions>
          <osmand:speed>0.1</osmand:speed>
        </extensions>
      </trkpt>
      <trkpt lat="-13.5645491" lon="-71.2511758">
        <ele>4896.4</ele>
        <time>2026-06-02T18:43:52Z</time>
        <hdop>3</hdop>
        <extensions>
          <osmand:speed>0.1</osmand:speed>
        </extensions>
      </trkpt>
      <trkpt lat="-13.5645496" lon="-71.2511756">
        <ele>4896.4</ele>
        <time>2026-06-02T18:44:07Z</time>
        <hdop>3</hdop>
        <extensions>
          <osmand:speed>0</osmand:speed>
        </extensions>
      </trkpt>
      <trkpt lat="-13.56455" lon="-71.2511763">
        <ele>4896.4</ele>
        <time>2026-06-02T18:44:23Z</time>
        <hdop>3</hdop>
        <extensions>
          <osmand:speed>0.1</osmand:speed>
        </extensions>
      </trkpt>
      <trkpt lat="-13.5645516" lon="-71.2511767">
        <ele>4896.4</ele>
        <time>2026-06-02T18:44:38Z</time>
        <hdop>3</hdop>
        <extensions>
          <osmand:speed>0.1</osmand:speed>
        </extensions>
      </trkpt>
      <trkpt lat="-13.5645511" lon="-71.2511775">
        <ele>4896.4</ele>
        <time>2026-06-02T18:44:54Z</time>
        <hdop>3</hdop>
        <extensions>
          <osmand:speed>0.1</osmand:speed>
        </extensions>
      </trkpt>
      <trkpt lat="-13.5645503" lon="-71.2511765">
        <ele>4896.4</ele>
        <time>2026-06-02T18:45:09Z</time>
        <hdop>3</hdop>
        <extensions>
          <osmand:speed>0.1</osmand:speed>
        </extensions>
      </trkpt>
      <trkpt lat="-13.5645492" lon="-71.2511755">
        <ele>4896.4</ele>
        <time>2026-06-02T18:45:24Z</time>
        <hdop>3</hdop>
        <extensions>
          <osmand:speed>0.1</osmand:speed>
        </extensions>
      </trkpt>
      <trkpt lat="-13.5645492" lon="-71.2511766">
        <ele>4896.4</ele>
        <time>2026-06-02T18:45:40Z</time>
        <hdop>3</hdop>
        <extensions>
          <osmand:speed>0.1</osmand:speed>
        </extensions>
      </trkpt>
      <trkpt lat="-13.5645496" lon="-71.2511764">
        <ele>4896.4</ele>
        <time>2026-06-02T18:45:56Z</time>
        <hdop>3</hdop>
        <extensions>
          <osmand:speed>0.1</osmand:speed>
        </extensions>
      </trkpt>
      <trkpt lat="-13.5645502" lon="-71.2511755">
        <ele>4896.4</ele>
        <time>2026-06-02T18:46:11Z</time>
        <hdop>3</hdop>
        <extensions>
          <osmand:speed>0.1</osmand:speed>
        </extensions>
      </trkpt>
      <trkpt lat="-13.5645494" lon="-71.2511746">
        <ele>4896.4</ele>
        <time>2026-06-02T18:46:26Z</time>
        <hdop>3</hdop>
        <extensions>
          <osmand:speed>0.1</osmand:speed>
        </extensions>
      </trkpt>
      <trkpt lat="-13.5645499" lon="-71.2511753">
        <ele>4896.4</ele>
        <time>2026-06-02T18:46:42Z</time>
        <hdop>3</hdop>
        <extensions>
          <osmand:speed>0.1</osmand:speed>
        </extensions>
      </trkpt>
      <trkpt lat="-13.5645518" lon="-71.2511767">
        <ele>4896.4</ele>
        <time>2026-06-02T18:46:58Z</time>
        <hdop>3</hdop>
        <extensions>
          <osmand:speed>0.1</osmand:speed>
        </extensions>
      </trkpt>
      <trkpt lat="-13.5645502" lon="-71.2511763">
        <ele>4896.4</ele>
        <time>2026-06-02T18:47:13Z</time>
        <hdop>3</hdop>
        <extensions>
          <osmand:speed>0.1</osmand:speed>
        </extensions>
      </trkpt>
      <trkpt lat="-13.5645508" lon="-71.2511755">
        <ele>4896.4</ele>
        <time>2026-06-02T18:47:28Z</time>
        <hdop>3</hdop>
        <extensions>
          <osmand:speed>0.1</osmand:speed>
        </extensions>
      </trkpt>
      <trkpt lat="-13.5645504" lon="-71.2511766">
        <ele>4896.4</ele>
        <time>2026-06-02T18:47:44Z</time>
        <hdop>3</hdop>
        <extensions>
          <osmand:speed>0.1</osmand:speed>
        </extensions>
      </trkpt>
      <trkpt lat="-13.5645489" lon="-71.2511772">
        <ele>4896.4</ele>
        <time>2026-06-02T18:48:00Z</time>
        <hdop>3</hdop>
        <extensions>
          <osmand:speed>0.1</osmand:speed>
        </extensions>
      </trkpt>
      <trkpt lat="-13.5645485" lon="-71.2511787">
        <ele>4896.4</ele>
        <time>2026-06-02T18:48:15Z</time>
        <hdop>3</hdop>
        <extensions>
          <osmand:speed>0.1</osmand:speed>
        </extensions>
      </trkpt>
      <trkpt lat="-13.5645481" lon="-71.2511791">
        <ele>4896.4</ele>
        <time>2026-06-02T18:48:31Z</time>
        <hdop>3</hdop>
        <extensions>
          <osmand:speed>0.1</osmand:speed>
        </extensions>
      </trkpt>
      <trkpt lat="-13.5645494" lon="-71.2511782">
        <ele>4896.4</ele>
        <time>2026-06-02T18:48:47Z</time>
        <hdop>3</hdop>
        <extensions>
          <osmand:speed>0.1</osmand:speed>
        </extensions>
      </trkpt>
      <trkpt lat="-13.5645495" lon="-71.2511765">
        <ele>4896.4</ele>
        <time>2026-06-02T18:49:03Z</time>
        <hdop>3</hdop>
        <extensions>
          <osmand:speed>0.1</osmand:speed>
        </extensions>
      </trkpt>
      <trkpt lat="-13.5645496" lon="-71.2511765">
        <ele>4896.4</ele>
        <time>2026-06-02T18:49:19Z</time>
        <hdop>3</hdop>
        <extensions>
          <osmand:speed>0.1</osmand:speed>
        </extensions>
      </trkpt>
      <trkpt lat="-13.56455" lon="-71.2511772">
        <ele>4896.4</ele>
        <time>2026-06-02T18:49:35Z</time>
        <hdop>3</hdop>
        <extensions>
          <osmand:speed>0.1</osmand:speed>
        </extensions>
      </trkpt>
      <trkpt lat="-13.5645509" lon="-71.2511769">
        <ele>4896.4</ele>
        <time>2026-06-02T18:49:51Z</time>
        <hdop>3</hdop>
        <extensions>
          <osmand:speed>0.1</osmand:speed>
        </extensions>
      </trkpt>
      <trkpt lat="-13.56455" lon="-71.2511775">
        <ele>4896.4</ele>
        <time>2026-06-02T18:50:07Z</time>
        <hdop>3</hdop>
        <extensions>
          <osmand:speed>0.1</osmand:speed>
        </extensions>
      </trkpt>
      <trkpt lat="-13.5645499" lon="-71.2511776">
        <ele>4896.4</ele>
        <time>2026-06-02T18:50:23Z</time>
        <hdop>3</hdop>
        <extensions>
          <osmand:speed>0.1</osmand:speed>
        </extensions>
      </trkpt>
      <trkpt lat="-13.564549" lon="-71.2511773">
        <ele>4896.4</ele>
        <time>2026-06-02T18:50:39Z</time>
        <hdop>3</hdop>
        <extensions>
          <osmand:speed>0.1</osmand:speed>
        </extensions>
      </trkpt>
      <trkpt lat="-13.5645482" lon="-71.2511766">
        <ele>4896.4</ele>
        <time>2026-06-02T18:50:55Z</time>
        <hdop>3</hdop>
        <extensions>
          <osmand:speed>0.1</osmand:speed>
        </extensions>
      </trkpt>
      <trkpt lat="-13.5645498" lon="-71.2511756">
        <ele>4896.4</ele>
        <time>2026-06-02T18:51:11Z</time>
        <hdop>3</hdop>
        <extensions>
          <osmand:speed>0.1</osmand:speed>
        </extensions>
      </trkpt>
      <trkpt lat="-13.5645511" lon="-71.2511771">
        <ele>4896.4</ele>
        <time>2026-06-02T18:51:26Z</time>
        <hdop>3</hdop>
        <extensions>
          <osmand:speed>0.1</osmand:speed>
        </extensions>
      </trkpt>
      <trkpt lat="-13.5645507" lon="-71.2511773">
        <ele>4896.4</ele>
        <time>2026-06-02T18:51:42Z</time>
        <hdop>3</hdop>
        <extensions>
          <osmand:speed>0.1</osmand:speed>
        </extensions>
      </trkpt>
      <trkpt lat="-13.5645491" lon="-71.2511787">
        <ele>4896.4</ele>
        <time>2026-06-02T18:51:58Z</time>
        <hdop>3</hdop>
        <extensions>
          <osmand:speed>0.1</osmand:speed>
        </extensions>
      </trkpt>
      <trkpt lat="-13.56455" lon="-71.251178">
        <ele>4896.4</ele>
        <time>2026-06-02T18:52:14Z</time>
        <hdop>3</hdop>
        <extensions>
          <osmand:speed>0.1</osmand:speed>
        </extensions>
      </trkpt>
      <trkpt lat="-13.5645502" lon="-71.2511762">
        <ele>4896.4</ele>
        <time>2026-06-02T18:52:30Z</time>
        <hdop>3</hdop>
        <extensions>
          <osmand:speed>0.1</osmand:speed>
        </extensions>
      </trkpt>
      <trkpt lat="-13.5645495" lon="-71.2511745">
        <ele>4896.4</ele>
        <time>2026-06-02T18:52:45Z</time>
        <hdop>3</hdop>
        <extensions>
          <osmand:speed>0.1</osmand:speed>
        </extensions>
      </trkpt>
      <trkpt lat="-13.564548" lon="-71.2511749">
        <ele>4896.4</ele>
        <time>2026-06-02T18:53:01Z</time>
        <hdop>3</hdop>
        <extensions>
          <osmand:speed>0.1</osmand:speed>
        </extensions>
      </trkpt>
      <trkpt lat="-13.5645487" lon="-71.2511752">
        <ele>4896.4</ele>
        <time>2026-06-02T18:53:17Z</time>
        <hdop>3</hdop>
        <extensions>
          <osmand:speed>0.1</osmand:speed>
        </extensions>
      </trkpt>
      <trkpt lat="-13.5645494" lon="-71.2511761">
        <ele>4896.4</ele>
        <time>2026-06-02T18:53:33Z</time>
        <hdop>3</hdop>
        <extensions>
          <osmand:speed>0.1</osmand:speed>
        </extensions>
      </trkpt>
      <trkpt lat="-13.5645495" lon="-71.2511774">
        <ele>4896.4</ele>
        <time>2026-06-02T18:53:49Z</time>
        <hdop>3</hdop>
        <extensions>
          <osmand:speed>0.1</osmand:speed>
        </extensions>
      </trkpt>
      <trkpt lat="-13.5645493" lon="-71.2511789">
        <ele>4896.4</ele>
        <time>2026-06-02T18:54:05Z</time>
        <hdop>3</hdop>
        <extensions>
          <osmand:speed>0.1</osmand:speed>
        </extensions>
      </trkpt>
      <trkpt lat="-13.56455" lon="-71.2511795">
        <ele>4896.4</ele>
        <time>2026-06-02T18:54:21Z</time>
        <hdop>3</hdop>
        <extensions>
          <osmand:speed>0.1</osmand:speed>
        </extensions>
      </trkpt>
      <trkpt lat="-13.5645507" lon="-71.2511777">
        <ele>4896.4</ele>
        <time>2026-06-02T18:54:37Z</time>
        <hdop>3</hdop>
        <extensions>
          <osmand:speed>0.1</osmand:speed>
        </extensions>
      </trkpt>
      <trkpt lat="-13.56455" lon="-71.2511682">
        <ele>4894.4</ele>
        <time>2026-06-02T18:54:52Z</time>
        <hdop>3</hdop>
        <extensions>
          <osmand:speed>0.1</osmand:speed>
        </extensions>
      </trkpt>
      <trkpt lat="-13.5645467" lon="-71.2511449">
        <ele>4895.2</ele>
        <time>2026-06-02T18:55:08Z</time>
        <hdop>3</hdop>
        <extensions>
          <osmand:speed>0.1</osmand:speed>
        </extensions>
      </trkpt>
      <trkpt lat="-13.5645475" lon="-71.2511456">
        <ele>4895.2</ele>
        <time>2026-06-02T18:55:24Z</time>
        <hdop>3</hdop>
        <extensions>
          <osmand:speed>0.1</osmand:speed>
        </extensions>
      </trkpt>
      <trkpt lat="-13.5645467" lon="-71.2511453">
        <ele>4895.2</ele>
        <time>2026-06-02T18:55:39Z</time>
        <hdop>3</hdop>
        <extensions>
          <osmand:speed>0.1</osmand:speed>
        </extensions>
      </trkpt>
      <trkpt lat="-13.564547" lon="-71.2511444">
        <ele>4895.2</ele>
        <time>2026-06-02T18:55:55Z</time>
        <hdop>3</hdop>
        <extensions>
          <osmand:speed>0.1</osmand:speed>
        </extensions>
      </trkpt>
      <trkpt lat="-13.5645469" lon="-71.2511439">
        <ele>4895.2</ele>
        <time>2026-06-02T18:56:11Z</time>
        <hdop>3</hdop>
        <extensions>
          <osmand:speed>0.1</osmand:speed>
        </extensions>
      </trkpt>
      <trkpt lat="-13.5645467" lon="-71.2511417">
        <ele>4895.2</ele>
        <time>2026-06-02T18:56:27Z</time>
        <hdop>3</hdop>
        <extensions>
          <osmand:speed>0.1</osmand:speed>
        </extensions>
      </trkpt>
      <trkpt lat="-13.5645467" lon="-71.2511428">
        <ele>4895.2</ele>
        <time>2026-06-02T18:56:43Z</time>
        <hdop>3</hdop>
        <extensions>
          <osmand:speed>0.1</osmand:speed>
        </extensions>
      </trkpt>
      <trkpt lat="-13.5645461" lon="-71.2511446">
        <ele>4895.2</ele>
        <time>2026-06-02T18:56:59Z</time>
        <hdop>3</hdop>
        <extensions>
          <osmand:speed>0.1</osmand:speed>
        </extensions>
      </trkpt>
      <trkpt lat="-13.5645449" lon="-71.2511444">
        <ele>4895.2</ele>
        <time>2026-06-02T18:57:15Z</time>
        <hdop>3</hdop>
        <extensions>
          <osmand:speed>0.1</osmand:speed>
        </extensions>
      </trkpt>
      <trkpt lat="-13.5645443" lon="-71.2511446">
        <ele>4895.2</ele>
        <time>2026-06-02T18:57:31Z</time>
        <hdop>3</hdop>
        <extensions>
          <osmand:speed>0.1</osmand:speed>
        </extensions>
      </trkpt>
      <trkpt lat="-13.564546" lon="-71.2511451">
        <ele>4895.2</ele>
        <time>2026-06-02T18:57:47Z</time>
        <hdop>3</hdop>
        <extensions>
          <osmand:speed>0.1</osmand:speed>
        </extensions>
      </trkpt>
      <trkpt lat="-13.5645476" lon="-71.2511447">
        <ele>4895.2</ele>
        <time>2026-06-02T18:58:03Z</time>
        <hdop>3</hdop>
        <extensions>
          <osmand:speed>0.1</osmand:speed>
        </extensions>
      </trkpt>
      <trkpt lat="-13.5645478" lon="-71.2511448">
        <ele>4895.2</ele>
        <time>2026-06-02T18:58:19Z</time>
        <hdop>3</hdop>
        <extensions>
          <osmand:speed>0.1</osmand:speed>
        </extensions>
      </trkpt>
      <trkpt lat="-13.5645459" lon="-71.2511457">
        <ele>4895.2</ele>
        <time>2026-06-02T18:58:35Z</time>
        <hdop>3</hdop>
        <extensions>
          <osmand:speed>0.1</osmand:speed>
        </extensions>
      </trkpt>
      <trkpt lat="-13.564547" lon="-71.2511456">
        <ele>4895.2</ele>
        <time>2026-06-02T18:58:51Z</time>
        <hdop>3</hdop>
        <extensions>
          <osmand:speed>0.1</osmand:speed>
        </extensions>
      </trkpt>
      <trkpt lat="-13.5645475" lon="-71.2511449">
        <ele>4895.2</ele>
        <time>2026-06-02T18:59:07Z</time>
        <hdop>3</hdop>
        <extensions>
          <osmand:speed>0.1</osmand:speed>
        </extensions>
      </trkpt>
      <trkpt lat="-13.5645454" lon="-71.2511452">
        <ele>4895.2</ele>
        <time>2026-06-02T18:59:23Z</time>
        <hdop>3</hdop>
        <extensions>
          <osmand:speed>0.1</osmand:speed>
        </extensions>
      </trkpt>
      <trkpt lat="-13.5645456" lon="-71.251145">
        <ele>4895.2</ele>
        <time>2026-06-02T18:59:39Z</time>
        <hdop>3</hdop>
        <extensions>
          <osmand:speed>0.1</osmand:speed>
        </extensions>
      </trkpt>
      <trkpt lat="-13.5645459" lon="-71.2511456">
        <ele>4895.2</ele>
        <time>2026-06-02T18:59:55Z</time>
        <hdop>3</hdop>
        <extensions>
          <osmand:speed>0</osmand:speed>
        </extensions>
      </trkpt>
      <trkpt lat="-13.5645459" lon="-71.2511457">
        <ele>4895.2</ele>
        <time>2026-06-02T19:00:11Z</time>
        <hdop>3</hdop>
        <extensions>
          <osmand:speed>0</osmand:speed>
        </extensions>
      </trkpt>
      <trkpt lat="-13.5645474" lon="-71.2511454">
        <ele>4895.2</ele>
        <time>2026-06-02T19:00:27Z</time>
        <hdop>3</hdop>
        <extensions>
          <osmand:speed>0.1</osmand:speed>
        </extensions>
      </trkpt>
      <trkpt lat="-13.5645474" lon="-71.2511444">
        <ele>4895.2</ele>
        <time>2026-06-02T19:00:43Z</time>
        <hdop>3</hdop>
        <extensions>
          <osmand:speed>0.1</osmand:speed>
        </extensions>
      </trkpt>
      <trkpt lat="-13.5645468" lon="-71.2511431">
        <ele>4895.2</ele>
        <time>2026-06-02T19:00:59Z</time>
        <hdop>3</hdop>
        <extensions>
          <osmand:speed>0.1</osmand:speed>
        </extensions>
      </trkpt>
      <trkpt lat="-13.5645467" lon="-71.2511434">
        <ele>4895.2</ele>
        <time>2026-06-02T19:01:15Z</time>
        <hdop>3</hdop>
        <extensions>
          <osmand:speed>0.1</osmand:speed>
        </extensions>
      </trkpt>
      <trkpt lat="-13.5645463" lon="-71.2511454">
        <ele>4895.2</ele>
        <time>2026-06-02T19:01:31Z</time>
        <hdop>3</hdop>
        <extensions>
          <osmand:speed>0</osmand:speed>
        </extensions>
      </trkpt>
      <trkpt lat="-13.5645461" lon="-71.2511445">
        <ele>4895.2</ele>
        <time>2026-06-02T19:01:47Z</time>
        <hdop>3</hdop>
        <extensions>
          <osmand:speed>0.1</osmand:speed>
        </extensions>
      </trkpt>
      <trkpt lat="-13.5645461" lon="-71.2511452">
        <ele>4895.2</ele>
        <time>2026-06-02T19:02:02Z</time>
        <hdop>3</hdop>
        <extensions>
          <osmand:speed>0.1</osmand:speed>
        </extensions>
      </trkpt>
      <trkpt lat="-13.5645465" lon="-71.2511454">
        <ele>4895.2</ele>
        <time>2026-06-02T19:02:18Z</time>
        <hdop>3</hdop>
        <extensions>
          <osmand:speed>0.1</osmand:speed>
        </extensions>
      </trkpt>
      <trkpt lat="-13.5645466" lon="-71.251146">
        <ele>4895.2</ele>
        <time>2026-06-02T19:02:34Z</time>
        <hdop>3</hdop>
        <extensions>
          <osmand:speed>0.1</osmand:speed>
        </extensions>
      </trkpt>
      <trkpt lat="-13.5645455" lon="-71.2511456">
        <ele>4895.2</ele>
        <time>2026-06-02T19:02:50Z</time>
        <hdop>3</hdop>
        <extensions>
          <osmand:speed>0.1</osmand:speed>
        </extensions>
      </trkpt>
      <trkpt lat="-13.564546" lon="-71.251145">
        <ele>4895.2</ele>
        <time>2026-06-02T19:03:06Z</time>
        <hdop>3</hdop>
        <extensions>
          <osmand:speed>0.1</osmand:speed>
        </extensions>
      </trkpt>
      <trkpt lat="-13.5645607" lon="-71.2511494">
        <ele>4896.7</ele>
        <time>2026-06-02T19:03:22Z</time>
        <hdop>3</hdop>
        <extensions>
          <osmand:speed>0.1</osmand:speed>
        </extensions>
      </trkpt>
      <trkpt lat="-13.5645653" lon="-71.2511533">
        <ele>4896.7</ele>
        <time>2026-06-02T19:03:38Z</time>
        <hdop>3</hdop>
        <extensions>
          <osmand:speed>0.1</osmand:speed>
        </extensions>
      </trkpt>
      <trkpt lat="-13.5645651" lon="-71.2511543">
        <ele>4896.7</ele>
        <time>2026-06-02T19:03:54Z</time>
        <hdop>3</hdop>
        <extensions>
          <osmand:speed>0.1</osmand:speed>
        </extensions>
      </trkpt>
      <trkpt lat="-13.564565" lon="-71.251154">
        <ele>4896.7</ele>
        <time>2026-06-02T19:04:10Z</time>
        <hdop>3</hdop>
        <extensions>
          <osmand:speed>0.1</osmand:speed>
        </extensions>
      </trkpt>
      <trkpt lat="-13.5645645" lon="-71.2511525">
        <ele>4896.7</ele>
        <time>2026-06-02T19:04:26Z</time>
        <hdop>3</hdop>
        <extensions>
          <osmand:speed>0.1</osmand:speed>
        </extensions>
      </trkpt>
      <trkpt lat="-13.5645626" lon="-71.2511519">
        <ele>4896.7</ele>
        <time>2026-06-02T19:04:41Z</time>
        <hdop>3</hdop>
        <extensions>
          <osmand:speed>0.1</osmand:speed>
        </extensions>
      </trkpt>
      <trkpt lat="-13.5645637" lon="-71.2511529">
        <ele>4896.7</ele>
        <time>2026-06-02T19:04:57Z</time>
        <hdop>3</hdop>
        <extensions>
          <osmand:speed>0.1</osmand:speed>
        </extensions>
      </trkpt>
      <trkpt lat="-13.5645637" lon="-71.2511524">
        <ele>4896.7</ele>
        <time>2026-06-02T19:05:13Z</time>
        <hdop>3</hdop>
        <extensions>
          <osmand:speed>0.1</osmand:speed>
        </extensions>
      </trkpt>
      <trkpt lat="-13.5645628" lon="-71.2511529">
        <ele>4896.7</ele>
        <time>2026-06-02T19:05:29Z</time>
        <hdop>3</hdop>
        <extensions>
          <osmand:speed>0.1</osmand:speed>
        </extensions>
      </trkpt>
      <trkpt lat="-13.564563" lon="-71.2511537">
        <ele>4896.7</ele>
        <time>2026-06-02T19:05:44Z</time>
        <hdop>3</hdop>
        <extensions>
          <osmand:speed>0.1</osmand:speed>
        </extensions>
      </trkpt>
      <trkpt lat="-13.5645634" lon="-71.2511516">
        <ele>4896.7</ele>
        <time>2026-06-02T19:06:00Z</time>
        <hdop>3</hdop>
        <extensions>
          <osmand:speed>0.1</osmand:speed>
        </extensions>
      </trkpt>
      <trkpt lat="-13.5645642" lon="-71.2511524">
        <ele>4896.7</ele>
        <time>2026-06-02T19:06:16Z</time>
        <hdop>3</hdop>
        <extensions>
          <osmand:speed>0.1</osmand:speed>
        </extensions>
      </trkpt>
      <trkpt lat="-13.5645633" lon="-71.2511524">
        <ele>4896.7</ele>
        <time>2026-06-02T19:06:32Z</time>
        <hdop>3</hdop>
        <extensions>
          <osmand:speed>0.1</osmand:speed>
        </extensions>
      </trkpt>
      <trkpt lat="-13.5645624" lon="-71.2511527">
        <ele>4896.7</ele>
        <time>2026-06-02T19:06:47Z</time>
        <hdop>3</hdop>
        <extensions>
          <osmand:speed>0.1</osmand:speed>
        </extensions>
      </trkpt>
      <trkpt lat="-13.5645636" lon="-71.251154">
        <ele>4896.7</ele>
        <time>2026-06-02T19:07:03Z</time>
        <hdop>3</hdop>
        <extensions>
          <osmand:speed>0.1</osmand:speed>
        </extensions>
      </trkpt>
      <trkpt lat="-13.5645641" lon="-71.251153">
        <ele>4896.7</ele>
        <time>2026-06-02T19:07:19Z</time>
        <hdop>3</hdop>
        <extensions>
          <osmand:speed>0.1</osmand:speed>
        </extensions>
      </trkpt>
      <trkpt lat="-13.5645633" lon="-71.2511529">
        <ele>4896.7</ele>
        <time>2026-06-02T19:07:35Z</time>
        <hdop>3</hdop>
        <extensions>
          <osmand:speed>0.1</osmand:speed>
        </extensions>
      </trkpt>
      <trkpt lat="-13.5645626" lon="-71.2511532">
        <ele>4896.7</ele>
        <time>2026-06-02T19:07:51Z</time>
        <hdop>3</hdop>
        <extensions>
          <osmand:speed>0.1</osmand:speed>
        </extensions>
      </trkpt>
      <trkpt lat="-13.5645638" lon="-71.2511537">
        <ele>4896.7</ele>
        <time>2026-06-02T19:08:07Z</time>
        <hdop>3</hdop>
        <extensions>
          <osmand:speed>0.1</osmand:speed>
        </extensions>
      </trkpt>
      <trkpt lat="-13.5645639" lon="-71.251154">
        <ele>4896.7</ele>
        <time>2026-06-02T19:08:23Z</time>
        <hdop>3</hdop>
        <extensions>
          <osmand:speed>0.1</osmand:speed>
        </extensions>
      </trkpt>
      <trkpt lat="-13.5645638" lon="-71.2511531">
        <ele>4896.7</ele>
        <time>2026-06-02T19:08:39Z</time>
        <hdop>3</hdop>
        <extensions>
          <osmand:speed>0.1</osmand:speed>
        </extensions>
      </trkpt>
      <trkpt lat="-13.5645632" lon="-71.2511537">
        <ele>4896.7</ele>
        <time>2026-06-02T19:08:55Z</time>
        <hdop>3</hdop>
        <extensions>
          <osmand:speed>0.2</osmand:speed>
        </extensions>
      </trkpt>
      <trkpt lat="-13.564564" lon="-71.2511528">
        <ele>4896.7</ele>
        <time>2026-06-02T19:09:10Z</time>
        <hdop>3</hdop>
        <extensions>
          <osmand:speed>0.1</osmand:speed>
        </extensions>
      </trkpt>
      <trkpt lat="-13.564564" lon="-71.2511535">
        <ele>4896.7</ele>
        <time>2026-06-02T19:09:26Z</time>
        <hdop>3</hdop>
        <extensions>
          <osmand:speed>0.1</osmand:speed>
        </extensions>
      </trkpt>
      <trkpt lat="-13.5645648" lon="-71.2511536">
        <ele>4896.7</ele>
        <time>2026-06-02T19:09:41Z</time>
        <hdop>3</hdop>
        <extensions>
          <osmand:speed>0.1</osmand:speed>
        </extensions>
      </trkpt>
      <trkpt lat="-13.5645644" lon="-71.2511526">
        <ele>4896.7</ele>
        <time>2026-06-02T19:09:57Z</time>
        <hdop>3</hdop>
        <extensions>
          <osmand:speed>0.1</osmand:speed>
        </extensions>
      </trkpt>
      <trkpt lat="-13.5645373" lon="-71.2511499">
        <ele>4896.3</ele>
        <time>2026-06-02T19:10:13Z</time>
        <hdop>3</hdop>
        <extensions>
          <osmand:speed>0.1</osmand:speed>
        </extensions>
      </trkpt>
      <trkpt lat="-13.564528" lon="-71.2511496">
        <ele>4896.3</ele>
        <time>2026-06-02T19:10:29Z</time>
        <hdop>3</hdop>
        <extensions>
          <osmand:speed>0.1</osmand:speed>
        </extensions>
      </trkpt>
      <trkpt lat="-13.5645262" lon="-71.2511495">
        <ele>4896.3</ele>
        <time>2026-06-02T19:10:45Z</time>
        <hdop>3</hdop>
        <extensions>
          <osmand:speed>0.1</osmand:speed>
        </extensions>
      </trkpt>
      <trkpt lat="-13.5645274" lon="-71.2511493">
        <ele>4896.3</ele>
        <time>2026-06-02T19:11:00Z</time>
        <hdop>3</hdop>
        <extensions>
          <osmand:speed>0.1</osmand:speed>
        </extensions>
      </trkpt>
      <trkpt lat="-13.5645527" lon="-71.2511017">
        <ele>4892.5</ele>
        <time>2026-06-02T19:11:16Z</time>
        <hdop>3</hdop>
        <extensions>
          <osmand:speed>0.9</osmand:speed>
        </extensions>
      </trkpt>
      <trkpt lat="-13.5646451" lon="-71.2511584">
        <ele>4893.1</ele>
        <time>2026-06-02T19:11:31Z</time>
        <hdop>3</hdop>
        <extensions>
          <osmand:speed>0.9</osmand:speed>
        </extensions>
      </trkpt>
      <trkpt lat="-13.5647387" lon="-71.2512809">
        <ele>4891.6</ele>
        <time>2026-06-02T19:11:46Z</time>
        <hdop>3</hdop>
        <extensions>
          <osmand:speed>1.1</osmand:speed>
        </extensions>
      </trkpt>
      <trkpt lat="-13.5648338" lon="-71.2513845">
        <ele>4891.6</ele>
        <time>2026-06-02T19:12:01Z</time>
        <hdop>3</hdop>
        <extensions>
          <osmand:speed>1</osmand:speed>
        </extensions>
      </trkpt>
      <trkpt lat="-13.5649531" lon="-71.2514672">
        <ele>4889.7</ele>
        <time>2026-06-02T19:12:17Z</time>
        <hdop>3</hdop>
        <extensions>
          <osmand:speed>1.2</osmand:speed>
        </extensions>
      </trkpt>
      <trkpt lat="-13.5650092" lon="-71.2516114">
        <ele>4891.3</ele>
        <time>2026-06-02T19:12:32Z</time>
        <hdop>3</hdop>
        <extensions>
          <osmand:speed>1.1</osmand:speed>
        </extensions>
      </trkpt>
      <trkpt lat="-13.5650052" lon="-71.2517676">
        <ele>4892.8</ele>
        <time>2026-06-02T19:12:47Z</time>
        <hdop>3</hdop>
        <extensions>
          <osmand:speed>1.1</osmand:speed>
        </extensions>
      </trkpt>
      <trkpt lat="-13.5649785" lon="-71.2519653">
        <ele>4885.8</ele>
        <time>2026-06-02T19:13:02Z</time>
        <hdop>3</hdop>
        <extensions>
          <osmand:speed>1.2</osmand:speed>
        </extensions>
      </trkpt>
      <trkpt lat="-13.5649666" lon="-71.2521099">
        <ele>4884</ele>
        <time>2026-06-02T19:13:18Z</time>
        <hdop>3</hdop>
        <extensions>
          <osmand:speed>1.2</osmand:speed>
        </extensions>
      </trkpt>
      <trkpt lat="-13.564965" lon="-71.2522557">
        <ele>4883.4</ele>
        <time>2026-06-02T19:13:33Z</time>
        <hdop>3</hdop>
        <extensions>
          <osmand:speed>1</osmand:speed>
        </extensions>
      </trkpt>
      <trkpt lat="-13.5650007" lon="-71.2523755">
        <ele>4887.9</ele>
        <time>2026-06-02T19:13:48Z</time>
        <hdop>3</hdop>
        <extensions>
          <osmand:speed>1.1</osmand:speed>
        </extensions>
      </trkpt>
      <trkpt lat="-13.5650161" lon="-71.2525756">
        <ele>4887.4</ele>
        <time>2026-06-02T19:14:03Z</time>
        <hdop>3</hdop>
        <extensions>
          <osmand:speed>1.2</osmand:speed>
        </extensions>
      </trkpt>
      <trkpt lat="-13.5650071" lon="-71.2527538">
        <ele>4891.3</ele>
        <time>2026-06-02T19:14:19Z</time>
        <hdop>3</hdop>
        <extensions>
          <osmand:speed>1.2</osmand:speed>
        </extensions>
      </trkpt>
      <trkpt lat="-13.5649991" lon="-71.2529133">
        <ele>4885.9</ele>
        <time>2026-06-02T19:14:34Z</time>
        <hdop>3</hdop>
        <extensions>
          <osmand:speed>1.2</osmand:speed>
        </extensions>
      </trkpt>
      <trkpt lat="-13.5650545" lon="-71.2530524">
        <ele>4877</ele>
        <time>2026-06-02T19:14:49Z</time>
        <hdop>3</hdop>
        <extensions>
          <osmand:speed>1.2</osmand:speed>
        </extensions>
      </trkpt>
      <trkpt lat="-13.5651412" lon="-71.2532391">
        <ele>4877.5</ele>
        <time>2026-06-02T19:15:05Z</time>
        <hdop>3</hdop>
        <extensions>
          <osmand:speed>1.3</osmand:speed>
        </extensions>
      </trkpt>
      <trkpt lat="-13.5651933" lon="-71.2533919">
        <ele>4877.7</ele>
        <time>2026-06-02T19:15:20Z</time>
        <hdop>3</hdop>
        <extensions>
          <osmand:speed>1.2</osmand:speed>
        </extensions>
      </trkpt>
      <trkpt lat="-13.5652656" lon="-71.2535536">
        <ele>4875</ele>
        <time>2026-06-02T19:15:35Z</time>
        <hdop>3</hdop>
        <extensions>
          <osmand:speed>1.3</osmand:speed>
        </extensions>
      </trkpt>
      <trkpt lat="-13.5653146" lon="-71.2537221">
        <ele>4875.4</ele>
        <time>2026-06-02T19:15:50Z</time>
        <hdop>3</hdop>
        <extensions>
          <osmand:speed>1.2</osmand:speed>
        </extensions>
      </trkpt>
      <trkpt lat="-13.5653494" lon="-71.2538856">
        <ele>4877.7</ele>
        <time>2026-06-02T19:16:05Z</time>
        <hdop>3</hdop>
        <extensions>
          <osmand:speed>1.2</osmand:speed>
        </extensions>
      </trkpt>
      <trkpt lat="-13.5653743" lon="-71.2540711">
        <ele>4876.5</ele>
        <time>2026-06-02T19:16:21Z</time>
        <hdop>3</hdop>
        <extensions>
          <osmand:speed>1.2</osmand:speed>
        </extensions>
      </trkpt>
      <trkpt lat="-13.5653909" lon="-71.254243">
        <ele>4875.7</ele>
        <time>2026-06-02T19:16:36Z</time>
        <hdop>3</hdop>
        <extensions>
          <osmand:speed>1.2</osmand:speed>
        </extensions>
      </trkpt>
      <trkpt lat="-13.5654009" lon="-71.2544121">
        <ele>4874.6</ele>
        <time>2026-06-02T19:16:51Z</time>
        <hdop>3</hdop>
        <extensions>
          <osmand:speed>1.2</osmand:speed>
        </extensions>
      </trkpt>
      <trkpt lat="-13.5654044" lon="-71.2545609">
        <ele>4871.8</ele>
        <time>2026-06-02T19:17:07Z</time>
        <hdop>3</hdop>
        <extensions>
          <osmand:speed>1</osmand:speed>
        </extensions>
      </trkpt>
      <trkpt lat="-13.5654244" lon="-71.254708">
        <ele>4870.5</ele>
        <time>2026-06-02T19:17:22Z</time>
        <hdop>3</hdop>
        <extensions>
          <osmand:speed>1</osmand:speed>
        </extensions>
      </trkpt>
      <trkpt lat="-13.5654811" lon="-71.2548416">
        <ele>4873.9</ele>
        <time>2026-06-02T19:17:37Z</time>
        <hdop>3</hdop>
        <extensions>
          <osmand:speed>1.1</osmand:speed>
        </extensions>
      </trkpt>
      <trkpt lat="-13.565553" lon="-71.2549864">
        <ele>4871.9</ele>
        <time>2026-06-02T19:17:53Z</time>
        <hdop>3</hdop>
        <extensions>
          <osmand:speed>1.1</osmand:speed>
        </extensions>
      </trkpt>
      <trkpt lat="-13.5656089" lon="-71.2551557">
        <ele>4873</ele>
        <time>2026-06-02T19:18:08Z</time>
        <hdop>3</hdop>
        <extensions>
          <osmand:speed>1.2</osmand:speed>
        </extensions>
      </trkpt>
      <trkpt lat="-13.5656308" lon="-71.2553129">
        <ele>4870.5</ele>
        <time>2026-06-02T19:18:23Z</time>
        <hdop>3</hdop>
        <extensions>
          <osmand:speed>1.2</osmand:speed>
        </extensions>
      </trkpt>
      <trkpt lat="-13.5656946" lon="-71.2554606">
        <ele>4868.5</ele>
        <time>2026-06-02T19:18:39Z</time>
        <hdop>3</hdop>
        <extensions>
          <osmand:speed>1.2</osmand:speed>
        </extensions>
      </trkpt>
      <trkpt lat="-13.5657751" lon="-71.2556235">
        <ele>4871.5</ele>
        <time>2026-06-02T19:18:54Z</time>
        <hdop>3</hdop>
        <extensions>
          <osmand:speed>1.2</osmand:speed>
        </extensions>
      </trkpt>
      <trkpt lat="-13.565863" lon="-71.2557689">
        <ele>4868.6</ele>
        <time>2026-06-02T19:19:09Z</time>
        <hdop>3</hdop>
        <extensions>
          <osmand:speed>1.2</osmand:speed>
        </extensions>
      </trkpt>
      <trkpt lat="-13.5658794" lon="-71.2559486">
        <ele>4865.5</ele>
        <time>2026-06-02T19:19:25Z</time>
        <hdop>3</hdop>
        <extensions>
          <osmand:speed>1.2</osmand:speed>
        </extensions>
      </trkpt>
      <trkpt lat="-13.565892" lon="-71.2561077">
        <ele>4865.8</ele>
        <time>2026-06-02T19:19:40Z</time>
        <hdop>3</hdop>
        <extensions>
          <osmand:speed>1.1</osmand:speed>
        </extensions>
      </trkpt>
      <trkpt lat="-13.5659289" lon="-71.2562557">
        <ele>4868.6</ele>
        <time>2026-06-02T19:19:55Z</time>
        <hdop>3</hdop>
        <extensions>
          <osmand:speed>1.1</osmand:speed>
        </extensions>
      </trkpt>
      <trkpt lat="-13.5660607" lon="-71.2563228">
        <ele>4865.3</ele>
        <time>2026-06-02T19:20:10Z</time>
        <hdop>3</hdop>
        <extensions>
          <osmand:speed>1.1</osmand:speed>
        </extensions>
      </trkpt>
      <trkpt lat="-13.5661524" lon="-71.2563409">
        <ele>4861.8</ele>
        <time>2026-06-02T19:20:26Z</time>
        <hdop>3</hdop>
        <extensions>
          <osmand:speed>0.9</osmand:speed>
        </extensions>
      </trkpt>
      <trkpt lat="-13.5662932" lon="-71.256447">
        <ele>4860.3</ele>
        <time>2026-06-02T19:20:41Z</time>
        <hdop>3</hdop>
        <extensions>
          <osmand:speed>1.2</osmand:speed>
        </extensions>
      </trkpt>
      <trkpt lat="-13.5663304" lon="-71.2565588">
        <ele>4860.1</ele>
        <time>2026-06-02T19:20:56Z</time>
        <hdop>3</hdop>
        <extensions>
          <osmand:speed>1</osmand:speed>
        </extensions>
      </trkpt>
      <trkpt lat="-13.566311" lon="-71.2567032">
        <ele>4855.8</ele>
        <time>2026-06-02T19:21:12Z</time>
        <hdop>3</hdop>
        <extensions>
          <osmand:speed>1.3</osmand:speed>
        </extensions>
      </trkpt>
      <trkpt lat="-13.566362" lon="-71.2568207">
        <ele>4849.5</ele>
        <time>2026-06-02T19:21:27Z</time>
        <hdop>3</hdop>
        <extensions>
          <osmand:speed>1.3</osmand:speed>
        </extensions>
      </trkpt>
      <trkpt lat="-13.5664231" lon="-71.2569748">
        <ele>4845</ele>
        <time>2026-06-02T19:21:42Z</time>
        <hdop>3</hdop>
        <extensions>
          <osmand:speed>1.3</osmand:speed>
        </extensions>
      </trkpt>
      <trkpt lat="-13.5664202" lon="-71.2571075">
        <ele>4842.4</ele>
        <time>2026-06-02T19:21:57Z</time>
        <hdop>3</hdop>
        <extensions>
          <osmand:speed>1.2</osmand:speed>
        </extensions>
      </trkpt>
      <trkpt lat="-13.5664924" lon="-71.2571861">
        <ele>4838.3</ele>
        <time>2026-06-02T19:22:12Z</time>
        <hdop>3</hdop>
        <extensions>
          <osmand:speed>1.2</osmand:speed>
        </extensions>
      </trkpt>
      <trkpt lat="-13.5665987" lon="-71.2572758">
        <ele>4836.4</ele>
        <time>2026-06-02T19:22:27Z</time>
        <hdop>3</hdop>
        <extensions>
          <osmand:speed>1.2</osmand:speed>
        </extensions>
      </trkpt>
      <trkpt lat="-13.5666764" lon="-71.2573966">
        <ele>4833.9</ele>
        <time>2026-06-02T19:22:42Z</time>
        <hdop>3</hdop>
        <extensions>
          <osmand:speed>1.2</osmand:speed>
        </extensions>
      </trkpt>
      <trkpt lat="-13.5667442" lon="-71.2575115">
        <ele>4833</ele>
        <time>2026-06-02T19:22:58Z</time>
        <hdop>3</hdop>
        <extensions>
          <osmand:speed>1.2</osmand:speed>
        </extensions>
      </trkpt>
      <trkpt lat="-13.5668446" lon="-71.2576348">
        <ele>4830.4</ele>
        <time>2026-06-02T19:23:13Z</time>
        <hdop>3</hdop>
        <extensions>
          <osmand:speed>1.2</osmand:speed>
        </extensions>
      </trkpt>
      <trkpt lat="-13.5669579" lon="-71.257703">
        <ele>4825.8</ele>
        <time>2026-06-02T19:23:28Z</time>
        <hdop>3</hdop>
        <extensions>
          <osmand:speed>1.1</osmand:speed>
        </extensions>
      </trkpt>
      <trkpt lat="-13.5670499" lon="-71.2578143">
        <ele>4825.6</ele>
        <time>2026-06-02T19:23:43Z</time>
        <hdop>3</hdop>
        <extensions>
          <osmand:speed>1.1</osmand:speed>
        </extensions>
      </trkpt>
      <trkpt lat="-13.5671501" lon="-71.2579417">
        <ele>4822.3</ele>
        <time>2026-06-02T19:23:58Z</time>
        <hdop>3</hdop>
        <extensions>
          <osmand:speed>1.2</osmand:speed>
        </extensions>
      </trkpt>
      <trkpt lat="-13.5672417" lon="-71.258058">
        <ele>4816.5</ele>
        <time>2026-06-02T19:24:14Z</time>
        <hdop>3</hdop>
        <extensions>
          <osmand:speed>1.2</osmand:speed>
        </extensions>
      </trkpt>
      <trkpt lat="-13.5673033" lon="-71.2582128">
        <ele>4816.5</ele>
        <time>2026-06-02T19:24:29Z</time>
        <hdop>3</hdop>
        <extensions>
          <osmand:speed>1.1</osmand:speed>
        </extensions>
      </trkpt>
      <trkpt lat="-13.5673834" lon="-71.2583618">
        <ele>4816.1</ele>
        <time>2026-06-02T19:24:44Z</time>
        <hdop>3</hdop>
        <extensions>
          <osmand:speed>1.1</osmand:speed>
        </extensions>
      </trkpt>
      <trkpt lat="-13.5673822" lon="-71.2585251">
        <ele>4815.6</ele>
        <time>2026-06-02T19:25:00Z</time>
        <hdop>3</hdop>
        <extensions>
          <osmand:speed>1.2</osmand:speed>
        </extensions>
      </trkpt>
      <trkpt lat="-13.5674418" lon="-71.2586703">
        <ele>4813.6</ele>
        <time>2026-06-02T19:25:15Z</time>
        <hdop>3</hdop>
        <extensions>
          <osmand:speed>1.2</osmand:speed>
        </extensions>
      </trkpt>
      <trkpt lat="-13.5675387" lon="-71.2587968">
        <ele>4812.2</ele>
        <time>2026-06-02T19:25:30Z</time>
        <hdop>3</hdop>
        <extensions>
          <osmand:speed>1.2</osmand:speed>
        </extensions>
      </trkpt>
      <trkpt lat="-13.5676123" lon="-71.2589444">
        <ele>4811</ele>
        <time>2026-06-02T19:25:46Z</time>
        <hdop>3</hdop>
        <extensions>
          <osmand:speed>1.1</osmand:speed>
        </extensions>
      </trkpt>
      <trkpt lat="-13.5677022" lon="-71.2590665">
        <ele>4808.7</ele>
        <time>2026-06-02T19:26:01Z</time>
        <hdop>3</hdop>
        <extensions>
          <osmand:speed>1.1</osmand:speed>
        </extensions>
      </trkpt>
      <trkpt lat="-13.5677798" lon="-71.2592234">
        <ele>4809.4</ele>
        <time>2026-06-02T19:26:16Z</time>
        <hdop>3</hdop>
        <extensions>
          <osmand:speed>1.1</osmand:speed>
        </extensions>
      </trkpt>
      <trkpt lat="-13.5678345" lon="-71.2593822">
        <ele>4807.6</ele>
        <time>2026-06-02T19:26:32Z</time>
        <hdop>3</hdop>
        <extensions>
          <osmand:speed>1.2</osmand:speed>
        </extensions>
      </trkpt>
      <trkpt lat="-13.5679338" lon="-71.2595386">
        <ele>4808.9</ele>
        <time>2026-06-02T19:26:47Z</time>
        <hdop>3</hdop>
        <extensions>
          <osmand:speed>1.1</osmand:speed>
        </extensions>
      </trkpt>
      <trkpt lat="-13.5680383" lon="-71.2596294">
        <ele>4810.9</ele>
        <time>2026-06-02T19:27:02Z</time>
        <hdop>3</hdop>
        <extensions>
          <osmand:speed>1.1</osmand:speed>
        </extensions>
      </trkpt>
      <trkpt lat="-13.5681188" lon="-71.2597747">
        <ele>4810.7</ele>
        <time>2026-06-02T19:27:18Z</time>
        <hdop>3</hdop>
        <extensions>
          <osmand:speed>1.2</osmand:speed>
        </extensions>
      </trkpt>
      <trkpt lat="-13.5682017" lon="-71.2599306">
        <ele>4809.6</ele>
        <time>2026-06-02T19:27:33Z</time>
        <hdop>3</hdop>
        <extensions>
          <osmand:speed>1.2</osmand:speed>
        </extensions>
      </trkpt>
      <trkpt lat="-13.5683128" lon="-71.2600387">
        <ele>4808</ele>
        <time>2026-06-02T19:27:48Z</time>
        <hdop>3</hdop>
        <extensions>
          <osmand:speed>1.1</osmand:speed>
        </extensions>
      </trkpt>
      <trkpt lat="-13.5684431" lon="-71.2601423">
        <ele>4807.7</ele>
        <time>2026-06-02T19:28:03Z</time>
        <hdop>3</hdop>
        <extensions>
          <osmand:speed>1.1</osmand:speed>
        </extensions>
      </trkpt>
      <trkpt lat="-13.5685635" lon="-71.2602355">
        <ele>4806.2</ele>
        <time>2026-06-02T19:28:18Z</time>
        <hdop>3</hdop>
        <extensions>
          <osmand:speed>1.2</osmand:speed>
        </extensions>
      </trkpt>
      <trkpt lat="-13.5687219" lon="-71.2603173">
        <ele>4807</ele>
        <time>2026-06-02T19:28:33Z</time>
        <hdop>3</hdop>
        <extensions>
          <osmand:speed>1.1</osmand:speed>
        </extensions>
      </trkpt>
      <trkpt lat="-13.5688746" lon="-71.260383">
        <ele>4808.2</ele>
        <time>2026-06-02T19:28:49Z</time>
        <hdop>3</hdop>
        <extensions>
          <osmand:speed>1.1</osmand:speed>
        </extensions>
      </trkpt>
      <trkpt lat="-13.5689987" lon="-71.2604533">
        <ele>4806</ele>
        <time>2026-06-02T19:29:04Z</time>
        <hdop>3</hdop>
        <extensions>
          <osmand:speed>1.1</osmand:speed>
        </extensions>
      </trkpt>
      <trkpt lat="-13.5691159" lon="-71.2605687">
        <ele>4806.7</ele>
        <time>2026-06-02T19:29:19Z</time>
        <hdop>3</hdop>
        <extensions>
          <osmand:speed>1.1</osmand:speed>
        </extensions>
      </trkpt>
      <trkpt lat="-13.5692624" lon="-71.2606625">
        <ele>4805.4</ele>
        <time>2026-06-02T19:29:34Z</time>
        <hdop>3</hdop>
        <extensions>
          <osmand:speed>1.1</osmand:speed>
        </extensions>
      </trkpt>
      <trkpt lat="-13.5693764" lon="-71.2607516">
        <ele>4802.2</ele>
        <time>2026-06-02T19:29:49Z</time>
        <hdop>3</hdop>
        <extensions>
          <osmand:speed>1.2</osmand:speed>
        </extensions>
      </trkpt>
      <trkpt lat="-13.5694999" lon="-71.2608672">
        <ele>4800.9</ele>
        <time>2026-06-02T19:30:04Z</time>
        <hdop>3</hdop>
        <extensions>
          <osmand:speed>1.1</osmand:speed>
        </extensions>
      </trkpt>
      <trkpt lat="-13.5696466" lon="-71.2609373">
        <ele>4798.6</ele>
        <time>2026-06-02T19:30:20Z</time>
        <hdop>3</hdop>
        <extensions>
          <osmand:speed>1.2</osmand:speed>
        </extensions>
      </trkpt>
      <trkpt lat="-13.5697703" lon="-71.2609833">
        <ele>4796.9</ele>
        <time>2026-06-02T19:30:35Z</time>
        <hdop>3</hdop>
        <extensions>
          <osmand:speed>1.1</osmand:speed>
        </extensions>
      </trkpt>
      <trkpt lat="-13.5698954" lon="-71.2610591">
        <ele>4798.2</ele>
        <time>2026-06-02T19:30:50Z</time>
        <hdop>3</hdop>
        <extensions>
          <osmand:speed>1.1</osmand:speed>
        </extensions>
      </trkpt>
      <trkpt lat="-13.5700058" lon="-71.2611101">
        <ele>4797.6</ele>
        <time>2026-06-02T19:31:05Z</time>
        <hdop>3</hdop>
        <extensions>
          <osmand:speed>1</osmand:speed>
        </extensions>
      </trkpt>
      <trkpt lat="-13.5700999" lon="-71.2611971">
        <ele>4795.9</ele>
        <time>2026-06-02T19:31:20Z</time>
        <hdop>3</hdop>
        <extensions>
          <osmand:speed>1.2</osmand:speed>
        </extensions>
      </trkpt>
      <trkpt lat="-13.5702056" lon="-71.2612636">
        <ele>4792</ele>
        <time>2026-06-02T19:31:36Z</time>
        <hdop>3</hdop>
        <extensions>
          <osmand:speed>1.1</osmand:speed>
        </extensions>
      </trkpt>
      <trkpt lat="-13.5702789" lon="-71.2613369">
        <ele>4788.6</ele>
        <time>2026-06-02T19:31:51Z</time>
        <hdop>3</hdop>
        <extensions>
          <osmand:speed>1.1</osmand:speed>
        </extensions>
      </trkpt>
      <trkpt lat="-13.5703711" lon="-71.2614494">
        <ele>4787.1</ele>
        <time>2026-06-02T19:32:06Z</time>
        <hdop>3</hdop>
        <extensions>
          <osmand:speed>1.1</osmand:speed>
        </extensions>
      </trkpt>
      <trkpt lat="-13.5704268" lon="-71.261574">
        <ele>4783.4</ele>
        <time>2026-06-02T19:32:21Z</time>
        <hdop>3</hdop>
        <extensions>
          <osmand:speed>1.3</osmand:speed>
        </extensions>
      </trkpt>
      <trkpt lat="-13.5705171" lon="-71.2617135">
        <ele>4778.6</ele>
        <time>2026-06-02T19:32:36Z</time>
        <hdop>3</hdop>
        <extensions>
          <osmand:speed>1.3</osmand:speed>
        </extensions>
      </trkpt>
      <trkpt lat="-13.5706234" lon="-71.2618384">
        <ele>4774.9</ele>
        <time>2026-06-02T19:32:51Z</time>
        <hdop>3</hdop>
        <extensions>
          <osmand:speed>1.3</osmand:speed>
        </extensions>
      </trkpt>
      <trkpt lat="-13.5707661" lon="-71.2619489">
        <ele>4773.6</ele>
        <time>2026-06-02T19:33:07Z</time>
        <hdop>3</hdop>
        <extensions>
          <osmand:speed>1.2</osmand:speed>
        </extensions>
      </trkpt>
      <trkpt lat="-13.570899" lon="-71.2620314">
        <ele>4772.2</ele>
        <time>2026-06-02T19:33:22Z</time>
        <hdop>3</hdop>
        <extensions>
          <osmand:speed>1.3</osmand:speed>
        </extensions>
      </trkpt>
      <trkpt lat="-13.571043" lon="-71.262128">
        <ele>4766.4</ele>
        <time>2026-06-02T19:33:37Z</time>
        <hdop>3</hdop>
        <extensions>
          <osmand:speed>1.3</osmand:speed>
        </extensions>
      </trkpt>
      <trkpt lat="-13.5711545" lon="-71.2622648">
        <ele>4764.4</ele>
        <time>2026-06-02T19:33:52Z</time>
        <hdop>3</hdop>
        <extensions>
          <osmand:speed>1.3</osmand:speed>
        </extensions>
      </trkpt>
      <trkpt lat="-13.5712161" lon="-71.2624413">
        <ele>4762.3</ele>
        <time>2026-06-02T19:34:07Z</time>
        <hdop>3</hdop>
        <extensions>
          <osmand:speed>1.2</osmand:speed>
        </extensions>
      </trkpt>
      <trkpt lat="-13.5712499" lon="-71.2626329">
        <ele>4761.5</ele>
        <time>2026-06-02T19:34:23Z</time>
        <hdop>3</hdop>
        <extensions>
          <osmand:speed>1.2</osmand:speed>
        </extensions>
      </trkpt>
      <trkpt lat="-13.5712669" lon="-71.2628085">
        <ele>4760.1</ele>
        <time>2026-06-02T19:34:38Z</time>
        <hdop>3</hdop>
        <extensions>
          <osmand:speed>1.3</osmand:speed>
        </extensions>
      </trkpt>
      <trkpt lat="-13.5713542" lon="-71.2629688">
        <ele>4761</ele>
        <time>2026-06-02T19:34:54Z</time>
        <hdop>3</hdop>
        <extensions>
          <osmand:speed>1.2</osmand:speed>
        </extensions>
      </trkpt>
      <trkpt lat="-13.5714363" lon="-71.2631305">
        <ele>4761</ele>
        <time>2026-06-02T19:35:09Z</time>
        <hdop>3</hdop>
        <extensions>
          <osmand:speed>1.3</osmand:speed>
        </extensions>
      </trkpt>
      <trkpt lat="-13.571507" lon="-71.2632981">
        <ele>4759.7</ele>
        <time>2026-06-02T19:35:25Z</time>
        <hdop>3</hdop>
        <extensions>
          <osmand:speed>1.2</osmand:speed>
        </extensions>
      </trkpt>
      <trkpt lat="-13.5716095" lon="-71.2634264">
        <ele>4760.3</ele>
        <time>2026-06-02T19:35:40Z</time>
        <hdop>3</hdop>
        <extensions>
          <osmand:speed>1.2</osmand:speed>
        </extensions>
      </trkpt>
      <trkpt lat="-13.5717272" lon="-71.2635515">
        <ele>4761</ele>
        <time>2026-06-02T19:35:55Z</time>
        <hdop>3</hdop>
        <extensions>
          <osmand:speed>1.3</osmand:speed>
        </extensions>
      </trkpt>
      <trkpt lat="-13.5718623" lon="-71.2636124">
        <ele>4758.5</ele>
        <time>2026-06-02T19:36:10Z</time>
        <hdop>3</hdop>
        <extensions>
          <osmand:speed>1</osmand:speed>
        </extensions>
      </trkpt>
      <trkpt lat="-13.5719638" lon="-71.263694">
        <ele>4757.2</ele>
        <time>2026-06-02T19:36:25Z</time>
        <hdop>3</hdop>
        <extensions>
          <osmand:speed>1.3</osmand:speed>
        </extensions>
      </trkpt>
      <trkpt lat="-13.5721152" lon="-71.2638082">
        <ele>4755.5</ele>
        <time>2026-06-02T19:36:41Z</time>
        <hdop>3</hdop>
        <extensions>
          <osmand:speed>1.3</osmand:speed>
        </extensions>
      </trkpt>
      <trkpt lat="-13.5722465" lon="-71.2639156">
        <ele>4754.7</ele>
        <time>2026-06-02T19:36:56Z</time>
        <hdop>3</hdop>
        <extensions>
          <osmand:speed>1.3</osmand:speed>
        </extensions>
      </trkpt>
      <trkpt lat="-13.5723685" lon="-71.2640294">
        <ele>4752.2</ele>
        <time>2026-06-02T19:37:11Z</time>
        <hdop>3</hdop>
        <extensions>
          <osmand:speed>1.2</osmand:speed>
        </extensions>
      </trkpt>
      <trkpt lat="-13.5724671" lon="-71.2641504">
        <ele>4751.7</ele>
        <time>2026-06-02T19:37:26Z</time>
        <hdop>3</hdop>
        <extensions>
          <osmand:speed>1.2</osmand:speed>
        </extensions>
      </trkpt>
      <trkpt lat="-13.5725804" lon="-71.2642913">
        <ele>4751.6</ele>
        <time>2026-06-02T19:37:42Z</time>
        <hdop>3</hdop>
        <extensions>
          <osmand:speed>1.2</osmand:speed>
        </extensions>
      </trkpt>
      <trkpt lat="-13.5726078" lon="-71.2643781">
        <ele>4745.8</ele>
        <time>2026-06-02T19:37:57Z</time>
        <hdop>3</hdop>
        <extensions>
          <osmand:speed>1.1</osmand:speed>
        </extensions>
      </trkpt>
      <trkpt lat="-13.5726714" lon="-71.2644615">
        <ele>4744.7</ele>
        <time>2026-06-02T19:38:12Z</time>
        <hdop>3</hdop>
        <extensions>
          <osmand:speed>0.8</osmand:speed>
        </extensions>
      </trkpt>
      <trkpt lat="-13.5726635" lon="-71.2645795">
        <ele>4741.5</ele>
        <time>2026-06-02T19:38:28Z</time>
        <hdop>3</hdop>
        <extensions>
          <osmand:speed>1</osmand:speed>
        </extensions>
      </trkpt>
      <trkpt lat="-13.5726039" lon="-71.2646297">
        <ele>4737</ele>
        <time>2026-06-02T19:38:43Z</time>
        <hdop>3</hdop>
        <extensions>
          <osmand:speed>0.8</osmand:speed>
        </extensions>
      </trkpt>
      <trkpt lat="-13.5725622" lon="-71.2647094">
        <ele>4734.3</ele>
        <time>2026-06-02T19:38:59Z</time>
        <hdop>3</hdop>
        <extensions>
          <osmand:speed>1</osmand:speed>
        </extensions>
      </trkpt>
      <trkpt lat="-13.5725587" lon="-71.2647609">
        <ele>4730.8</ele>
        <time>2026-06-02T19:39:14Z</time>
        <hdop>3</hdop>
        <extensions>
          <osmand:speed>0.7</osmand:speed>
        </extensions>
      </trkpt>
      <trkpt lat="-13.5725527" lon="-71.2648174">
        <ele>4728.8</ele>
        <time>2026-06-02T19:39:29Z</time>
        <hdop>3</hdop>
        <extensions>
          <osmand:speed>0.9</osmand:speed>
        </extensions>
      </trkpt>
      <trkpt lat="-13.5725077" lon="-71.2648484">
        <ele>4727.4</ele>
        <time>2026-06-02T19:39:45Z</time>
        <hdop>3</hdop>
        <extensions>
          <osmand:speed>0.5</osmand:speed>
        </extensions>
      </trkpt>
      <trkpt lat="-13.5724731" lon="-71.2648896">
        <ele>4728.2</ele>
        <time>2026-06-02T19:40:00Z</time>
        <hdop>3</hdop>
        <extensions>
          <osmand:speed>0.1</osmand:speed>
        </extensions>
      </trkpt>
      <trkpt lat="-13.5724668" lon="-71.2649446">
        <ele>4725.3</ele>
        <time>2026-06-02T19:40:15Z</time>
        <hdop>3</hdop>
        <extensions>
          <osmand:speed>0.4</osmand:speed>
        </extensions>
      </trkpt>
      <trkpt lat="-13.5724943" lon="-71.2649442">
        <ele>4724.9</ele>
        <time>2026-06-02T19:40:31Z</time>
        <hdop>3</hdop>
        <extensions>
          <osmand:speed>0.3</osmand:speed>
        </extensions>
      </trkpt>
      <trkpt lat="-13.5725468" lon="-71.2649506">
        <ele>4725.6</ele>
        <time>2026-06-02T19:40:46Z</time>
        <hdop>3</hdop>
        <extensions>
          <osmand:speed>0.3</osmand:speed>
        </extensions>
      </trkpt>
      <trkpt lat="-13.5725861" lon="-71.2649752">
        <ele>4726.9</ele>
        <time>2026-06-02T19:41:01Z</time>
        <hdop>3</hdop>
        <extensions>
          <osmand:speed>0.4</osmand:speed>
        </extensions>
      </trkpt>
      <trkpt lat="-13.5726015" lon="-71.2650115">
        <ele>4723.6</ele>
        <time>2026-06-02T19:41:17Z</time>
        <hdop>3</hdop>
        <extensions>
          <osmand:speed>0.8</osmand:speed>
        </extensions>
      </trkpt>
      <trkpt lat="-13.5724462" lon="-71.2650662">
        <ele>4716.7</ele>
        <time>2026-06-02T19:41:32Z</time>
        <hdop>3</hdop>
        <extensions>
          <osmand:speed>0.9</osmand:speed>
        </extensions>
      </trkpt>
      <trkpt lat="-13.5723186" lon="-71.2650852">
        <ele>4712.4</ele>
        <time>2026-06-02T19:41:47Z</time>
        <hdop>3</hdop>
        <extensions>
          <osmand:speed>1</osmand:speed>
        </extensions>
      </trkpt>
      <trkpt lat="-13.5722454" lon="-71.2651207">
        <ele>4711.4</ele>
        <time>2026-06-02T19:42:03Z</time>
        <hdop>3</hdop>
        <extensions>
          <osmand:speed>0.5</osmand:speed>
        </extensions>
      </trkpt>
      <trkpt lat="-13.572211" lon="-71.2651239">
        <ele>4711</ele>
        <time>2026-06-02T19:42:18Z</time>
        <hdop>3</hdop>
        <extensions>
          <osmand:speed>0.2</osmand:speed>
        </extensions>
      </trkpt>
      <trkpt lat="-13.5722171" lon="-71.2652295">
        <ele>4713.4</ele>
        <time>2026-06-02T19:42:33Z</time>
        <hdop>3</hdop>
        <extensions>
          <osmand:speed>0.9</osmand:speed>
        </extensions>
      </trkpt>
      <trkpt lat="-13.5722874" lon="-71.2653623">
        <ele>4709.2</ele>
        <time>2026-06-02T19:42:49Z</time>
        <hdop>3</hdop>
        <extensions>
          <osmand:speed>1.2</osmand:speed>
        </extensions>
      </trkpt>
      <trkpt lat="-13.5723211" lon="-71.2654977">
        <ele>4707.4</ele>
        <time>2026-06-02T19:43:04Z</time>
        <hdop>3</hdop>
        <extensions>
          <osmand:speed>0.9</osmand:speed>
        </extensions>
      </trkpt>
      <trkpt lat="-13.5723097" lon="-71.2655263">
        <ele>4709.1</ele>
        <time>2026-06-02T19:43:19Z</time>
        <hdop>3</hdop>
        <extensions>
          <osmand:speed>0.5</osmand:speed>
        </extensions>
      </trkpt>
      <trkpt lat="-13.5723278" lon="-71.2655161">
        <ele>4708.2</ele>
        <time>2026-06-02T19:43:35Z</time>
        <hdop>3</hdop>
        <extensions>
          <osmand:speed>0.1</osmand:speed>
        </extensions>
      </trkpt>
      <trkpt lat="-13.5723281" lon="-71.265516">
        <ele>4708.2</ele>
        <time>2026-06-02T19:43:51Z</time>
        <hdop>3</hdop>
        <extensions>
          <osmand:speed>0.1</osmand:speed>
        </extensions>
      </trkpt>
      <trkpt lat="-13.5723224" lon="-71.2655712">
        <ele>4703.5</ele>
        <time>2026-06-02T19:44:06Z</time>
        <hdop>3</hdop>
        <extensions>
          <osmand:speed>0.1</osmand:speed>
        </extensions>
      </trkpt>
      <trkpt lat="-13.5722995" lon="-71.265582">
        <ele>4702.1</ele>
        <time>2026-06-02T19:44:22Z</time>
        <hdop>3</hdop>
        <extensions>
          <osmand:speed>0.1</osmand:speed>
        </extensions>
      </trkpt>
      <trkpt lat="-13.572302" lon="-71.2655839">
        <ele>4702.1</ele>
        <time>2026-06-02T19:44:38Z</time>
        <hdop>3</hdop>
        <extensions>
          <osmand:speed>0</osmand:speed>
        </extensions>
      </trkpt>
      <trkpt lat="-13.5723017" lon="-71.2655845">
        <ele>4702.1</ele>
        <time>2026-06-02T19:44:53Z</time>
        <hdop>3</hdop>
        <extensions>
          <osmand:speed>0.1</osmand:speed>
        </extensions>
      </trkpt>
      <trkpt lat="-13.572301" lon="-71.2655839">
        <ele>4697.5</ele>
        <time>2026-06-02T19:45:08Z</time>
        <hdop>3</hdop>
        <extensions>
          <osmand:speed>0.1</osmand:speed>
        </extensions>
      </trkpt>
      <trkpt lat="-13.5723046" lon="-71.2656409">
        <ele>4697</ele>
        <time>2026-06-02T19:45:23Z</time>
        <hdop>3</hdop>
        <extensions>
          <osmand:speed>0.1</osmand:speed>
        </extensions>
      </trkpt>
      <trkpt lat="-13.5722419" lon="-71.2657534">
        <ele>4692.7</ele>
        <time>2026-06-02T19:45:39Z</time>
        <hdop>3</hdop>
        <extensions>
          <osmand:speed>0.6</osmand:speed>
        </extensions>
      </trkpt>
      <trkpt lat="-13.5722303" lon="-71.265808">
        <ele>4693.5</ele>
        <time>2026-06-02T19:45:54Z</time>
        <hdop>3</hdop>
        <extensions>
          <osmand:speed>0.3</osmand:speed>
        </extensions>
      </trkpt>
      <trkpt lat="-13.5722404" lon="-71.2658438">
        <ele>4692.5</ele>
        <time>2026-06-02T19:46:09Z</time>
        <hdop>3</hdop>
        <extensions>
          <osmand:speed>0.1</osmand:speed>
        </extensions>
      </trkpt>
      <trkpt lat="-13.5722374" lon="-71.2658788">
        <ele>4691.5</ele>
        <time>2026-06-02T19:46:24Z</time>
        <hdop>3</hdop>
        <extensions>
          <osmand:speed>0</osmand:speed>
        </extensions>
      </trkpt>
      <trkpt lat="-13.5722068" lon="-71.2659521">
        <ele>4690</ele>
        <time>2026-06-02T19:46:40Z</time>
        <hdop>3</hdop>
        <extensions>
          <osmand:speed>0.6</osmand:speed>
        </extensions>
      </trkpt>
      <trkpt lat="-13.5722545" lon="-71.2660147">
        <ele>4688.8</ele>
        <time>2026-06-02T19:46:55Z</time>
        <hdop>3</hdop>
        <extensions>
          <osmand:speed>0.5</osmand:speed>
        </extensions>
      </trkpt>
      <trkpt lat="-13.5722442" lon="-71.266112">
        <ele>4687.9</ele>
        <time>2026-06-02T19:47:10Z</time>
        <hdop>3</hdop>
        <extensions>
          <osmand:speed>0.9</osmand:speed>
        </extensions>
      </trkpt>
      <trkpt lat="-13.5722035" lon="-71.2661605">
        <ele>4684</ele>
        <time>2026-06-02T19:47:26Z</time>
        <hdop>3</hdop>
        <extensions>
          <osmand:speed>0.7</osmand:speed>
        </extensions>
      </trkpt>
      <trkpt lat="-13.5721484" lon="-71.2662715">
        <ele>4680.6</ele>
        <time>2026-06-02T19:47:41Z</time>
        <hdop>3</hdop>
        <extensions>
          <osmand:speed>1.2</osmand:speed>
        </extensions>
      </trkpt>
      <trkpt lat="-13.5721836" lon="-71.2664027">
        <ele>4678.5</ele>
        <time>2026-06-02T19:47:57Z</time>
        <hdop>3</hdop>
        <extensions>
          <osmand:speed>0.8</osmand:speed>
        </extensions>
      </trkpt>
      <trkpt lat="-13.5721243" lon="-71.2664966">
        <ele>4678</ele>
        <time>2026-06-02T19:48:12Z</time>
        <hdop>3</hdop>
        <extensions>
          <osmand:speed>0.8</osmand:speed>
        </extensions>
      </trkpt>
      <trkpt lat="-13.5721618" lon="-71.2665355">
        <ele>4678.9</ele>
        <time>2026-06-02T19:48:27Z</time>
        <hdop>3</hdop>
        <extensions>
          <osmand:speed>0.6</osmand:speed>
        </extensions>
      </trkpt>
      <trkpt lat="-13.5721551" lon="-71.2666928">
        <ele>4678.2</ele>
        <time>2026-06-02T19:48:42Z</time>
        <hdop>3</hdop>
        <extensions>
          <osmand:speed>1.1</osmand:speed>
        </extensions>
      </trkpt>
      <trkpt lat="-13.5721289" lon="-71.26681">
        <ele>4678.5</ele>
        <time>2026-06-02T19:48:58Z</time>
        <hdop>3</hdop>
        <extensions>
          <osmand:speed>0.8</osmand:speed>
        </extensions>
      </trkpt>
      <trkpt lat="-13.5720748" lon="-71.2669253">
        <ele>4676.6</ele>
        <time>2026-06-02T19:49:13Z</time>
        <hdop>3</hdop>
        <extensions>
          <osmand:speed>1.1</osmand:speed>
        </extensions>
      </trkpt>
      <trkpt lat="-13.5720691" lon="-71.2670571">
        <ele>4675.7</ele>
        <time>2026-06-02T19:49:28Z</time>
        <hdop>3</hdop>
        <extensions>
          <osmand:speed>1</osmand:speed>
        </extensions>
      </trkpt>
      <trkpt lat="-13.5720941" lon="-71.2671886">
        <ele>4673.6</ele>
        <time>2026-06-02T19:49:44Z</time>
        <hdop>3</hdop>
        <extensions>
          <osmand:speed>1</osmand:speed>
        </extensions>
      </trkpt>
      <trkpt lat="-13.57217" lon="-71.2673057">
        <ele>4673.2</ele>
        <time>2026-06-02T19:49:59Z</time>
        <hdop>3</hdop>
        <extensions>
          <osmand:speed>0.9</osmand:speed>
        </extensions>
      </trkpt>
      <trkpt lat="-13.572174" lon="-71.2674486">
        <ele>4674.3</ele>
        <time>2026-06-02T19:50:14Z</time>
        <hdop>3</hdop>
        <extensions>
          <osmand:speed>1</osmand:speed>
        </extensions>
      </trkpt>
      <trkpt lat="-13.5722033" lon="-71.2675878">
        <ele>4675.1</ele>
        <time>2026-06-02T19:50:29Z</time>
        <hdop>3</hdop>
        <extensions>
          <osmand:speed>1</osmand:speed>
        </extensions>
      </trkpt>
      <trkpt lat="-13.5721652" lon="-71.2677421">
        <ele>4674</ele>
        <time>2026-06-02T19:50:45Z</time>
        <hdop>3</hdop>
        <extensions>
          <osmand:speed>1</osmand:speed>
        </extensions>
      </trkpt>
      <trkpt lat="-13.5721897" lon="-71.2678575">
        <ele>4673.3</ele>
        <time>2026-06-02T19:51:00Z</time>
        <hdop>3</hdop>
        <extensions>
          <osmand:speed>0.9</osmand:speed>
        </extensions>
      </trkpt>
      <trkpt lat="-13.5722171" lon="-71.2679955">
        <ele>4673</ele>
        <time>2026-06-02T19:51:15Z</time>
        <hdop>3</hdop>
        <extensions>
          <osmand:speed>1</osmand:speed>
        </extensions>
      </trkpt>
      <trkpt lat="-13.5721351" lon="-71.2681147">
        <ele>4672.5</ele>
        <time>2026-06-02T19:51:30Z</time>
        <hdop>3</hdop>
        <extensions>
          <osmand:speed>1</osmand:speed>
        </extensions>
      </trkpt>
      <trkpt lat="-13.5721438" lon="-71.2682175">
        <ele>4672.6</ele>
        <time>2026-06-02T19:51:46Z</time>
        <hdop>3</hdop>
        <extensions>
          <osmand:speed>0.8</osmand:speed>
        </extensions>
      </trkpt>
      <trkpt lat="-13.5721784" lon="-71.2683662">
        <ele>4673.7</ele>
        <time>2026-06-02T19:52:01Z</time>
        <hdop>3</hdop>
        <extensions>
          <osmand:speed>1</osmand:speed>
        </extensions>
      </trkpt>
      <trkpt lat="-13.5721194" lon="-71.2685529">
        <ele>4675.7</ele>
        <time>2026-06-02T19:52:16Z</time>
        <hdop>3</hdop>
        <extensions>
          <osmand:speed>1.2</osmand:speed>
        </extensions>
      </trkpt>
      <trkpt lat="-13.5720836" lon="-71.2687128">
        <ele>4677</ele>
        <time>2026-06-02T19:52:31Z</time>
        <hdop>3</hdop>
        <extensions>
          <osmand:speed>1.1</osmand:speed>
        </extensions>
      </trkpt>
      <trkpt lat="-13.5720479" lon="-71.2688524">
        <ele>4672.2</ele>
        <time>2026-06-02T19:52:47Z</time>
        <hdop>3</hdop>
        <extensions>
          <osmand:speed>1.2</osmand:speed>
        </extensions>
      </trkpt>
      <trkpt lat="-13.5719875" lon="-71.2690005">
        <ele>4671.9</ele>
        <time>2026-06-02T19:53:02Z</time>
        <hdop>3</hdop>
        <extensions>
          <osmand:speed>1.2</osmand:speed>
        </extensions>
      </trkpt>
      <trkpt lat="-13.5719487" lon="-71.269147">
        <ele>4670.7</ele>
        <time>2026-06-02T19:53:17Z</time>
        <hdop>3</hdop>
        <extensions>
          <osmand:speed>1</osmand:speed>
        </extensions>
      </trkpt>
      <trkpt lat="-13.5719274" lon="-71.2693049">
        <ele>4672.1</ele>
        <time>2026-06-02T19:53:32Z</time>
        <hdop>3</hdop>
        <extensions>
          <osmand:speed>1.1</osmand:speed>
        </extensions>
      </trkpt>
      <trkpt lat="-13.5719313" lon="-71.26946">
        <ele>4671.2</ele>
        <time>2026-06-02T19:53:48Z</time>
        <hdop>3</hdop>
        <extensions>
          <osmand:speed>1.1</osmand:speed>
        </extensions>
      </trkpt>
      <trkpt lat="-13.5718649" lon="-71.2696049">
        <ele>4669.2</ele>
        <time>2026-06-02T19:54:03Z</time>
        <hdop>3</hdop>
        <extensions>
          <osmand:speed>1.1</osmand:speed>
        </extensions>
      </trkpt>
      <trkpt lat="-13.5717698" lon="-71.2697299">
        <ele>4669.3</ele>
        <time>2026-06-02T19:54:19Z</time>
        <hdop>3</hdop>
        <extensions>
          <osmand:speed>1.1</osmand:speed>
        </extensions>
      </trkpt>
      <trkpt lat="-13.5717008" lon="-71.2697717">
        <ele>4670</ele>
        <time>2026-06-02T19:54:34Z</time>
        <hdop>3</hdop>
        <extensions>
          <osmand:speed>0.4</osmand:speed>
        </extensions>
      </trkpt>
      <trkpt lat="-13.5717005" lon="-71.26978">
        <ele>4668.3</ele>
        <time>2026-06-02T19:54:49Z</time>
        <hdop>3</hdop>
        <extensions>
          <osmand:speed>0.1</osmand:speed>
        </extensions>
      </trkpt>
      <trkpt lat="-13.5716381" lon="-71.2698594">
        <ele>4670.8</ele>
        <time>2026-06-02T19:55:04Z</time>
        <hdop>3</hdop>
        <extensions>
          <osmand:speed>0.9</osmand:speed>
        </extensions>
      </trkpt>
      <trkpt lat="-13.5715777" lon="-71.2699636">
        <ele>4674.2</ele>
        <time>2026-06-02T19:55:20Z</time>
        <hdop>3</hdop>
        <extensions>
          <osmand:speed>0.9</osmand:speed>
        </extensions>
      </trkpt>
      <trkpt lat="-13.5714919" lon="-71.270071">
        <ele>4673.4</ele>
        <time>2026-06-02T19:55:35Z</time>
        <hdop>3</hdop>
        <extensions>
          <osmand:speed>1.1</osmand:speed>
        </extensions>
      </trkpt>
      <trkpt lat="-13.5714171" lon="-71.2701597">
        <ele>4672</ele>
        <time>2026-06-02T19:55:51Z</time>
        <hdop>3</hdop>
        <extensions>
          <osmand:speed>1</osmand:speed>
        </extensions>
      </trkpt>
      <trkpt lat="-13.5713278" lon="-71.2702463">
        <ele>4669.5</ele>
        <time>2026-06-02T19:56:06Z</time>
        <hdop>3</hdop>
        <extensions>
          <osmand:speed>1.1</osmand:speed>
        </extensions>
      </trkpt>
      <trkpt lat="-13.5712815" lon="-71.2703692">
        <ele>4667.6</ele>
        <time>2026-06-02T19:56:21Z</time>
        <hdop>3</hdop>
        <extensions>
          <osmand:speed>1</osmand:speed>
        </extensions>
      </trkpt>
      <trkpt lat="-13.5712286" lon="-71.2704874">
        <ele>4668.7</ele>
        <time>2026-06-02T19:56:37Z</time>
        <hdop>3</hdop>
        <extensions>
          <osmand:speed>0.9</osmand:speed>
        </extensions>
      </trkpt>
      <trkpt lat="-13.5711516" lon="-71.2705187">
        <ele>4664.6</ele>
        <time>2026-06-02T19:56:53Z</time>
        <hdop>3</hdop>
        <extensions>
          <osmand:speed>0.6</osmand:speed>
        </extensions>
      </trkpt>
      <trkpt lat="-13.5711372" lon="-71.2705366">
        <ele>4664</ele>
        <time>2026-06-02T19:57:08Z</time>
        <hdop>3</hdop>
        <extensions>
          <osmand:speed>0.1</osmand:speed>
        </extensions>
      </trkpt>
      <trkpt lat="-13.571126" lon="-71.2705608">
        <ele>4663.4</ele>
        <time>2026-06-02T19:57:24Z</time>
        <hdop>3</hdop>
        <extensions>
          <osmand:speed>0.1</osmand:speed>
        </extensions>
      </trkpt>
      <trkpt lat="-13.5710876" lon="-71.2705876">
        <ele>4660.3</ele>
        <time>2026-06-02T19:57:39Z</time>
        <hdop>3</hdop>
        <extensions>
          <osmand:speed>0.3</osmand:speed>
        </extensions>
      </trkpt>
      <trkpt lat="-13.5709972" lon="-71.2706564">
        <ele>4660</ele>
        <time>2026-06-02T19:57:55Z</time>
        <hdop>3</hdop>
        <extensions>
          <osmand:speed>0.8</osmand:speed>
        </extensions>
      </trkpt>
      <trkpt lat="-13.5709215" lon="-71.2706906">
        <ele>4663.4</ele>
        <time>2026-06-02T19:58:10Z</time>
        <hdop>3</hdop>
        <extensions>
          <osmand:speed>0.8</osmand:speed>
        </extensions>
      </trkpt>
      <trkpt lat="-13.5708607" lon="-71.2707148">
        <ele>4666.3</ele>
        <time>2026-06-02T19:58:25Z</time>
        <hdop>3</hdop>
        <extensions>
          <osmand:speed>0.7</osmand:speed>
        </extensions>
      </trkpt>
      <trkpt lat="-13.570877" lon="-71.2706985">
        <ele>4664.6</ele>
        <time>2026-06-02T19:58:41Z</time>
        <hdop>3</hdop>
        <extensions>
          <osmand:speed>0.1</osmand:speed>
        </extensions>
      </trkpt>
      <trkpt lat="-13.5708747" lon="-71.2706977">
        <ele>4664.6</ele>
        <time>2026-06-02T19:58:56Z</time>
        <hdop>3</hdop>
        <extensions>
          <osmand:speed>0.1</osmand:speed>
        </extensions>
      </trkpt>
      <trkpt lat="-13.5708784" lon="-71.2706966">
        <ele>4664.6</ele>
        <time>2026-06-02T19:59:12Z</time>
        <hdop>3</hdop>
        <extensions>
          <osmand:speed>0.1</osmand:speed>
        </extensions>
      </trkpt>
      <trkpt lat="-13.5708782" lon="-71.2706975">
        <ele>4664.6</ele>
        <time>2026-06-02T19:59:28Z</time>
        <hdop>3</hdop>
        <extensions>
          <osmand:speed>0.1</osmand:speed>
        </extensions>
      </trkpt>
      <trkpt lat="-13.5708767" lon="-71.2706967">
        <ele>4664.6</ele>
        <time>2026-06-02T19:59:44Z</time>
        <hdop>1.8</hdop>
      </trkpt>
      <trkpt lat="-13.5708767" lon="-71.2706967">
        <ele>4664.6</ele>
        <time>2026-06-02T20:00:00Z</time>
        <hdop>1.4</hdop>
      </trkpt>
      <trkpt lat="-13.5708767" lon="-71.2706967">
        <ele>4664.6</ele>
        <time>2026-06-02T20:00:16Z</time>
        <hdop>1.3</hdop>
      </trkpt>
    </trkseg>
  </trk>
</gpx>