<?xml version='1.0' encoding='UTF-8' standalone='yes' ?>
<gpx version="1.1" creator="OsmAnd 5.3.10" xmlns="http://www.topografix.com/GPX/1/1" xmlns:osmand="https://osmand.net/docs/technical/osmand-file-formats/osmand-gpx" xmlns:gpxtpx="https://www8.garmin.com/xmlschemas/TrackPointExtensionv1.xsd" xmlns:xsi="http://www.w3.org/2001/XMLSchema-instance" xsi:schemaLocation="http://www.topografix.com/GPX/1/1 https://www.topografix.com/GPX/1/1/gpx.xsd">
  <metadata>
    <name>2026-06-01_05-12_Mahu santuario </name>
  </metadata>
  <trk>
    <trkseg>
      <trkpt lat="-13.6070183" lon="-71.2337517">
        <ele>4113.6</ele>
        <time>2026-06-01T10:12:42Z</time>
        <hdop>1.9</hdop>
        <extensions>
          <osmand:speed>0</osmand:speed>
        </extensions>
      </trkpt>
    </trkseg>
    <trkseg>
      <trkpt lat="-13.6070317" lon="-71.23369">
        <ele>4104.3</ele>
        <time>2026-06-01T10:12:58Z</time>
        <hdop>1.6</hdop>
        <extensions>
          <osmand:speed>0.2</osmand:speed>
        </extensions>
      </trkpt>
      <trkpt lat="-13.6070096" lon="-71.233693">
        <ele>4105.3</ele>
        <time>2026-06-01T10:13:13Z</time>
        <hdop>2.8</hdop>
        <extensions>
          <osmand:speed>0.1</osmand:speed>
        </extensions>
      </trkpt>
      <trkpt lat="-13.6070014" lon="-71.2336975">
        <ele>4105.2</ele>
        <time>2026-06-01T10:13:29Z</time>
        <hdop>3</hdop>
        <extensions>
          <osmand:speed>0.1</osmand:speed>
        </extensions>
      </trkpt>
      <trkpt lat="-13.606999" lon="-71.2336981">
        <ele>4105.2</ele>
        <time>2026-06-01T10:13:45Z</time>
        <hdop>3</hdop>
        <extensions>
          <osmand:speed>0.1</osmand:speed>
        </extensions>
      </trkpt>
      <trkpt lat="-13.6069982" lon="-71.233699">
        <ele>4105.2</ele>
        <time>2026-06-01T10:14:01Z</time>
        <hdop>3</hdop>
        <extensions>
          <osmand:speed>0.1</osmand:speed>
        </extensions>
      </trkpt>
      <trkpt lat="-13.6069959" lon="-71.2336975">
        <ele>4105.2</ele>
        <time>2026-06-01T10:14:17Z</time>
        <hdop>3</hdop>
        <extensions>
          <osmand:speed>0.1</osmand:speed>
        </extensions>
      </trkpt>
      <trkpt lat="-13.6069973" lon="-71.233698">
        <ele>4105.2</ele>
        <time>2026-06-01T10:14:33Z</time>
        <hdop>3</hdop>
        <extensions>
          <osmand:speed>0.1</osmand:speed>
        </extensions>
      </trkpt>
      <trkpt lat="-13.6069989" lon="-71.2336986">
        <ele>4105.2</ele>
        <time>2026-06-01T10:14:48Z</time>
        <hdop>3</hdop>
        <extensions>
          <osmand:speed>0.1</osmand:speed>
        </extensions>
      </trkpt>
      <trkpt lat="-13.6070031" lon="-71.2336331">
        <ele>4098.7</ele>
        <time>2026-06-01T10:15:03Z</time>
        <hdop>3</hdop>
        <extensions>
          <osmand:speed>0.7</osmand:speed>
        </extensions>
      </trkpt>
      <trkpt lat="-13.6070502" lon="-71.2335639">
        <ele>4099.6</ele>
        <time>2026-06-01T10:15:19Z</time>
        <hdop>3</hdop>
        <extensions>
          <osmand:speed>0.1</osmand:speed>
        </extensions>
      </trkpt>
      <trkpt lat="-13.607046" lon="-71.2335706">
        <ele>4099.7</ele>
        <time>2026-06-01T10:15:35Z</time>
        <hdop>3</hdop>
        <extensions>
          <osmand:speed>0.1</osmand:speed>
        </extensions>
      </trkpt>
      <trkpt lat="-13.6070475" lon="-71.2335711">
        <ele>4099.7</ele>
        <time>2026-06-01T10:15:51Z</time>
        <hdop>3</hdop>
        <extensions>
          <osmand:speed>0.1</osmand:speed>
        </extensions>
      </trkpt>
      <trkpt lat="-13.6070451" lon="-71.23357">
        <ele>4099.7</ele>
        <time>2026-06-01T10:16:06Z</time>
        <hdop>3</hdop>
        <extensions>
          <osmand:speed>0</osmand:speed>
        </extensions>
      </trkpt>
      <trkpt lat="-13.6070471" lon="-71.2335703">
        <ele>4099.7</ele>
        <time>2026-06-01T10:16:22Z</time>
        <hdop>3</hdop>
        <extensions>
          <osmand:speed>0.1</osmand:speed>
        </extensions>
      </trkpt>
      <trkpt lat="-13.6070473" lon="-71.2335713">
        <ele>4099.7</ele>
        <time>2026-06-01T10:16:38Z</time>
        <hdop>3</hdop>
        <extensions>
          <osmand:speed>0.1</osmand:speed>
        </extensions>
      </trkpt>
      <trkpt lat="-13.6070473" lon="-71.2335695">
        <ele>4099.7</ele>
        <time>2026-06-01T10:16:54Z</time>
        <hdop>3</hdop>
        <extensions>
          <osmand:speed>0.1</osmand:speed>
        </extensions>
      </trkpt>
      <trkpt lat="-13.6070459" lon="-71.2335703">
        <ele>4099.7</ele>
        <time>2026-06-01T10:17:09Z</time>
        <hdop>3</hdop>
        <extensions>
          <osmand:speed>0</osmand:speed>
        </extensions>
      </trkpt>
      <trkpt lat="-13.6070453" lon="-71.233569">
        <ele>4099.7</ele>
        <time>2026-06-01T10:17:25Z</time>
        <hdop>3</hdop>
        <extensions>
          <osmand:speed>0.1</osmand:speed>
        </extensions>
      </trkpt>
      <trkpt lat="-13.6070366" lon="-71.233567">
        <ele>4103</ele>
        <time>2026-06-01T10:17:41Z</time>
        <hdop>3</hdop>
        <extensions>
          <osmand:speed>0.1</osmand:speed>
        </extensions>
      </trkpt>
      <trkpt lat="-13.6070315" lon="-71.2335637">
        <ele>4103</ele>
        <time>2026-06-01T10:17:57Z</time>
        <hdop>3</hdop>
        <extensions>
          <osmand:speed>0.1</osmand:speed>
        </extensions>
      </trkpt>
      <trkpt lat="-13.6070312" lon="-71.2335641">
        <ele>4103</ele>
        <time>2026-06-01T10:18:13Z</time>
        <hdop>3</hdop>
        <extensions>
          <osmand:speed>0.1</osmand:speed>
        </extensions>
      </trkpt>
      <trkpt lat="-13.6070432" lon="-71.2335716">
        <ele>4100.9</ele>
        <time>2026-06-01T10:18:29Z</time>
        <hdop>3</hdop>
        <extensions>
          <osmand:speed>0.1</osmand:speed>
        </extensions>
      </trkpt>
      <trkpt lat="-13.6070447" lon="-71.2335712">
        <ele>4100.9</ele>
        <time>2026-06-01T10:18:45Z</time>
        <hdop>3</hdop>
        <extensions>
          <osmand:speed>0.1</osmand:speed>
        </extensions>
      </trkpt>
      <trkpt lat="-13.6070442" lon="-71.2335711">
        <ele>4100.9</ele>
        <time>2026-06-01T10:19:01Z</time>
        <hdop>3</hdop>
        <extensions>
          <osmand:speed>0.1</osmand:speed>
        </extensions>
      </trkpt>
      <trkpt lat="-13.6070445" lon="-71.2335728">
        <ele>4100.9</ele>
        <time>2026-06-01T10:19:17Z</time>
        <hdop>3</hdop>
        <extensions>
          <osmand:speed>0.1</osmand:speed>
        </extensions>
      </trkpt>
      <trkpt lat="-13.6070452" lon="-71.2335728">
        <ele>4100.9</ele>
        <time>2026-06-01T10:19:33Z</time>
        <hdop>3</hdop>
        <extensions>
          <osmand:speed>0.1</osmand:speed>
        </extensions>
      </trkpt>
      <trkpt lat="-13.6070449" lon="-71.2335747">
        <ele>4100.9</ele>
        <time>2026-06-01T10:19:49Z</time>
        <hdop>3</hdop>
        <extensions>
          <osmand:speed>0.1</osmand:speed>
        </extensions>
      </trkpt>
      <trkpt lat="-13.6070436" lon="-71.233573">
        <ele>4100.9</ele>
        <time>2026-06-01T10:20:05Z</time>
        <hdop>3</hdop>
        <extensions>
          <osmand:speed>0.1</osmand:speed>
        </extensions>
      </trkpt>
      <trkpt lat="-13.6070433" lon="-71.233572">
        <ele>4100.9</ele>
        <time>2026-06-01T10:20:21Z</time>
        <hdop>3</hdop>
        <extensions>
          <osmand:speed>0.1</osmand:speed>
        </extensions>
      </trkpt>
      <trkpt lat="-13.6070442" lon="-71.2335712">
        <ele>4103.7</ele>
        <time>2026-06-01T10:20:36Z</time>
        <hdop>3</hdop>
        <extensions>
          <osmand:speed>0.1</osmand:speed>
        </extensions>
      </trkpt>
      <trkpt lat="-13.6070544" lon="-71.23356">
        <ele>4103.4</ele>
        <time>2026-06-01T10:20:51Z</time>
        <hdop>3</hdop>
        <extensions>
          <osmand:speed>0.1</osmand:speed>
        </extensions>
      </trkpt>
      <trkpt lat="-13.6070572" lon="-71.2335586">
        <ele>4103.4</ele>
        <time>2026-06-01T10:21:07Z</time>
        <hdop>3</hdop>
        <extensions>
          <osmand:speed>0.1</osmand:speed>
        </extensions>
      </trkpt>
      <trkpt lat="-13.6070569" lon="-71.2335582">
        <ele>4103.4</ele>
        <time>2026-06-01T10:21:23Z</time>
        <hdop>3</hdop>
        <extensions>
          <osmand:speed>0.1</osmand:speed>
        </extensions>
      </trkpt>
      <trkpt lat="-13.6070562" lon="-71.2335591">
        <ele>4103.4</ele>
        <time>2026-06-01T10:21:39Z</time>
        <hdop>3</hdop>
        <extensions>
          <osmand:speed>0.1</osmand:speed>
        </extensions>
      </trkpt>
      <trkpt lat="-13.6070563" lon="-71.2335617">
        <ele>4103.4</ele>
        <time>2026-06-01T10:21:55Z</time>
        <hdop>3</hdop>
        <extensions>
          <osmand:speed>0.1</osmand:speed>
        </extensions>
      </trkpt>
      <trkpt lat="-13.6070553" lon="-71.2335621">
        <ele>4103.4</ele>
        <time>2026-06-01T10:22:11Z</time>
        <hdop>3</hdop>
        <extensions>
          <osmand:speed>0.1</osmand:speed>
        </extensions>
      </trkpt>
      <trkpt lat="-13.6070554" lon="-71.2335619">
        <ele>4103.4</ele>
        <time>2026-06-01T10:22:27Z</time>
        <hdop>3</hdop>
        <extensions>
          <osmand:speed>0.1</osmand:speed>
        </extensions>
      </trkpt>
      <trkpt lat="-13.6070542" lon="-71.233561">
        <ele>4103.4</ele>
        <time>2026-06-01T10:22:43Z</time>
        <hdop>3</hdop>
        <extensions>
          <osmand:speed>0.1</osmand:speed>
        </extensions>
      </trkpt>
      <trkpt lat="-13.6070529" lon="-71.2335605">
        <ele>4103.4</ele>
        <time>2026-06-01T10:22:59Z</time>
        <hdop>3</hdop>
        <extensions>
          <osmand:speed>0.1</osmand:speed>
        </extensions>
      </trkpt>
      <trkpt lat="-13.6070552" lon="-71.2335591">
        <ele>4103.4</ele>
        <time>2026-06-01T10:23:15Z</time>
        <hdop>3</hdop>
        <extensions>
          <osmand:speed>0.1</osmand:speed>
        </extensions>
      </trkpt>
      <trkpt lat="-13.6070572" lon="-71.2335627">
        <ele>4103.3</ele>
        <time>2026-06-01T10:23:31Z</time>
        <hdop>3</hdop>
        <extensions>
          <osmand:speed>0.2</osmand:speed>
        </extensions>
      </trkpt>
      <trkpt lat="-13.6070656" lon="-71.2335905">
        <ele>4103</ele>
        <time>2026-06-01T10:23:47Z</time>
        <hdop>3</hdop>
        <extensions>
          <osmand:speed>0.1</osmand:speed>
        </extensions>
      </trkpt>
      <trkpt lat="-13.6070657" lon="-71.2335925">
        <ele>4103</ele>
        <time>2026-06-01T10:24:03Z</time>
        <hdop>3</hdop>
        <extensions>
          <osmand:speed>0.1</osmand:speed>
        </extensions>
      </trkpt>
      <trkpt lat="-13.6070644" lon="-71.2335921">
        <ele>4103</ele>
        <time>2026-06-01T10:24:19Z</time>
        <hdop>3</hdop>
        <extensions>
          <osmand:speed>0.1</osmand:speed>
        </extensions>
      </trkpt>
      <trkpt lat="-13.6070631" lon="-71.2335906">
        <ele>4103</ele>
        <time>2026-06-01T10:24:35Z</time>
        <hdop>3</hdop>
        <extensions>
          <osmand:speed>0.1</osmand:speed>
        </extensions>
      </trkpt>
      <trkpt lat="-13.6070641" lon="-71.2335875">
        <ele>4103</ele>
        <time>2026-06-01T10:24:51Z</time>
        <hdop>3</hdop>
        <extensions>
          <osmand:speed>0.1</osmand:speed>
        </extensions>
      </trkpt>
      <trkpt lat="-13.6070649" lon="-71.2335894">
        <ele>4103</ele>
        <time>2026-06-01T10:25:07Z</time>
        <hdop>3</hdop>
        <extensions>
          <osmand:speed>0</osmand:speed>
        </extensions>
      </trkpt>
      <trkpt lat="-13.607052" lon="-71.2335853">
        <ele>4102.1</ele>
        <time>2026-06-01T10:25:23Z</time>
        <hdop>3</hdop>
        <extensions>
          <osmand:speed>0.1</osmand:speed>
        </extensions>
      </trkpt>
      <trkpt lat="-13.6070499" lon="-71.2335861">
        <ele>4102.1</ele>
        <time>2026-06-01T10:25:38Z</time>
        <hdop>3</hdop>
        <extensions>
          <osmand:speed>0</osmand:speed>
        </extensions>
      </trkpt>
      <trkpt lat="-13.6070502" lon="-71.2335841">
        <ele>4102.1</ele>
        <time>2026-06-01T10:25:54Z</time>
        <hdop>3</hdop>
        <extensions>
          <osmand:speed>0.1</osmand:speed>
        </extensions>
      </trkpt>
      <trkpt lat="-13.6070489" lon="-71.2335838">
        <ele>4102.1</ele>
        <time>2026-06-01T10:26:10Z</time>
        <hdop>3</hdop>
        <extensions>
          <osmand:speed>0.1</osmand:speed>
        </extensions>
      </trkpt>
      <trkpt lat="-13.6070496" lon="-71.2335842">
        <ele>4102.1</ele>
        <time>2026-06-01T10:26:26Z</time>
        <hdop>3</hdop>
        <extensions>
          <osmand:speed>0.1</osmand:speed>
        </extensions>
      </trkpt>
      <trkpt lat="-13.6070502" lon="-71.2335844">
        <ele>4102.1</ele>
        <time>2026-06-01T10:26:42Z</time>
        <hdop>3</hdop>
        <extensions>
          <osmand:speed>0.1</osmand:speed>
        </extensions>
      </trkpt>
      <trkpt lat="-13.6070509" lon="-71.2335861">
        <ele>4102.1</ele>
        <time>2026-06-01T10:26:57Z</time>
        <hdop>3</hdop>
        <extensions>
          <osmand:speed>0.1</osmand:speed>
        </extensions>
      </trkpt>
      <trkpt lat="-13.6070497" lon="-71.2335873">
        <ele>4102.1</ele>
        <time>2026-06-01T10:27:13Z</time>
        <hdop>3</hdop>
        <extensions>
          <osmand:speed>0.1</osmand:speed>
        </extensions>
      </trkpt>
      <trkpt lat="-13.6070496" lon="-71.2335857">
        <ele>4102.1</ele>
        <time>2026-06-01T10:27:29Z</time>
        <hdop>3</hdop>
        <extensions>
          <osmand:speed>0.1</osmand:speed>
        </extensions>
      </trkpt>
      <trkpt lat="-13.6070492" lon="-71.2335844">
        <ele>4102.1</ele>
        <time>2026-06-01T10:27:44Z</time>
        <hdop>3</hdop>
        <extensions>
          <osmand:speed>0.1</osmand:speed>
        </extensions>
      </trkpt>
      <trkpt lat="-13.6070495" lon="-71.2335852">
        <ele>4102.1</ele>
        <time>2026-06-01T10:28:00Z</time>
        <hdop>3</hdop>
        <extensions>
          <osmand:speed>0.1</osmand:speed>
        </extensions>
      </trkpt>
      <trkpt lat="-13.6070509" lon="-71.2335854">
        <ele>4102.1</ele>
        <time>2026-06-01T10:28:16Z</time>
        <hdop>3</hdop>
        <extensions>
          <osmand:speed>0.1</osmand:speed>
        </extensions>
      </trkpt>
      <trkpt lat="-13.60705" lon="-71.2335833">
        <ele>4102.1</ele>
        <time>2026-06-01T10:28:32Z</time>
        <hdop>3</hdop>
        <extensions>
          <osmand:speed>0.1</osmand:speed>
        </extensions>
      </trkpt>
      <trkpt lat="-13.6070511" lon="-71.2335844">
        <ele>4102.1</ele>
        <time>2026-06-01T10:28:48Z</time>
        <hdop>3</hdop>
        <extensions>
          <osmand:speed>0.1</osmand:speed>
        </extensions>
      </trkpt>
      <trkpt lat="-13.6070514" lon="-71.2335853">
        <ele>4102.1</ele>
        <time>2026-06-01T10:29:04Z</time>
        <hdop>3</hdop>
        <extensions>
          <osmand:speed>0.1</osmand:speed>
        </extensions>
      </trkpt>
      <trkpt lat="-13.6070501" lon="-71.2335852">
        <ele>4102.1</ele>
        <time>2026-06-01T10:29:20Z</time>
        <hdop>3</hdop>
        <extensions>
          <osmand:speed>0.1</osmand:speed>
        </extensions>
      </trkpt>
      <trkpt lat="-13.6070523" lon="-71.2335844">
        <ele>4102.1</ele>
        <time>2026-06-01T10:29:36Z</time>
        <hdop>3</hdop>
        <extensions>
          <osmand:speed>0.1</osmand:speed>
        </extensions>
      </trkpt>
      <trkpt lat="-13.6070508" lon="-71.2335842">
        <ele>4102.1</ele>
        <time>2026-06-01T10:29:52Z</time>
        <hdop>3</hdop>
        <extensions>
          <osmand:speed>0.1</osmand:speed>
        </extensions>
      </trkpt>
      <trkpt lat="-13.6070503" lon="-71.2335843">
        <ele>4102.1</ele>
        <time>2026-06-01T10:30:08Z</time>
        <hdop>3</hdop>
        <extensions>
          <osmand:speed>0.1</osmand:speed>
        </extensions>
      </trkpt>
      <trkpt lat="-13.6070508" lon="-71.2335837">
        <ele>4102.1</ele>
        <time>2026-06-01T10:30:24Z</time>
        <hdop>3</hdop>
        <extensions>
          <osmand:speed>0.1</osmand:speed>
        </extensions>
      </trkpt>
      <trkpt lat="-13.6070514" lon="-71.2335849">
        <ele>4102.1</ele>
        <time>2026-06-01T10:30:40Z</time>
        <hdop>3</hdop>
        <extensions>
          <osmand:speed>0.1</osmand:speed>
        </extensions>
      </trkpt>
      <trkpt lat="-13.6070509" lon="-71.2335852">
        <ele>4102.1</ele>
        <time>2026-06-01T10:30:55Z</time>
        <hdop>3</hdop>
        <extensions>
          <osmand:speed>0.1</osmand:speed>
        </extensions>
      </trkpt>
      <trkpt lat="-13.6070508" lon="-71.2335854">
        <ele>4102.1</ele>
        <time>2026-06-01T10:31:11Z</time>
        <hdop>3</hdop>
        <extensions>
          <osmand:speed>0</osmand:speed>
        </extensions>
      </trkpt>
      <trkpt lat="-13.6070498" lon="-71.2335857">
        <ele>4102.1</ele>
        <time>2026-06-01T10:31:27Z</time>
        <hdop>3</hdop>
        <extensions>
          <osmand:speed>0</osmand:speed>
        </extensions>
      </trkpt>
      <trkpt lat="-13.6070497" lon="-71.2335855">
        <ele>4102.1</ele>
        <time>2026-06-01T10:31:43Z</time>
        <hdop>3</hdop>
        <extensions>
          <osmand:speed>0.1</osmand:speed>
        </extensions>
      </trkpt>
      <trkpt lat="-13.6070485" lon="-71.2335853">
        <ele>4102.1</ele>
        <time>2026-06-01T10:31:59Z</time>
        <hdop>3</hdop>
        <extensions>
          <osmand:speed>0.1</osmand:speed>
        </extensions>
      </trkpt>
      <trkpt lat="-13.6070494" lon="-71.2335854">
        <ele>4102.1</ele>
        <time>2026-06-01T10:32:14Z</time>
        <hdop>3</hdop>
        <extensions>
          <osmand:speed>0.1</osmand:speed>
        </extensions>
      </trkpt>
      <trkpt lat="-13.6070494" lon="-71.2335855">
        <ele>4102.1</ele>
        <time>2026-06-01T10:32:30Z</time>
        <hdop>3</hdop>
        <extensions>
          <osmand:speed>0</osmand:speed>
        </extensions>
      </trkpt>
      <trkpt lat="-13.6070495" lon="-71.2335851">
        <ele>4102.1</ele>
        <time>2026-06-01T10:32:45Z</time>
        <hdop>3</hdop>
        <extensions>
          <osmand:speed>0.1</osmand:speed>
        </extensions>
      </trkpt>
      <trkpt lat="-13.6070502" lon="-71.2335858">
        <ele>4102.1</ele>
        <time>2026-06-01T10:33:01Z</time>
        <hdop>3</hdop>
        <extensions>
          <osmand:speed>0.1</osmand:speed>
        </extensions>
      </trkpt>
      <trkpt lat="-13.6070488" lon="-71.233585">
        <ele>4102.1</ele>
        <time>2026-06-01T10:33:17Z</time>
        <hdop>3</hdop>
        <extensions>
          <osmand:speed>0.1</osmand:speed>
        </extensions>
      </trkpt>
      <trkpt lat="-13.6070479" lon="-71.2335851">
        <ele>4102.1</ele>
        <time>2026-06-01T10:33:32Z</time>
        <hdop>3</hdop>
        <extensions>
          <osmand:speed>0.1</osmand:speed>
        </extensions>
      </trkpt>
      <trkpt lat="-13.6070497" lon="-71.233585">
        <ele>4102.1</ele>
        <time>2026-06-01T10:33:48Z</time>
        <hdop>3</hdop>
        <extensions>
          <osmand:speed>0.1</osmand:speed>
        </extensions>
      </trkpt>
      <trkpt lat="-13.6070495" lon="-71.2335832">
        <ele>4102.1</ele>
        <time>2026-06-01T10:34:04Z</time>
        <hdop>3</hdop>
        <extensions>
          <osmand:speed>0.1</osmand:speed>
        </extensions>
      </trkpt>
      <trkpt lat="-13.60705" lon="-71.2335837">
        <ele>4102.1</ele>
        <time>2026-06-01T10:34:20Z</time>
        <hdop>3</hdop>
        <extensions>
          <osmand:speed>0.1</osmand:speed>
        </extensions>
      </trkpt>
      <trkpt lat="-13.6070507" lon="-71.2335855">
        <ele>4102.1</ele>
        <time>2026-06-01T10:34:35Z</time>
        <hdop>3</hdop>
        <extensions>
          <osmand:speed>0.1</osmand:speed>
        </extensions>
      </trkpt>
      <trkpt lat="-13.607051" lon="-71.2335862">
        <ele>4102.1</ele>
        <time>2026-06-01T10:34:51Z</time>
        <hdop>3</hdop>
        <extensions>
          <osmand:speed>0.1</osmand:speed>
        </extensions>
      </trkpt>
      <trkpt lat="-13.6070504" lon="-71.2335875">
        <ele>4102.1</ele>
        <time>2026-06-01T10:35:07Z</time>
        <hdop>3</hdop>
        <extensions>
          <osmand:speed>0.1</osmand:speed>
        </extensions>
      </trkpt>
      <trkpt lat="-13.607051" lon="-71.2335864">
        <ele>4102.1</ele>
        <time>2026-06-01T10:35:23Z</time>
        <hdop>3</hdop>
        <extensions>
          <osmand:speed>0.1</osmand:speed>
        </extensions>
      </trkpt>
      <trkpt lat="-13.6070854" lon="-71.2335783">
        <ele>4102.1</ele>
        <time>2026-06-01T10:35:38Z</time>
        <hdop>3</hdop>
        <extensions>
          <osmand:speed>0.4</osmand:speed>
        </extensions>
      </trkpt>
      <trkpt lat="-13.6071011" lon="-71.2336282">
        <ele>4100.4</ele>
        <time>2026-06-01T10:35:53Z</time>
        <hdop>3</hdop>
        <extensions>
          <osmand:speed>0.2</osmand:speed>
        </extensions>
      </trkpt>
      <trkpt lat="-13.6070965" lon="-71.2336451">
        <ele>4100.2</ele>
        <time>2026-06-01T10:36:09Z</time>
        <hdop>3</hdop>
        <extensions>
          <osmand:speed>0</osmand:speed>
        </extensions>
      </trkpt>
      <trkpt lat="-13.6070955" lon="-71.2336462">
        <ele>4100.2</ele>
        <time>2026-06-01T10:36:25Z</time>
        <hdop>3</hdop>
        <extensions>
          <osmand:speed>0.1</osmand:speed>
        </extensions>
      </trkpt>
      <trkpt lat="-13.6070953" lon="-71.2336465">
        <ele>4100.2</ele>
        <time>2026-06-01T10:36:41Z</time>
        <hdop>3</hdop>
        <extensions>
          <osmand:speed>0.1</osmand:speed>
        </extensions>
      </trkpt>
      <trkpt lat="-13.6070949" lon="-71.2336463">
        <ele>4100.2</ele>
        <time>2026-06-01T10:36:57Z</time>
        <hdop>3</hdop>
        <extensions>
          <osmand:speed>0.1</osmand:speed>
        </extensions>
      </trkpt>
      <trkpt lat="-13.6070957" lon="-71.2336456">
        <ele>4100.2</ele>
        <time>2026-06-01T10:37:13Z</time>
        <hdop>3</hdop>
        <extensions>
          <osmand:speed>0.1</osmand:speed>
        </extensions>
      </trkpt>
      <trkpt lat="-13.6070939" lon="-71.2336392">
        <ele>4100.2</ele>
        <time>2026-06-01T10:37:28Z</time>
        <hdop>3</hdop>
        <extensions>
          <osmand:speed>0.1</osmand:speed>
        </extensions>
      </trkpt>
      <trkpt lat="-13.6070794" lon="-71.2336014">
        <ele>4100.7</ele>
        <time>2026-06-01T10:37:44Z</time>
        <hdop>3</hdop>
        <extensions>
          <osmand:speed>0.1</osmand:speed>
        </extensions>
      </trkpt>
      <trkpt lat="-13.607038" lon="-71.233577">
        <ele>4100.4</ele>
        <time>2026-06-01T10:37:59Z</time>
        <hdop>3</hdop>
        <extensions>
          <osmand:speed>0.6</osmand:speed>
        </extensions>
      </trkpt>
      <trkpt lat="-13.6070046" lon="-71.2335978">
        <ele>4101.1</ele>
        <time>2026-06-01T10:38:15Z</time>
        <hdop>3</hdop>
        <extensions>
          <osmand:speed>0</osmand:speed>
        </extensions>
      </trkpt>
      <trkpt lat="-13.6070024" lon="-71.2335949">
        <ele>4101.1</ele>
        <time>2026-06-01T10:38:30Z</time>
        <hdop>3</hdop>
        <extensions>
          <osmand:speed>0.1</osmand:speed>
        </extensions>
      </trkpt>
      <trkpt lat="-13.607004" lon="-71.2335953">
        <ele>4101.1</ele>
        <time>2026-06-01T10:38:46Z</time>
        <hdop>3</hdop>
        <extensions>
          <osmand:speed>0.1</osmand:speed>
        </extensions>
      </trkpt>
      <trkpt lat="-13.6069974" lon="-71.2336002">
        <ele>4101.3</ele>
        <time>2026-06-01T10:39:02Z</time>
        <hdop>3</hdop>
        <extensions>
          <osmand:speed>0.1</osmand:speed>
        </extensions>
      </trkpt>
      <trkpt lat="-13.6069797" lon="-71.2336045">
        <ele>4101.3</ele>
        <time>2026-06-01T10:39:17Z</time>
        <hdop>3</hdop>
        <extensions>
          <osmand:speed>0.1</osmand:speed>
        </extensions>
      </trkpt>
      <trkpt lat="-13.6069738" lon="-71.2336058">
        <ele>4101.3</ele>
        <time>2026-06-01T10:39:33Z</time>
        <hdop>3</hdop>
        <extensions>
          <osmand:speed>0.1</osmand:speed>
        </extensions>
      </trkpt>
      <trkpt lat="-13.6069723" lon="-71.2336069">
        <ele>4101.3</ele>
        <time>2026-06-01T10:39:49Z</time>
        <hdop>3</hdop>
        <extensions>
          <osmand:speed>0.1</osmand:speed>
        </extensions>
      </trkpt>
      <trkpt lat="-13.6069739" lon="-71.2336088">
        <ele>4101.3</ele>
        <time>2026-06-01T10:40:05Z</time>
        <hdop>3</hdop>
        <extensions>
          <osmand:speed>0.1</osmand:speed>
        </extensions>
      </trkpt>
      <trkpt lat="-13.6069744" lon="-71.2336086">
        <ele>4101.3</ele>
        <time>2026-06-01T10:40:21Z</time>
        <hdop>3</hdop>
        <extensions>
          <osmand:speed>0.1</osmand:speed>
        </extensions>
      </trkpt>
      <trkpt lat="-13.6069759" lon="-71.2336067">
        <ele>4101.3</ele>
        <time>2026-06-01T10:40:37Z</time>
        <hdop>3</hdop>
        <extensions>
          <osmand:speed>0.1</osmand:speed>
        </extensions>
      </trkpt>
      <trkpt lat="-13.6069743" lon="-71.233608">
        <ele>4101.3</ele>
        <time>2026-06-01T10:40:53Z</time>
        <hdop>3</hdop>
        <extensions>
          <osmand:speed>0</osmand:speed>
        </extensions>
      </trkpt>
      <trkpt lat="-13.6069745" lon="-71.2336088">
        <ele>4101.3</ele>
        <time>2026-06-01T10:41:09Z</time>
        <hdop>3</hdop>
        <extensions>
          <osmand:speed>0.1</osmand:speed>
        </extensions>
      </trkpt>
      <trkpt lat="-13.6069748" lon="-71.2336088">
        <ele>4101.3</ele>
        <time>2026-06-01T10:41:25Z</time>
        <hdop>3</hdop>
        <extensions>
          <osmand:speed>0.1</osmand:speed>
        </extensions>
      </trkpt>
      <trkpt lat="-13.6069744" lon="-71.2336078">
        <ele>4101.3</ele>
        <time>2026-06-01T10:41:40Z</time>
        <hdop>3</hdop>
        <extensions>
          <osmand:speed>0.1</osmand:speed>
        </extensions>
      </trkpt>
      <trkpt lat="-13.6069754" lon="-71.2336072">
        <ele>4101.3</ele>
        <time>2026-06-01T10:41:56Z</time>
        <hdop>3</hdop>
        <extensions>
          <osmand:speed>0.1</osmand:speed>
        </extensions>
      </trkpt>
      <trkpt lat="-13.606976" lon="-71.2336087">
        <ele>4101.3</ele>
        <time>2026-06-01T10:42:12Z</time>
        <hdop>3</hdop>
        <extensions>
          <osmand:speed>0.1</osmand:speed>
        </extensions>
      </trkpt>
      <trkpt lat="-13.606984" lon="-71.2335993">
        <ele>4103.7</ele>
        <time>2026-06-01T10:42:28Z</time>
        <hdop>3</hdop>
        <extensions>
          <osmand:speed>0.4</osmand:speed>
        </extensions>
      </trkpt>
      <trkpt lat="-13.6070066" lon="-71.233576">
        <ele>4103.7</ele>
        <time>2026-06-01T10:42:43Z</time>
        <hdop>3</hdop>
        <extensions>
          <osmand:speed>0.1</osmand:speed>
        </extensions>
      </trkpt>
      <trkpt lat="-13.6069785" lon="-71.2336177">
        <ele>4102.6</ele>
        <time>2026-06-01T10:42:59Z</time>
        <hdop>3</hdop>
        <extensions>
          <osmand:speed>0</osmand:speed>
        </extensions>
      </trkpt>
      <trkpt lat="-13.6069739" lon="-71.2336222">
        <ele>4102.6</ele>
        <time>2026-06-01T10:43:15Z</time>
        <hdop>3</hdop>
        <extensions>
          <osmand:speed>0.1</osmand:speed>
        </extensions>
      </trkpt>
      <trkpt lat="-13.6069727" lon="-71.2336218">
        <ele>4102.6</ele>
        <time>2026-06-01T10:43:31Z</time>
        <hdop>3</hdop>
        <extensions>
          <osmand:speed>0.1</osmand:speed>
        </extensions>
      </trkpt>
      <trkpt lat="-13.6069724" lon="-71.2336212">
        <ele>4102.6</ele>
        <time>2026-06-01T10:43:47Z</time>
        <hdop>3</hdop>
        <extensions>
          <osmand:speed>0.1</osmand:speed>
        </extensions>
      </trkpt>
      <trkpt lat="-13.6069736" lon="-71.2336199">
        <ele>4102.6</ele>
        <time>2026-06-01T10:44:03Z</time>
        <hdop>3</hdop>
        <extensions>
          <osmand:speed>0.1</osmand:speed>
        </extensions>
      </trkpt>
      <trkpt lat="-13.6069749" lon="-71.2336201">
        <ele>4102.6</ele>
        <time>2026-06-01T10:44:19Z</time>
        <hdop>3</hdop>
        <extensions>
          <osmand:speed>0.1</osmand:speed>
        </extensions>
      </trkpt>
      <trkpt lat="-13.606976" lon="-71.2336218">
        <ele>4102.6</ele>
        <time>2026-06-01T10:44:35Z</time>
        <hdop>3</hdop>
        <extensions>
          <osmand:speed>0.1</osmand:speed>
        </extensions>
      </trkpt>
      <trkpt lat="-13.6069755" lon="-71.2336213">
        <ele>4102.6</ele>
        <time>2026-06-01T10:44:50Z</time>
        <hdop>3</hdop>
        <extensions>
          <osmand:speed>0.1</osmand:speed>
        </extensions>
      </trkpt>
      <trkpt lat="-13.6069745" lon="-71.2336204">
        <ele>4102.6</ele>
        <time>2026-06-01T10:45:06Z</time>
        <hdop>3</hdop>
        <extensions>
          <osmand:speed>0.1</osmand:speed>
        </extensions>
      </trkpt>
      <trkpt lat="-13.6069738" lon="-71.2336206">
        <ele>4102.6</ele>
        <time>2026-06-01T10:45:22Z</time>
        <hdop>3</hdop>
        <extensions>
          <osmand:speed>0.1</osmand:speed>
        </extensions>
      </trkpt>
      <trkpt lat="-13.6069731" lon="-71.2336216">
        <ele>4102.6</ele>
        <time>2026-06-01T10:45:38Z</time>
        <hdop>3</hdop>
        <extensions>
          <osmand:speed>0</osmand:speed>
        </extensions>
      </trkpt>
      <trkpt lat="-13.6069738" lon="-71.233622">
        <ele>4102.6</ele>
        <time>2026-06-01T10:45:54Z</time>
        <hdop>3</hdop>
        <extensions>
          <osmand:speed>0.1</osmand:speed>
        </extensions>
      </trkpt>
      <trkpt lat="-13.6069748" lon="-71.2336212">
        <ele>4102.6</ele>
        <time>2026-06-01T10:46:10Z</time>
        <hdop>3</hdop>
        <extensions>
          <osmand:speed>0.1</osmand:speed>
        </extensions>
      </trkpt>
      <trkpt lat="-13.6069765" lon="-71.2336217">
        <ele>4102.6</ele>
        <time>2026-06-01T10:46:25Z</time>
        <hdop>3</hdop>
        <extensions>
          <osmand:speed>0.1</osmand:speed>
        </extensions>
      </trkpt>
      <trkpt lat="-13.606975" lon="-71.2336216">
        <ele>4102.6</ele>
        <time>2026-06-01T10:46:40Z</time>
        <hdop>3</hdop>
        <extensions>
          <osmand:speed>0</osmand:speed>
        </extensions>
      </trkpt>
      <trkpt lat="-13.6069744" lon="-71.2336207">
        <ele>4102.6</ele>
        <time>2026-06-01T10:46:56Z</time>
        <hdop>3</hdop>
        <extensions>
          <osmand:speed>0.1</osmand:speed>
        </extensions>
      </trkpt>
      <trkpt lat="-13.6069738" lon="-71.2336189">
        <ele>4102.6</ele>
        <time>2026-06-01T10:47:12Z</time>
        <hdop>3</hdop>
        <extensions>
          <osmand:speed>0.1</osmand:speed>
        </extensions>
      </trkpt>
      <trkpt lat="-13.6069729" lon="-71.2336211">
        <ele>4102.6</ele>
        <time>2026-06-01T10:47:28Z</time>
        <hdop>3</hdop>
        <extensions>
          <osmand:speed>0.1</osmand:speed>
        </extensions>
      </trkpt>
      <trkpt lat="-13.6069743" lon="-71.2336213">
        <ele>4102.6</ele>
        <time>2026-06-01T10:47:44Z</time>
        <hdop>3</hdop>
        <extensions>
          <osmand:speed>0.1</osmand:speed>
        </extensions>
      </trkpt>
      <trkpt lat="-13.6069756" lon="-71.2336213">
        <ele>4102.6</ele>
        <time>2026-06-01T10:48:00Z</time>
        <hdop>3</hdop>
        <extensions>
          <osmand:speed>0.1</osmand:speed>
        </extensions>
      </trkpt>
      <trkpt lat="-13.606975" lon="-71.2336221">
        <ele>4102.6</ele>
        <time>2026-06-01T10:48:16Z</time>
        <hdop>3</hdop>
        <extensions>
          <osmand:speed>0.1</osmand:speed>
        </extensions>
      </trkpt>
      <trkpt lat="-13.6069751" lon="-71.2336204">
        <ele>4102.6</ele>
        <time>2026-06-01T10:48:32Z</time>
        <hdop>3</hdop>
        <extensions>
          <osmand:speed>0.1</osmand:speed>
        </extensions>
      </trkpt>
      <trkpt lat="-13.6069759" lon="-71.2336207">
        <ele>4102.6</ele>
        <time>2026-06-01T10:48:48Z</time>
        <hdop>3</hdop>
        <extensions>
          <osmand:speed>0.1</osmand:speed>
        </extensions>
      </trkpt>
      <trkpt lat="-13.606974" lon="-71.233621">
        <ele>4102.6</ele>
        <time>2026-06-01T10:49:04Z</time>
        <hdop>3</hdop>
        <extensions>
          <osmand:speed>0.1</osmand:speed>
        </extensions>
      </trkpt>
      <trkpt lat="-13.6069739" lon="-71.2336229">
        <ele>4102.6</ele>
        <time>2026-06-01T10:49:20Z</time>
        <hdop>3</hdop>
        <extensions>
          <osmand:speed>0.1</osmand:speed>
        </extensions>
      </trkpt>
      <trkpt lat="-13.606974" lon="-71.2336235">
        <ele>4102.6</ele>
        <time>2026-06-01T10:49:36Z</time>
        <hdop>3</hdop>
        <extensions>
          <osmand:speed>0.1</osmand:speed>
        </extensions>
      </trkpt>
      <trkpt lat="-13.606975" lon="-71.233622">
        <ele>4102.6</ele>
        <time>2026-06-01T10:49:52Z</time>
        <hdop>3</hdop>
        <extensions>
          <osmand:speed>0.1</osmand:speed>
        </extensions>
      </trkpt>
      <trkpt lat="-13.6069748" lon="-71.233621">
        <ele>4102.6</ele>
        <time>2026-06-01T10:50:08Z</time>
        <hdop>3</hdop>
        <extensions>
          <osmand:speed>0.1</osmand:speed>
        </extensions>
      </trkpt>
      <trkpt lat="-13.606975" lon="-71.2336215">
        <ele>4102.6</ele>
        <time>2026-06-01T10:50:24Z</time>
        <hdop>3</hdop>
        <extensions>
          <osmand:speed>0.1</osmand:speed>
        </extensions>
      </trkpt>
      <trkpt lat="-13.606964" lon="-71.2336109">
        <ele>4103.4</ele>
        <time>2026-06-01T10:50:40Z</time>
        <hdop>3</hdop>
        <extensions>
          <osmand:speed>0</osmand:speed>
        </extensions>
      </trkpt>
      <trkpt lat="-13.6069629" lon="-71.2336094">
        <ele>4103.4</ele>
        <time>2026-06-01T10:50:56Z</time>
        <hdop>3</hdop>
        <extensions>
          <osmand:speed>0</osmand:speed>
        </extensions>
      </trkpt>
      <trkpt lat="-13.6069621" lon="-71.2336087">
        <ele>4099.2</ele>
        <time>2026-06-01T10:51:12Z</time>
        <hdop>3</hdop>
        <extensions>
          <osmand:speed>0.2</osmand:speed>
        </extensions>
      </trkpt>
      <trkpt lat="-13.6069825" lon="-71.2335861">
        <ele>4099.3</ele>
        <time>2026-06-01T10:51:27Z</time>
        <hdop>3</hdop>
        <extensions>
          <osmand:speed>0.1</osmand:speed>
        </extensions>
      </trkpt>
      <trkpt lat="-13.6070003" lon="-71.2335764">
        <ele>4099.3</ele>
        <time>2026-06-01T10:51:43Z</time>
        <hdop>3</hdop>
        <extensions>
          <osmand:speed>0</osmand:speed>
        </extensions>
      </trkpt>
      <trkpt lat="-13.6070742" lon="-71.2335467">
        <ele>4100.9</ele>
        <time>2026-06-01T10:51:59Z</time>
        <hdop>3</hdop>
        <extensions>
          <osmand:speed>0.1</osmand:speed>
        </extensions>
      </trkpt>
      <trkpt lat="-13.6070748" lon="-71.2335517">
        <ele>4100.7</ele>
        <time>2026-06-01T10:52:14Z</time>
        <hdop>3</hdop>
        <extensions>
          <osmand:speed>0</osmand:speed>
        </extensions>
      </trkpt>
      <trkpt lat="-13.6070725" lon="-71.2335519">
        <ele>4100.7</ele>
        <time>2026-06-01T10:52:30Z</time>
        <hdop>3</hdop>
        <extensions>
          <osmand:speed>0.1</osmand:speed>
        </extensions>
      </trkpt>
      <trkpt lat="-13.6070728" lon="-71.2335508">
        <ele>4100.7</ele>
        <time>2026-06-01T10:52:46Z</time>
        <hdop>3</hdop>
        <extensions>
          <osmand:speed>0.1</osmand:speed>
        </extensions>
      </trkpt>
      <trkpt lat="-13.6070732" lon="-71.2335524">
        <ele>4100.7</ele>
        <time>2026-06-01T10:53:02Z</time>
        <hdop>3</hdop>
        <extensions>
          <osmand:speed>0.1</osmand:speed>
        </extensions>
      </trkpt>
      <trkpt lat="-13.6070732" lon="-71.2335531">
        <ele>4100.7</ele>
        <time>2026-06-01T10:53:18Z</time>
        <hdop>3</hdop>
        <extensions>
          <osmand:speed>0.1</osmand:speed>
        </extensions>
      </trkpt>
      <trkpt lat="-13.6070862" lon="-71.2335553">
        <ele>4098.7</ele>
        <time>2026-06-01T10:53:34Z</time>
        <hdop>3</hdop>
        <extensions>
          <osmand:speed>0.1</osmand:speed>
        </extensions>
      </trkpt>
      <trkpt lat="-13.6070946" lon="-71.2335534">
        <ele>4098.7</ele>
        <time>2026-06-01T10:53:50Z</time>
        <hdop>3</hdop>
        <extensions>
          <osmand:speed>0.1</osmand:speed>
        </extensions>
      </trkpt>
      <trkpt lat="-13.6070943" lon="-71.2335532">
        <ele>4098.7</ele>
        <time>2026-06-01T10:54:06Z</time>
        <hdop>3</hdop>
        <extensions>
          <osmand:speed>0.1</osmand:speed>
        </extensions>
      </trkpt>
      <trkpt lat="-13.6070937" lon="-71.2335528">
        <ele>4098.7</ele>
        <time>2026-06-01T10:54:22Z</time>
        <hdop>3</hdop>
        <extensions>
          <osmand:speed>0.1</osmand:speed>
        </extensions>
      </trkpt>
      <trkpt lat="-13.607092" lon="-71.2335534">
        <ele>4098.7</ele>
        <time>2026-06-01T10:54:37Z</time>
        <hdop>3</hdop>
        <extensions>
          <osmand:speed>0.1</osmand:speed>
        </extensions>
      </trkpt>
      <trkpt lat="-13.6070935" lon="-71.2335538">
        <ele>4098.7</ele>
        <time>2026-06-01T10:54:52Z</time>
        <hdop>3</hdop>
        <extensions>
          <osmand:speed>0.1</osmand:speed>
        </extensions>
      </trkpt>
      <trkpt lat="-13.6070933" lon="-71.2335533">
        <ele>4098.7</ele>
        <time>2026-06-01T10:55:08Z</time>
        <hdop>1.9</hdop>
      </trkpt>
      <trkpt lat="-13.6070933" lon="-71.2335533">
        <ele>4098.7</ele>
        <time>2026-06-01T10:55:24Z</time>
        <hdop>1.6</hdop>
      </trkpt>
      <trkpt lat="-13.6070517" lon="-71.233555">
        <ele>4099.4</ele>
        <time>2026-06-01T10:55:40Z</time>
        <hdop>1.7</hdop>
      </trkpt>
      <trkpt lat="-13.6070517" lon="-71.233555">
        <ele>4099.4</ele>
        <time>2026-06-01T10:55:56Z</time>
        <hdop>1.6</hdop>
      </trkpt>
      <trkpt lat="-13.6070083" lon="-71.2335417">
        <ele>4099.3</ele>
        <time>2026-06-01T10:56:12Z</time>
        <hdop>1.7</hdop>
      </trkpt>
      <trkpt lat="-13.6070083" lon="-71.2335417">
        <ele>4099.3</ele>
        <time>2026-06-01T10:56:27Z</time>
        <hdop>1.7</hdop>
      </trkpt>
      <trkpt lat="-13.6070083" lon="-71.2335417">
        <ele>4099.3</ele>
        <time>2026-06-01T10:56:43Z</time>
        <hdop>1.7</hdop>
      </trkpt>
      <trkpt lat="-13.6070083" lon="-71.2335417">
        <ele>4099.3</ele>
        <time>2026-06-01T10:56:58Z</time>
        <hdop>1.7</hdop>
      </trkpt>
      <trkpt lat="-13.6070083" lon="-71.2335417">
        <ele>4099.3</ele>
        <time>2026-06-01T10:57:14Z</time>
        <hdop>1.6</hdop>
      </trkpt>
      <trkpt lat="-13.6070083" lon="-71.2335417">
        <ele>4099.3</ele>
        <time>2026-06-01T10:57:29Z</time>
        <hdop>1.6</hdop>
      </trkpt>
      <trkpt lat="-13.6070083" lon="-71.2335417">
        <ele>4099.3</ele>
        <time>2026-06-01T10:57:45Z</time>
        <hdop>1.6</hdop>
      </trkpt>
      <trkpt lat="-13.6070017" lon="-71.23357">
        <ele>4094.3</ele>
        <time>2026-06-01T10:58:01Z</time>
        <hdop>1.5</hdop>
        <extensions>
          <osmand:speed>0.3</osmand:speed>
        </extensions>
      </trkpt>
      <trkpt lat="-13.6069633" lon="-71.2335767">
        <ele>4095</ele>
        <time>2026-06-01T10:58:17Z</time>
        <hdop>1.7</hdop>
        <extensions>
          <osmand:speed>0.7</osmand:speed>
        </extensions>
      </trkpt>
      <trkpt lat="-13.6067823" lon="-71.2335215">
        <ele>4092.7</ele>
        <time>2026-06-01T10:58:32Z</time>
        <hdop>2.5</hdop>
        <extensions>
          <osmand:speed>1.2</osmand:speed>
        </extensions>
      </trkpt>
      <trkpt lat="-13.6066999" lon="-71.2335807">
        <ele>4096.1</ele>
        <time>2026-06-01T10:58:47Z</time>
        <hdop>3</hdop>
        <extensions>
          <osmand:speed>1</osmand:speed>
        </extensions>
      </trkpt>
      <trkpt lat="-13.606621" lon="-71.233499">
        <ele>4096.5</ele>
        <time>2026-06-01T10:59:03Z</time>
        <hdop>3</hdop>
        <extensions>
          <osmand:speed>1</osmand:speed>
        </extensions>
      </trkpt>
      <trkpt lat="-13.606584" lon="-71.2334002">
        <ele>4098.3</ele>
        <time>2026-06-01T10:59:18Z</time>
        <hdop>3</hdop>
        <extensions>
          <osmand:speed>0.9</osmand:speed>
        </extensions>
      </trkpt>
      <trkpt lat="-13.6065261" lon="-71.2332568">
        <ele>4100</ele>
        <time>2026-06-01T10:59:33Z</time>
        <hdop>3</hdop>
        <extensions>
          <osmand:speed>0.9</osmand:speed>
        </extensions>
      </trkpt>
      <trkpt lat="-13.6065007" lon="-71.2330983">
        <ele>4102.1</ele>
        <time>2026-06-01T10:59:48Z</time>
        <hdop>3</hdop>
        <extensions>
          <osmand:speed>0.9</osmand:speed>
        </extensions>
      </trkpt>
      <trkpt lat="-13.6064714" lon="-71.232992">
        <ele>4098.8</ele>
        <time>2026-06-01T11:00:04Z</time>
        <hdop>3</hdop>
        <extensions>
          <osmand:speed>0.8</osmand:speed>
        </extensions>
      </trkpt>
      <trkpt lat="-13.6064483" lon="-71.232852">
        <ele>4098.9</ele>
        <time>2026-06-01T11:00:19Z</time>
        <hdop>3</hdop>
        <extensions>
          <osmand:speed>1</osmand:speed>
        </extensions>
      </trkpt>
      <trkpt lat="-13.6064164" lon="-71.2327135">
        <ele>4098.7</ele>
        <time>2026-06-01T11:00:34Z</time>
        <hdop>3</hdop>
        <extensions>
          <osmand:speed>1</osmand:speed>
        </extensions>
      </trkpt>
      <trkpt lat="-13.6063928" lon="-71.2325713">
        <ele>4101.2</ele>
        <time>2026-06-01T11:00:49Z</time>
        <hdop>3</hdop>
        <extensions>
          <osmand:speed>1</osmand:speed>
        </extensions>
      </trkpt>
      <trkpt lat="-13.606356" lon="-71.2324439">
        <ele>4102.4</ele>
        <time>2026-06-01T11:01:05Z</time>
        <hdop>3</hdop>
        <extensions>
          <osmand:speed>1</osmand:speed>
        </extensions>
      </trkpt>
      <trkpt lat="-13.6063342" lon="-71.2323264">
        <ele>4105.8</ele>
        <time>2026-06-01T11:01:20Z</time>
        <hdop>3</hdop>
        <extensions>
          <osmand:speed>1</osmand:speed>
        </extensions>
      </trkpt>
      <trkpt lat="-13.6063051" lon="-71.2321825">
        <ele>4106.7</ele>
        <time>2026-06-01T11:01:35Z</time>
        <hdop>3</hdop>
        <extensions>
          <osmand:speed>1</osmand:speed>
        </extensions>
      </trkpt>
      <trkpt lat="-13.6062734" lon="-71.232064">
        <ele>4105.8</ele>
        <time>2026-06-01T11:01:51Z</time>
        <hdop>3</hdop>
        <extensions>
          <osmand:speed>0.8</osmand:speed>
        </extensions>
      </trkpt>
      <trkpt lat="-13.6062329" lon="-71.2319326">
        <ele>4103.9</ele>
        <time>2026-06-01T11:02:06Z</time>
        <hdop>3.1</hdop>
        <extensions>
          <osmand:speed>1</osmand:speed>
        </extensions>
      </trkpt>
      <trkpt lat="-13.6062223" lon="-71.2318374">
        <ele>4104.7</ele>
        <time>2026-06-01T11:02:22Z</time>
        <hdop>3</hdop>
        <extensions>
          <osmand:speed>0.8</osmand:speed>
        </extensions>
      </trkpt>
      <trkpt lat="-13.6061864" lon="-71.2316939">
        <ele>4106</ele>
        <time>2026-06-01T11:02:37Z</time>
        <hdop>3</hdop>
        <extensions>
          <osmand:speed>1</osmand:speed>
        </extensions>
      </trkpt>
      <trkpt lat="-13.6061709" lon="-71.2315796">
        <ele>4107.4</ele>
        <time>2026-06-01T11:02:52Z</time>
        <hdop>3.4</hdop>
        <extensions>
          <osmand:speed>0.8</osmand:speed>
        </extensions>
      </trkpt>
      <trkpt lat="-13.6061507" lon="-71.2314704">
        <ele>4109.1</ele>
        <time>2026-06-01T11:03:08Z</time>
        <hdop>3</hdop>
        <extensions>
          <osmand:speed>0.8</osmand:speed>
        </extensions>
      </trkpt>
      <trkpt lat="-13.6061273" lon="-71.2313644">
        <ele>4109.5</ele>
        <time>2026-06-01T11:03:23Z</time>
        <hdop>3</hdop>
        <extensions>
          <osmand:speed>0.9</osmand:speed>
        </extensions>
      </trkpt>
      <trkpt lat="-13.6060868" lon="-71.2312212">
        <ele>4105.9</ele>
        <time>2026-06-01T11:03:38Z</time>
        <hdop>3</hdop>
        <extensions>
          <osmand:speed>1</osmand:speed>
        </extensions>
      </trkpt>
      <trkpt lat="-13.6060704" lon="-71.2310766">
        <ele>4107.7</ele>
        <time>2026-06-01T11:03:53Z</time>
        <hdop>3</hdop>
        <extensions>
          <osmand:speed>1</osmand:speed>
        </extensions>
      </trkpt>
      <trkpt lat="-13.6060322" lon="-71.230955">
        <ele>4107</ele>
        <time>2026-06-01T11:04:09Z</time>
        <hdop>3</hdop>
        <extensions>
          <osmand:speed>1</osmand:speed>
        </extensions>
      </trkpt>
      <trkpt lat="-13.6059869" lon="-71.2308231">
        <ele>4107.3</ele>
        <time>2026-06-01T11:04:24Z</time>
        <hdop>3</hdop>
        <extensions>
          <osmand:speed>1</osmand:speed>
        </extensions>
      </trkpt>
      <trkpt lat="-13.6059495" lon="-71.2306902">
        <ele>4110.3</ele>
        <time>2026-06-01T11:04:39Z</time>
        <hdop>3</hdop>
        <extensions>
          <osmand:speed>1</osmand:speed>
        </extensions>
      </trkpt>
      <trkpt lat="-13.6059448" lon="-71.230581">
        <ele>4109.2</ele>
        <time>2026-06-01T11:04:54Z</time>
        <hdop>3</hdop>
        <extensions>
          <osmand:speed>0.9</osmand:speed>
        </extensions>
      </trkpt>
      <trkpt lat="-13.6059168" lon="-71.2304541">
        <ele>4110.8</ele>
        <time>2026-06-01T11:05:09Z</time>
        <hdop>3</hdop>
        <extensions>
          <osmand:speed>0.9</osmand:speed>
        </extensions>
      </trkpt>
      <trkpt lat="-13.605877" lon="-71.2303298">
        <ele>4109</ele>
        <time>2026-06-01T11:05:24Z</time>
        <hdop>3</hdop>
        <extensions>
          <osmand:speed>1</osmand:speed>
        </extensions>
      </trkpt>
      <trkpt lat="-13.6058464" lon="-71.2302086">
        <ele>4110.9</ele>
        <time>2026-06-01T11:05:40Z</time>
        <hdop>3</hdop>
        <extensions>
          <osmand:speed>0.9</osmand:speed>
        </extensions>
      </trkpt>
      <trkpt lat="-13.6058371" lon="-71.2300966">
        <ele>4109.5</ele>
        <time>2026-06-01T11:05:55Z</time>
        <hdop>3</hdop>
        <extensions>
          <osmand:speed>1</osmand:speed>
        </extensions>
      </trkpt>
      <trkpt lat="-13.6058064" lon="-71.2299668">
        <ele>4110.3</ele>
        <time>2026-06-01T11:06:10Z</time>
        <hdop>3</hdop>
        <extensions>
          <osmand:speed>0.8</osmand:speed>
        </extensions>
      </trkpt>
      <trkpt lat="-13.6057509" lon="-71.2299376">
        <ele>4111.6</ele>
        <time>2026-06-01T11:06:26Z</time>
        <hdop>3</hdop>
        <extensions>
          <osmand:speed>0.3</osmand:speed>
        </extensions>
      </trkpt>
      <trkpt lat="-13.6056785" lon="-71.2299578">
        <ele>4110.2</ele>
        <time>2026-06-01T11:06:41Z</time>
        <hdop>3</hdop>
        <extensions>
          <osmand:speed>0.9</osmand:speed>
        </extensions>
      </trkpt>
      <trkpt lat="-13.6055734" lon="-71.2299645">
        <ele>4109.3</ele>
        <time>2026-06-01T11:06:57Z</time>
        <hdop>3</hdop>
        <extensions>
          <osmand:speed>0.8</osmand:speed>
        </extensions>
      </trkpt>
      <trkpt lat="-13.6054802" lon="-71.2299822">
        <ele>4109.8</ele>
        <time>2026-06-01T11:07:12Z</time>
        <hdop>3</hdop>
        <extensions>
          <osmand:speed>0.8</osmand:speed>
        </extensions>
      </trkpt>
      <trkpt lat="-13.6053671" lon="-71.2299707">
        <ele>4109.1</ele>
        <time>2026-06-01T11:07:27Z</time>
        <hdop>3</hdop>
        <extensions>
          <osmand:speed>0.9</osmand:speed>
        </extensions>
      </trkpt>
      <trkpt lat="-13.6052765" lon="-71.2299753">
        <ele>4109.4</ele>
        <time>2026-06-01T11:07:43Z</time>
        <hdop>3</hdop>
        <extensions>
          <osmand:speed>0.8</osmand:speed>
        </extensions>
      </trkpt>
      <trkpt lat="-13.6051873" lon="-71.229986">
        <ele>4110.3</ele>
        <time>2026-06-01T11:07:58Z</time>
        <hdop>3</hdop>
        <extensions>
          <osmand:speed>0.8</osmand:speed>
        </extensions>
      </trkpt>
      <trkpt lat="-13.6050776" lon="-71.2299963">
        <ele>4110.6</ele>
        <time>2026-06-01T11:08:13Z</time>
        <hdop>3</hdop>
        <extensions>
          <osmand:speed>0.9</osmand:speed>
        </extensions>
      </trkpt>
      <trkpt lat="-13.6049661" lon="-71.2300065">
        <ele>4112.4</ele>
        <time>2026-06-01T11:08:29Z</time>
        <hdop>3</hdop>
        <extensions>
          <osmand:speed>0.9</osmand:speed>
        </extensions>
      </trkpt>
      <trkpt lat="-13.6048751" lon="-71.2300372">
        <ele>4114.5</ele>
        <time>2026-06-01T11:08:44Z</time>
        <hdop>3</hdop>
        <extensions>
          <osmand:speed>0.8</osmand:speed>
        </extensions>
      </trkpt>
      <trkpt lat="-13.6047779" lon="-71.230045">
        <ele>4117.2</ele>
        <time>2026-06-01T11:08:59Z</time>
        <hdop>3</hdop>
        <extensions>
          <osmand:speed>0.9</osmand:speed>
        </extensions>
      </trkpt>
      <trkpt lat="-13.6046722" lon="-71.2300296">
        <ele>4115</ele>
        <time>2026-06-01T11:09:14Z</time>
        <hdop>3</hdop>
        <extensions>
          <osmand:speed>0.9</osmand:speed>
        </extensions>
      </trkpt>
      <trkpt lat="-13.6046002" lon="-71.2300122">
        <ele>4112.3</ele>
        <time>2026-06-01T11:09:29Z</time>
        <hdop>3</hdop>
        <extensions>
          <osmand:speed>0.5</osmand:speed>
        </extensions>
      </trkpt>
      <trkpt lat="-13.6045871" lon="-71.2300123">
        <ele>4111.6</ele>
        <time>2026-06-01T11:09:45Z</time>
        <hdop>3</hdop>
        <extensions>
          <osmand:speed>0</osmand:speed>
        </extensions>
      </trkpt>
      <trkpt lat="-13.6045881" lon="-71.2300118">
        <ele>4111.6</ele>
        <time>2026-06-01T11:10:01Z</time>
        <hdop>3</hdop>
        <extensions>
          <osmand:speed>0</osmand:speed>
        </extensions>
      </trkpt>
      <trkpt lat="-13.6045862" lon="-71.230011">
        <ele>4111.6</ele>
        <time>2026-06-01T11:10:17Z</time>
        <hdop>3</hdop>
        <extensions>
          <osmand:speed>0</osmand:speed>
        </extensions>
      </trkpt>
      <trkpt lat="-13.6045856" lon="-71.2300118">
        <ele>4111.6</ele>
        <time>2026-06-01T11:10:33Z</time>
        <hdop>3</hdop>
        <extensions>
          <osmand:speed>0.1</osmand:speed>
        </extensions>
      </trkpt>
      <trkpt lat="-13.6045873" lon="-71.2300108">
        <ele>4111.6</ele>
        <time>2026-06-01T11:10:49Z</time>
        <hdop>3</hdop>
        <extensions>
          <osmand:speed>0.1</osmand:speed>
        </extensions>
      </trkpt>
      <trkpt lat="-13.6045877" lon="-71.2300103">
        <ele>4111.6</ele>
        <time>2026-06-01T11:11:05Z</time>
        <hdop>3</hdop>
        <extensions>
          <osmand:speed>0.1</osmand:speed>
        </extensions>
      </trkpt>
      <trkpt lat="-13.6045867" lon="-71.2300106">
        <ele>4111.6</ele>
        <time>2026-06-01T11:11:20Z</time>
        <hdop>3</hdop>
        <extensions>
          <osmand:speed>0.1</osmand:speed>
        </extensions>
      </trkpt>
      <trkpt lat="-13.6045879" lon="-71.2300126">
        <ele>4111.6</ele>
        <time>2026-06-01T11:11:36Z</time>
        <hdop>3</hdop>
        <extensions>
          <osmand:speed>0.1</osmand:speed>
        </extensions>
      </trkpt>
      <trkpt lat="-13.6045884" lon="-71.2300122">
        <ele>4111.6</ele>
        <time>2026-06-01T11:11:51Z</time>
        <hdop>3</hdop>
        <extensions>
          <osmand:speed>0.1</osmand:speed>
        </extensions>
      </trkpt>
      <trkpt lat="-13.6045703" lon="-71.2300128">
        <ele>4116.2</ele>
        <time>2026-06-01T11:12:07Z</time>
        <hdop>3</hdop>
        <extensions>
          <osmand:speed>0.1</osmand:speed>
        </extensions>
      </trkpt>
      <trkpt lat="-13.6045496" lon="-71.2300138">
        <ele>4116.2</ele>
        <time>2026-06-01T11:12:23Z</time>
        <hdop>3</hdop>
        <extensions>
          <osmand:speed>0.1</osmand:speed>
        </extensions>
      </trkpt>
      <trkpt lat="-13.6045453" lon="-71.2300168">
        <ele>4116.2</ele>
        <time>2026-06-01T11:12:39Z</time>
        <hdop>3</hdop>
        <extensions>
          <osmand:speed>0.1</osmand:speed>
        </extensions>
      </trkpt>
      <trkpt lat="-13.604543" lon="-71.2300169">
        <ele>4116.2</ele>
        <time>2026-06-01T11:12:55Z</time>
        <hdop>3</hdop>
        <extensions>
          <osmand:speed>0.1</osmand:speed>
        </extensions>
      </trkpt>
      <trkpt lat="-13.6045434" lon="-71.2300148">
        <ele>4116.2</ele>
        <time>2026-06-01T11:13:11Z</time>
        <hdop>3</hdop>
        <extensions>
          <osmand:speed>0.1</osmand:speed>
        </extensions>
      </trkpt>
      <trkpt lat="-13.6045443" lon="-71.2300146">
        <ele>4116.2</ele>
        <time>2026-06-01T11:13:27Z</time>
        <hdop>3</hdop>
        <extensions>
          <osmand:speed>0.1</osmand:speed>
        </extensions>
      </trkpt>
      <trkpt lat="-13.6045442" lon="-71.2300151">
        <ele>4116.2</ele>
        <time>2026-06-01T11:13:43Z</time>
        <hdop>3</hdop>
        <extensions>
          <osmand:speed>0.1</osmand:speed>
        </extensions>
      </trkpt>
      <trkpt lat="-13.6045455" lon="-71.2300139">
        <ele>4116.2</ele>
        <time>2026-06-01T11:13:58Z</time>
        <hdop>3</hdop>
        <extensions>
          <osmand:speed>0.1</osmand:speed>
        </extensions>
      </trkpt>
      <trkpt lat="-13.6045463" lon="-71.2300139">
        <ele>4116.2</ele>
        <time>2026-06-01T11:14:14Z</time>
        <hdop>3</hdop>
        <extensions>
          <osmand:speed>0.1</osmand:speed>
        </extensions>
      </trkpt>
      <trkpt lat="-13.604545" lon="-71.2300142">
        <ele>4116.2</ele>
        <time>2026-06-01T11:14:30Z</time>
        <hdop>3</hdop>
        <extensions>
          <osmand:speed>0.1</osmand:speed>
        </extensions>
      </trkpt>
      <trkpt lat="-13.6045562" lon="-71.2300145">
        <ele>4116.5</ele>
        <time>2026-06-01T11:14:46Z</time>
        <hdop>3</hdop>
        <extensions>
          <osmand:speed>0.1</osmand:speed>
        </extensions>
      </trkpt>
      <trkpt lat="-13.6045718" lon="-71.2300106">
        <ele>4116.5</ele>
        <time>2026-06-01T11:15:02Z</time>
        <hdop>3</hdop>
        <extensions>
          <osmand:speed>0.1</osmand:speed>
        </extensions>
      </trkpt>
      <trkpt lat="-13.6045749" lon="-71.2300119">
        <ele>4116.5</ele>
        <time>2026-06-01T11:15:18Z</time>
        <hdop>3</hdop>
        <extensions>
          <osmand:speed>0.1</osmand:speed>
        </extensions>
      </trkpt>
      <trkpt lat="-13.6045761" lon="-71.2300121">
        <ele>4116.5</ele>
        <time>2026-06-01T11:15:34Z</time>
        <hdop>3</hdop>
        <extensions>
          <osmand:speed>0.1</osmand:speed>
        </extensions>
      </trkpt>
      <trkpt lat="-13.6045758" lon="-71.2300121">
        <ele>4116.5</ele>
        <time>2026-06-01T11:15:50Z</time>
        <hdop>3</hdop>
        <extensions>
          <osmand:speed>0</osmand:speed>
        </extensions>
      </trkpt>
      <trkpt lat="-13.6045754" lon="-71.2300119">
        <ele>4116.5</ele>
        <time>2026-06-01T11:16:06Z</time>
        <hdop>3</hdop>
        <extensions>
          <osmand:speed>0.1</osmand:speed>
        </extensions>
      </trkpt>
      <trkpt lat="-13.6045703" lon="-71.2300108">
        <ele>4120</ele>
        <time>2026-06-01T11:16:22Z</time>
        <hdop>3</hdop>
        <extensions>
          <osmand:speed>0.1</osmand:speed>
        </extensions>
      </trkpt>
      <trkpt lat="-13.6045644" lon="-71.2300108">
        <ele>4120</ele>
        <time>2026-06-01T11:16:38Z</time>
        <hdop>3</hdop>
        <extensions>
          <osmand:speed>0.1</osmand:speed>
        </extensions>
      </trkpt>
      <trkpt lat="-13.6045619" lon="-71.2300097">
        <ele>4120</ele>
        <time>2026-06-01T11:16:54Z</time>
        <hdop>3</hdop>
        <extensions>
          <osmand:speed>0.1</osmand:speed>
        </extensions>
      </trkpt>
      <trkpt lat="-13.6045607" lon="-71.2300108">
        <ele>4120</ele>
        <time>2026-06-01T11:17:10Z</time>
        <hdop>3</hdop>
        <extensions>
          <osmand:speed>0.1</osmand:speed>
        </extensions>
      </trkpt>
      <trkpt lat="-13.604562" lon="-71.2300109">
        <ele>4120</ele>
        <time>2026-06-01T11:17:26Z</time>
        <hdop>3</hdop>
        <extensions>
          <osmand:speed>0.1</osmand:speed>
        </extensions>
      </trkpt>
      <trkpt lat="-13.6045617" lon="-71.2300112">
        <ele>4120</ele>
        <time>2026-06-01T11:17:42Z</time>
        <hdop>3</hdop>
        <extensions>
          <osmand:speed>0.1</osmand:speed>
        </extensions>
      </trkpt>
      <trkpt lat="-13.6045616" lon="-71.2300104">
        <ele>4120</ele>
        <time>2026-06-01T11:17:58Z</time>
        <hdop>3</hdop>
        <extensions>
          <osmand:speed>0.1</osmand:speed>
        </extensions>
      </trkpt>
      <trkpt lat="-13.6045343" lon="-71.2300108">
        <ele>4119</ele>
        <time>2026-06-01T11:18:13Z</time>
        <hdop>3</hdop>
        <extensions>
          <osmand:speed>0.1</osmand:speed>
        </extensions>
      </trkpt>
      <trkpt lat="-13.604533" lon="-71.2300113">
        <ele>4119</ele>
        <time>2026-06-01T11:18:29Z</time>
        <hdop>3</hdop>
        <extensions>
          <osmand:speed>0.1</osmand:speed>
        </extensions>
      </trkpt>
      <trkpt lat="-13.6045358" lon="-71.2300312">
        <ele>4119.9</ele>
        <time>2026-06-01T11:18:45Z</time>
        <hdop>3</hdop>
        <extensions>
          <osmand:speed>0</osmand:speed>
        </extensions>
      </trkpt>
      <trkpt lat="-13.6044848" lon="-71.2300489">
        <ele>4119.8</ele>
        <time>2026-06-01T11:19:00Z</time>
        <hdop>3</hdop>
        <extensions>
          <osmand:speed>0.6</osmand:speed>
        </extensions>
      </trkpt>
      <trkpt lat="-13.6044237" lon="-71.2300543">
        <ele>4122.2</ele>
        <time>2026-06-01T11:19:15Z</time>
        <hdop>3</hdop>
        <extensions>
          <osmand:speed>0.4</osmand:speed>
        </extensions>
      </trkpt>
      <trkpt lat="-13.6044099" lon="-71.2300471">
        <ele>4122</ele>
        <time>2026-06-01T11:19:31Z</time>
        <hdop>3</hdop>
        <extensions>
          <osmand:speed>0</osmand:speed>
        </extensions>
      </trkpt>
      <trkpt lat="-13.6044095" lon="-71.2300482">
        <ele>4122</ele>
        <time>2026-06-01T11:19:46Z</time>
        <hdop>3</hdop>
        <extensions>
          <osmand:speed>0.1</osmand:speed>
        </extensions>
      </trkpt>
      <trkpt lat="-13.6044088" lon="-71.2300484">
        <ele>4122</ele>
        <time>2026-06-01T11:20:02Z</time>
        <hdop>3</hdop>
        <extensions>
          <osmand:speed>0.1</osmand:speed>
        </extensions>
      </trkpt>
      <trkpt lat="-13.6044098" lon="-71.2300471">
        <ele>4122</ele>
        <time>2026-06-01T11:20:18Z</time>
        <hdop>3</hdop>
        <extensions>
          <osmand:speed>0.1</osmand:speed>
        </extensions>
      </trkpt>
      <trkpt lat="-13.6044098" lon="-71.2300458">
        <ele>4122</ele>
        <time>2026-06-01T11:20:33Z</time>
        <hdop>3</hdop>
        <extensions>
          <osmand:speed>0.1</osmand:speed>
        </extensions>
      </trkpt>
      <trkpt lat="-13.6043231" lon="-71.2300714">
        <ele>4123.9</ele>
        <time>2026-06-01T11:20:48Z</time>
        <hdop>3</hdop>
        <extensions>
          <osmand:speed>0.8</osmand:speed>
        </extensions>
      </trkpt>
      <trkpt lat="-13.6042091" lon="-71.2300916">
        <ele>4122.7</ele>
        <time>2026-06-01T11:21:04Z</time>
        <hdop>3</hdop>
        <extensions>
          <osmand:speed>0.8</osmand:speed>
        </extensions>
      </trkpt>
      <trkpt lat="-13.6041059" lon="-71.2300852">
        <ele>4124.2</ele>
        <time>2026-06-01T11:21:19Z</time>
        <hdop>3</hdop>
        <extensions>
          <osmand:speed>0.9</osmand:speed>
        </extensions>
      </trkpt>
      <trkpt lat="-13.6040203" lon="-71.2301203">
        <ele>4126.4</ele>
        <time>2026-06-01T11:21:35Z</time>
        <hdop>3</hdop>
        <extensions>
          <osmand:speed>0.8</osmand:speed>
        </extensions>
      </trkpt>
      <trkpt lat="-13.6039422" lon="-71.2301304">
        <ele>4127.9</ele>
        <time>2026-06-01T11:21:50Z</time>
        <hdop>3</hdop>
        <extensions>
          <osmand:speed>0.8</osmand:speed>
        </extensions>
      </trkpt>
      <trkpt lat="-13.603861" lon="-71.2301657">
        <ele>4131.2</ele>
        <time>2026-06-01T11:22:05Z</time>
        <hdop>3</hdop>
        <extensions>
          <osmand:speed>0.9</osmand:speed>
        </extensions>
      </trkpt>
      <trkpt lat="-13.6038157" lon="-71.230182">
        <ele>4132.3</ele>
        <time>2026-06-01T11:22:20Z</time>
        <hdop>3</hdop>
        <extensions>
          <osmand:speed>0.7</osmand:speed>
        </extensions>
      </trkpt>
      <trkpt lat="-13.6037809" lon="-71.2302553">
        <ele>4134.4</ele>
        <time>2026-06-01T11:22:36Z</time>
        <hdop>3</hdop>
        <extensions>
          <osmand:speed>0.6</osmand:speed>
        </extensions>
      </trkpt>
      <trkpt lat="-13.6038185" lon="-71.2302965">
        <ele>4134.6</ele>
        <time>2026-06-01T11:22:51Z</time>
        <hdop>3</hdop>
        <extensions>
          <osmand:speed>0.7</osmand:speed>
        </extensions>
      </trkpt>
      <trkpt lat="-13.6039105" lon="-71.2303347">
        <ele>4132.3</ele>
        <time>2026-06-01T11:23:06Z</time>
        <hdop>3</hdop>
        <extensions>
          <osmand:speed>0.3</osmand:speed>
        </extensions>
      </trkpt>
      <trkpt lat="-13.6039018" lon="-71.2303411">
        <ele>4132.2</ele>
        <time>2026-06-01T11:23:22Z</time>
        <hdop>3</hdop>
        <extensions>
          <osmand:speed>0</osmand:speed>
        </extensions>
      </trkpt>
      <trkpt lat="-13.6039016" lon="-71.2303428">
        <ele>4132.2</ele>
        <time>2026-06-01T11:23:38Z</time>
        <hdop>3</hdop>
        <extensions>
          <osmand:speed>0.1</osmand:speed>
        </extensions>
      </trkpt>
      <trkpt lat="-13.6039001" lon="-71.2303423">
        <ele>4132.2</ele>
        <time>2026-06-01T11:23:54Z</time>
        <hdop>3</hdop>
        <extensions>
          <osmand:speed>0.1</osmand:speed>
        </extensions>
      </trkpt>
      <trkpt lat="-13.6039006" lon="-71.2303415">
        <ele>4132.2</ele>
        <time>2026-06-01T11:24:09Z</time>
        <hdop>3</hdop>
        <extensions>
          <osmand:speed>0.1</osmand:speed>
        </extensions>
      </trkpt>
      <trkpt lat="-13.6038649" lon="-71.2303465">
        <ele>4132.6</ele>
        <time>2026-06-01T11:24:25Z</time>
        <hdop>3</hdop>
        <extensions>
          <osmand:speed>0.1</osmand:speed>
        </extensions>
      </trkpt>
      <trkpt lat="-13.6037463" lon="-71.2302816">
        <ele>4131.6</ele>
        <time>2026-06-01T11:24:40Z</time>
        <hdop>3</hdop>
        <extensions>
          <osmand:speed>1</osmand:speed>
        </extensions>
      </trkpt>
      <trkpt lat="-13.6036654" lon="-71.2302687">
        <ele>4133.8</ele>
        <time>2026-06-01T11:24:55Z</time>
        <hdop>3</hdop>
        <extensions>
          <osmand:speed>0.8</osmand:speed>
        </extensions>
      </trkpt>
      <trkpt lat="-13.6036124" lon="-71.2302843">
        <ele>4133.6</ele>
        <time>2026-06-01T11:25:11Z</time>
        <hdop>3</hdop>
        <extensions>
          <osmand:speed>0.4</osmand:speed>
        </extensions>
      </trkpt>
      <trkpt lat="-13.6035444" lon="-71.2303125">
        <ele>4136.8</ele>
        <time>2026-06-01T11:25:26Z</time>
        <hdop>3</hdop>
        <extensions>
          <osmand:speed>0.9</osmand:speed>
        </extensions>
      </trkpt>
      <trkpt lat="-13.6034911" lon="-71.2303733">
        <ele>4141.6</ele>
        <time>2026-06-01T11:25:41Z</time>
        <hdop>3</hdop>
        <extensions>
          <osmand:speed>0.7</osmand:speed>
        </extensions>
      </trkpt>
      <trkpt lat="-13.6034567" lon="-71.2304207">
        <ele>4144.8</ele>
        <time>2026-06-01T11:25:57Z</time>
        <hdop>3</hdop>
        <extensions>
          <osmand:speed>0.3</osmand:speed>
        </extensions>
      </trkpt>
      <trkpt lat="-13.60344" lon="-71.2304287">
        <ele>4146.3</ele>
        <time>2026-06-01T11:26:12Z</time>
        <hdop>3</hdop>
        <extensions>
          <osmand:speed>0.1</osmand:speed>
        </extensions>
      </trkpt>
      <trkpt lat="-13.6033582" lon="-71.2304611">
        <ele>4145.3</ele>
        <time>2026-06-01T11:26:27Z</time>
        <hdop>3</hdop>
        <extensions>
          <osmand:speed>0.9</osmand:speed>
        </extensions>
      </trkpt>
      <trkpt lat="-13.6033043" lon="-71.2305224">
        <ele>4145.4</ele>
        <time>2026-06-01T11:26:42Z</time>
        <hdop>3</hdop>
        <extensions>
          <osmand:speed>0.9</osmand:speed>
        </extensions>
      </trkpt>
      <trkpt lat="-13.603249" lon="-71.2305644">
        <ele>4146.6</ele>
        <time>2026-06-01T11:26:57Z</time>
        <hdop>3</hdop>
        <extensions>
          <osmand:speed>0.6</osmand:speed>
        </extensions>
      </trkpt>
      <trkpt lat="-13.6031777" lon="-71.2305535">
        <ele>4147.8</ele>
        <time>2026-06-01T11:27:12Z</time>
        <hdop>3</hdop>
        <extensions>
          <osmand:speed>0.5</osmand:speed>
        </extensions>
      </trkpt>
      <trkpt lat="-13.6031283" lon="-71.230474">
        <ele>4149.3</ele>
        <time>2026-06-01T11:27:28Z</time>
        <hdop>3</hdop>
        <extensions>
          <osmand:speed>0.7</osmand:speed>
        </extensions>
      </trkpt>
      <trkpt lat="-13.6031311" lon="-71.230428">
        <ele>4147</ele>
        <time>2026-06-01T11:27:43Z</time>
        <hdop>3</hdop>
        <extensions>
          <osmand:speed>0</osmand:speed>
        </extensions>
      </trkpt>
      <trkpt lat="-13.6031644" lon="-71.2303684">
        <ele>4148</ele>
        <time>2026-06-01T11:27:58Z</time>
        <hdop>3</hdop>
        <extensions>
          <osmand:speed>0.7</osmand:speed>
        </extensions>
      </trkpt>
      <trkpt lat="-13.6031927" lon="-71.2303042">
        <ele>4150.2</ele>
        <time>2026-06-01T11:28:13Z</time>
        <hdop>3</hdop>
        <extensions>
          <osmand:speed>0.6</osmand:speed>
        </extensions>
      </trkpt>
      <trkpt lat="-13.6032117" lon="-71.2302992">
        <ele>4156.3</ele>
        <time>2026-06-01T11:28:29Z</time>
        <hdop>3</hdop>
        <extensions>
          <osmand:speed>0.1</osmand:speed>
        </extensions>
      </trkpt>
      <trkpt lat="-13.6032142" lon="-71.230257">
        <ele>4158.3</ele>
        <time>2026-06-01T11:28:44Z</time>
        <hdop>3</hdop>
        <extensions>
          <osmand:speed>0.1</osmand:speed>
        </extensions>
      </trkpt>
      <trkpt lat="-13.6031934" lon="-71.2302567">
        <ele>4155.8</ele>
        <time>2026-06-01T11:28:59Z</time>
        <hdop>3</hdop>
        <extensions>
          <osmand:speed>0</osmand:speed>
        </extensions>
      </trkpt>
      <trkpt lat="-13.6031457" lon="-71.2302718">
        <ele>4155.6</ele>
        <time>2026-06-01T11:29:14Z</time>
        <hdop>3</hdop>
        <extensions>
          <osmand:speed>0.3</osmand:speed>
        </extensions>
      </trkpt>
      <trkpt lat="-13.6030862" lon="-71.2302673">
        <ele>4159.3</ele>
        <time>2026-06-01T11:29:30Z</time>
        <hdop>3</hdop>
        <extensions>
          <osmand:speed>0.1</osmand:speed>
        </extensions>
      </trkpt>
      <trkpt lat="-13.6030725" lon="-71.2302683">
        <ele>4160.3</ele>
        <time>2026-06-01T11:29:45Z</time>
        <hdop>3</hdop>
        <extensions>
          <osmand:speed>0.1</osmand:speed>
        </extensions>
      </trkpt>
      <trkpt lat="-13.6030442" lon="-71.230206">
        <ele>4161.9</ele>
        <time>2026-06-01T11:30:00Z</time>
        <hdop>3</hdop>
        <extensions>
          <osmand:speed>0.5</osmand:speed>
        </extensions>
      </trkpt>
      <trkpt lat="-13.6030874" lon="-71.2301727">
        <ele>4168.3</ele>
        <time>2026-06-01T11:30:15Z</time>
        <hdop>3</hdop>
        <extensions>
          <osmand:speed>0.3</osmand:speed>
        </extensions>
      </trkpt>
      <trkpt lat="-13.6030934" lon="-71.2301536">
        <ele>4171.7</ele>
        <time>2026-06-01T11:30:30Z</time>
        <hdop>3</hdop>
        <extensions>
          <osmand:speed>0.6</osmand:speed>
        </extensions>
      </trkpt>
      <trkpt lat="-13.6029977" lon="-71.230109">
        <ele>4172.1</ele>
        <time>2026-06-01T11:30:46Z</time>
        <hdop>3</hdop>
        <extensions>
          <osmand:speed>0.7</osmand:speed>
        </extensions>
      </trkpt>
      <trkpt lat="-13.602997" lon="-71.2300259">
        <ele>4170.7</ele>
        <time>2026-06-01T11:31:01Z</time>
        <hdop>3</hdop>
        <extensions>
          <osmand:speed>0.7</osmand:speed>
        </extensions>
      </trkpt>
      <trkpt lat="-13.6029997" lon="-71.230029">
        <ele>4169.7</ele>
        <time>2026-06-01T11:31:17Z</time>
        <hdop>3</hdop>
        <extensions>
          <osmand:speed>0</osmand:speed>
        </extensions>
      </trkpt>
      <trkpt lat="-13.6030028" lon="-71.2300267">
        <ele>4169.7</ele>
        <time>2026-06-01T11:31:33Z</time>
        <hdop>3</hdop>
        <extensions>
          <osmand:speed>0.1</osmand:speed>
        </extensions>
      </trkpt>
      <trkpt lat="-13.6030012" lon="-71.2300298">
        <ele>4169.7</ele>
        <time>2026-06-01T11:31:48Z</time>
        <hdop>3</hdop>
        <extensions>
          <osmand:speed>0.1</osmand:speed>
        </extensions>
      </trkpt>
      <trkpt lat="-13.6029997" lon="-71.2300305">
        <ele>4169.7</ele>
        <time>2026-06-01T11:32:04Z</time>
        <hdop>3</hdop>
        <extensions>
          <osmand:speed>0.1</osmand:speed>
        </extensions>
      </trkpt>
      <trkpt lat="-13.6030016" lon="-71.2300297">
        <ele>4169.7</ele>
        <time>2026-06-01T11:32:20Z</time>
        <hdop>3</hdop>
        <extensions>
          <osmand:speed>0.1</osmand:speed>
        </extensions>
      </trkpt>
      <trkpt lat="-13.603001" lon="-71.230027">
        <ele>4169.7</ele>
        <time>2026-06-01T11:32:35Z</time>
        <hdop>3</hdop>
        <extensions>
          <osmand:speed>0.1</osmand:speed>
        </extensions>
      </trkpt>
      <trkpt lat="-13.6029937" lon="-71.2300216">
        <ele>4180.3</ele>
        <time>2026-06-01T11:32:50Z</time>
        <hdop>3</hdop>
        <extensions>
          <osmand:speed>0.3</osmand:speed>
        </extensions>
      </trkpt>
      <trkpt lat="-13.6029584" lon="-71.2300413">
        <ele>4179.3</ele>
        <time>2026-06-01T11:33:06Z</time>
        <hdop>3</hdop>
        <extensions>
          <osmand:speed>0.1</osmand:speed>
        </extensions>
      </trkpt>
      <trkpt lat="-13.6029531" lon="-71.2300365">
        <ele>4178.5</ele>
        <time>2026-06-01T11:33:21Z</time>
        <hdop>3</hdop>
        <extensions>
          <osmand:speed>0.1</osmand:speed>
        </extensions>
      </trkpt>
      <trkpt lat="-13.6029125" lon="-71.2300587">
        <ele>4177.7</ele>
        <time>2026-06-01T11:33:37Z</time>
        <hdop>3</hdop>
        <extensions>
          <osmand:speed>0</osmand:speed>
        </extensions>
      </trkpt>
      <trkpt lat="-13.6028827" lon="-71.230102">
        <ele>4179.1</ele>
        <time>2026-06-01T11:33:52Z</time>
        <hdop>3</hdop>
        <extensions>
          <osmand:speed>0.8</osmand:speed>
        </extensions>
      </trkpt>
      <trkpt lat="-13.6028712" lon="-71.2301431">
        <ele>4179.9</ele>
        <time>2026-06-01T11:34:08Z</time>
        <hdop>3</hdop>
        <extensions>
          <osmand:speed>0.1</osmand:speed>
        </extensions>
      </trkpt>
      <trkpt lat="-13.6028232" lon="-71.2302071">
        <ele>4183.5</ele>
        <time>2026-06-01T11:34:23Z</time>
        <hdop>3</hdop>
        <extensions>
          <osmand:speed>0.7</osmand:speed>
        </extensions>
      </trkpt>
      <trkpt lat="-13.602788" lon="-71.2301448">
        <ele>4182.7</ele>
        <time>2026-06-01T11:34:39Z</time>
        <hdop>3</hdop>
        <extensions>
          <osmand:speed>0.2</osmand:speed>
        </extensions>
      </trkpt>
      <trkpt lat="-13.6027193" lon="-71.2300946">
        <ele>4185.1</ele>
        <time>2026-06-01T11:34:54Z</time>
        <hdop>3</hdop>
        <extensions>
          <osmand:speed>0.4</osmand:speed>
        </extensions>
      </trkpt>
      <trkpt lat="-13.6027298" lon="-71.2301456">
        <ele>4188.7</ele>
        <time>2026-06-01T11:35:09Z</time>
        <hdop>3</hdop>
        <extensions>
          <osmand:speed>0.7</osmand:speed>
        </extensions>
      </trkpt>
      <trkpt lat="-13.6027016" lon="-71.2302317">
        <ele>4190.8</ele>
        <time>2026-06-01T11:35:24Z</time>
        <hdop>3</hdop>
        <extensions>
          <osmand:speed>0.6</osmand:speed>
        </extensions>
      </trkpt>
      <trkpt lat="-13.6027141" lon="-71.2302882">
        <ele>4191.7</ele>
        <time>2026-06-01T11:35:40Z</time>
        <hdop>3</hdop>
        <extensions>
          <osmand:speed>0.5</osmand:speed>
        </extensions>
      </trkpt>
      <trkpt lat="-13.6026751" lon="-71.2302858">
        <ele>4193.7</ele>
        <time>2026-06-01T11:35:55Z</time>
        <hdop>3</hdop>
        <extensions>
          <osmand:speed>0.2</osmand:speed>
        </extensions>
      </trkpt>
      <trkpt lat="-13.6026687" lon="-71.2302735">
        <ele>4194</ele>
        <time>2026-06-01T11:36:10Z</time>
        <hdop>3</hdop>
        <extensions>
          <osmand:speed>0.1</osmand:speed>
        </extensions>
      </trkpt>
      <trkpt lat="-13.6026008" lon="-71.2302017">
        <ele>4195.8</ele>
        <time>2026-06-01T11:36:25Z</time>
        <hdop>3</hdop>
        <extensions>
          <osmand:speed>0.6</osmand:speed>
        </extensions>
      </trkpt>
      <trkpt lat="-13.6025755" lon="-71.2301465">
        <ele>4198.4</ele>
        <time>2026-06-01T11:36:41Z</time>
        <hdop>3</hdop>
        <extensions>
          <osmand:speed>0</osmand:speed>
        </extensions>
      </trkpt>
      <trkpt lat="-13.6025422" lon="-71.2300746">
        <ele>4200</ele>
        <time>2026-06-01T11:36:56Z</time>
        <hdop>3</hdop>
        <extensions>
          <osmand:speed>0.1</osmand:speed>
        </extensions>
      </trkpt>
      <trkpt lat="-13.6025162" lon="-71.2300493">
        <ele>4200.4</ele>
        <time>2026-06-01T11:37:12Z</time>
        <hdop>3</hdop>
        <extensions>
          <osmand:speed>0.6</osmand:speed>
        </extensions>
      </trkpt>
      <trkpt lat="-13.6025066" lon="-71.2300525">
        <ele>4199.5</ele>
        <time>2026-06-01T11:37:27Z</time>
        <hdop>3</hdop>
        <extensions>
          <osmand:speed>0</osmand:speed>
        </extensions>
      </trkpt>
      <trkpt lat="-13.6024663" lon="-71.2299824">
        <ele>4203.9</ele>
        <time>2026-06-01T11:37:42Z</time>
        <hdop>3</hdop>
        <extensions>
          <osmand:speed>0.3</osmand:speed>
        </extensions>
      </trkpt>
      <trkpt lat="-13.6024753" lon="-71.2299554">
        <ele>4204.7</ele>
        <time>2026-06-01T11:37:58Z</time>
        <hdop>3</hdop>
        <extensions>
          <osmand:speed>0.2</osmand:speed>
        </extensions>
      </trkpt>
      <trkpt lat="-13.6024625" lon="-71.2299621">
        <ele>4208.7</ele>
        <time>2026-06-01T11:38:13Z</time>
        <hdop>3</hdop>
        <extensions>
          <osmand:speed>0.1</osmand:speed>
        </extensions>
      </trkpt>
      <trkpt lat="-13.6024592" lon="-71.2299884">
        <ele>4209.8</ele>
        <time>2026-06-01T11:38:28Z</time>
        <hdop>3</hdop>
        <extensions>
          <osmand:speed>0.3</osmand:speed>
        </extensions>
      </trkpt>
      <trkpt lat="-13.6024565" lon="-71.2300093">
        <ele>4209.4</ele>
        <time>2026-06-01T11:38:44Z</time>
        <hdop>3</hdop>
        <extensions>
          <osmand:speed>0.1</osmand:speed>
        </extensions>
      </trkpt>
      <trkpt lat="-13.602429" lon="-71.230065">
        <ele>4214.6</ele>
        <time>2026-06-01T11:38:59Z</time>
        <hdop>3</hdop>
        <extensions>
          <osmand:speed>0.1</osmand:speed>
        </extensions>
      </trkpt>
      <trkpt lat="-13.6024241" lon="-71.2300865">
        <ele>4215.1</ele>
        <time>2026-06-01T11:39:14Z</time>
        <hdop>3</hdop>
        <extensions>
          <osmand:speed>0</osmand:speed>
        </extensions>
      </trkpt>
      <trkpt lat="-13.6024243" lon="-71.2300869">
        <ele>4215.1</ele>
        <time>2026-06-01T11:39:29Z</time>
        <hdop>3</hdop>
        <extensions>
          <osmand:speed>0.1</osmand:speed>
        </extensions>
      </trkpt>
      <trkpt lat="-13.6024185" lon="-71.2301919">
        <ele>4218.1</ele>
        <time>2026-06-01T11:39:45Z</time>
        <hdop>3</hdop>
        <extensions>
          <osmand:speed>0.1</osmand:speed>
        </extensions>
      </trkpt>
      <trkpt lat="-13.6023994" lon="-71.2302483">
        <ele>4219.8</ele>
        <time>2026-06-01T11:40:00Z</time>
        <hdop>3</hdop>
        <extensions>
          <osmand:speed>0.5</osmand:speed>
        </extensions>
      </trkpt>
      <trkpt lat="-13.6023737" lon="-71.2303174">
        <ele>4222.4</ele>
        <time>2026-06-01T11:40:15Z</time>
        <hdop>3</hdop>
        <extensions>
          <osmand:speed>0.7</osmand:speed>
        </extensions>
      </trkpt>
      <trkpt lat="-13.6023538" lon="-71.2303026">
        <ele>4221.4</ele>
        <time>2026-06-01T11:40:31Z</time>
        <hdop>3</hdop>
        <extensions>
          <osmand:speed>0.1</osmand:speed>
        </extensions>
      </trkpt>
      <trkpt lat="-13.6023069" lon="-71.2302142">
        <ele>4219.8</ele>
        <time>2026-06-01T11:40:46Z</time>
        <hdop>3</hdop>
        <extensions>
          <osmand:speed>0.7</osmand:speed>
        </extensions>
      </trkpt>
      <trkpt lat="-13.6022713" lon="-71.2301512">
        <ele>4224.6</ele>
        <time>2026-06-01T11:41:01Z</time>
        <hdop>3</hdop>
        <extensions>
          <osmand:speed>0.7</osmand:speed>
        </extensions>
      </trkpt>
      <trkpt lat="-13.6022626" lon="-71.2301286">
        <ele>4226.8</ele>
        <time>2026-06-01T11:41:17Z</time>
        <hdop>3</hdop>
        <extensions>
          <osmand:speed>0.1</osmand:speed>
        </extensions>
      </trkpt>
      <trkpt lat="-13.6022643" lon="-71.2301327">
        <ele>4226.8</ele>
        <time>2026-06-01T11:41:33Z</time>
        <hdop>3</hdop>
        <extensions>
          <osmand:speed>0.1</osmand:speed>
        </extensions>
      </trkpt>
      <trkpt lat="-13.6022557" lon="-71.2301496">
        <ele>4231.5</ele>
        <time>2026-06-01T11:41:48Z</time>
        <hdop>3</hdop>
        <extensions>
          <osmand:speed>0.2</osmand:speed>
        </extensions>
      </trkpt>
      <trkpt lat="-13.6022302" lon="-71.2301867">
        <ele>4231.6</ele>
        <time>2026-06-01T11:42:03Z</time>
        <hdop>3</hdop>
        <extensions>
          <osmand:speed>0.1</osmand:speed>
        </extensions>
      </trkpt>
      <trkpt lat="-13.6022027" lon="-71.2302444">
        <ele>4233.3</ele>
        <time>2026-06-01T11:42:18Z</time>
        <hdop>3</hdop>
        <extensions>
          <osmand:speed>0.6</osmand:speed>
        </extensions>
      </trkpt>
      <trkpt lat="-13.6022037" lon="-71.2302834">
        <ele>4235.4</ele>
        <time>2026-06-01T11:42:34Z</time>
        <hdop>3</hdop>
        <extensions>
          <osmand:speed>0</osmand:speed>
        </extensions>
      </trkpt>
      <trkpt lat="-13.602173" lon="-71.2302622">
        <ele>4239.6</ele>
        <time>2026-06-01T11:42:50Z</time>
        <hdop>3</hdop>
        <extensions>
          <osmand:speed>0.6</osmand:speed>
        </extensions>
      </trkpt>
      <trkpt lat="-13.602156" lon="-71.2302355">
        <ele>4239.5</ele>
        <time>2026-06-01T11:43:05Z</time>
        <hdop>3</hdop>
        <extensions>
          <osmand:speed>0.3</osmand:speed>
        </extensions>
      </trkpt>
      <trkpt lat="-13.6021154" lon="-71.2301411">
        <ele>4237.6</ele>
        <time>2026-06-01T11:43:20Z</time>
        <hdop>3</hdop>
        <extensions>
          <osmand:speed>0.9</osmand:speed>
        </extensions>
      </trkpt>
      <trkpt lat="-13.6020761" lon="-71.2300755">
        <ele>4237.9</ele>
        <time>2026-06-01T11:43:35Z</time>
        <hdop>3</hdop>
        <extensions>
          <osmand:speed>0.7</osmand:speed>
        </extensions>
      </trkpt>
      <trkpt lat="-13.6020182" lon="-71.2300943">
        <ele>4243.3</ele>
        <time>2026-06-01T11:43:51Z</time>
        <hdop>3</hdop>
        <extensions>
          <osmand:speed>0.6</osmand:speed>
        </extensions>
      </trkpt>
      <trkpt lat="-13.6019726" lon="-71.2301075">
        <ele>4242.5</ele>
        <time>2026-06-01T11:44:06Z</time>
        <hdop>3</hdop>
        <extensions>
          <osmand:speed>0.7</osmand:speed>
        </extensions>
      </trkpt>
      <trkpt lat="-13.6019182" lon="-71.230065">
        <ele>4244.1</ele>
        <time>2026-06-01T11:44:22Z</time>
        <hdop>3</hdop>
        <extensions>
          <osmand:speed>0.7</osmand:speed>
        </extensions>
      </trkpt>
      <trkpt lat="-13.6018289" lon="-71.2300545">
        <ele>4242.7</ele>
        <time>2026-06-01T11:44:37Z</time>
        <hdop>3</hdop>
        <extensions>
          <osmand:speed>0.8</osmand:speed>
        </extensions>
      </trkpt>
      <trkpt lat="-13.601737" lon="-71.2300444">
        <ele>4244.3</ele>
        <time>2026-06-01T11:44:52Z</time>
        <hdop>3</hdop>
        <extensions>
          <osmand:speed>0.7</osmand:speed>
        </extensions>
      </trkpt>
      <trkpt lat="-13.6016858" lon="-71.2300477">
        <ele>4250.2</ele>
        <time>2026-06-01T11:45:07Z</time>
        <hdop>3</hdop>
        <extensions>
          <osmand:speed>0.6</osmand:speed>
        </extensions>
      </trkpt>
      <trkpt lat="-13.6016347" lon="-71.2300558">
        <ele>4251</ele>
        <time>2026-06-01T11:45:23Z</time>
        <hdop>3</hdop>
        <extensions>
          <osmand:speed>0.6</osmand:speed>
        </extensions>
      </trkpt>
      <trkpt lat="-13.6015824" lon="-71.230107">
        <ele>4255.1</ele>
        <time>2026-06-01T11:45:38Z</time>
        <hdop>3</hdop>
        <extensions>
          <osmand:speed>0.8</osmand:speed>
        </extensions>
      </trkpt>
      <trkpt lat="-13.6015286" lon="-71.2301565">
        <ele>4255.3</ele>
        <time>2026-06-01T11:45:54Z</time>
        <hdop>3</hdop>
        <extensions>
          <osmand:speed>0.7</osmand:speed>
        </extensions>
      </trkpt>
      <trkpt lat="-13.6014592" lon="-71.2301753">
        <ele>4255</ele>
        <time>2026-06-01T11:46:09Z</time>
        <hdop>3</hdop>
        <extensions>
          <osmand:speed>0.7</osmand:speed>
        </extensions>
      </trkpt>
      <trkpt lat="-13.6014127" lon="-71.2302362">
        <ele>4257.7</ele>
        <time>2026-06-01T11:46:25Z</time>
        <hdop>3</hdop>
        <extensions>
          <osmand:speed>0.7</osmand:speed>
        </extensions>
      </trkpt>
      <trkpt lat="-13.6013627" lon="-71.2302898">
        <ele>4261</ele>
        <time>2026-06-01T11:46:40Z</time>
        <hdop>3</hdop>
        <extensions>
          <osmand:speed>0.7</osmand:speed>
        </extensions>
      </trkpt>
      <trkpt lat="-13.6013487" lon="-71.2303491">
        <ele>4260.7</ele>
        <time>2026-06-01T11:46:56Z</time>
        <hdop>3</hdop>
        <extensions>
          <osmand:speed>0.5</osmand:speed>
        </extensions>
      </trkpt>
      <trkpt lat="-13.6012994" lon="-71.2303629">
        <ele>4261.4</ele>
        <time>2026-06-01T11:47:11Z</time>
        <hdop>3</hdop>
        <extensions>
          <osmand:speed>0.2</osmand:speed>
        </extensions>
      </trkpt>
      <trkpt lat="-13.6012544" lon="-71.230311">
        <ele>4262.2</ele>
        <time>2026-06-01T11:47:26Z</time>
        <hdop>3</hdop>
        <extensions>
          <osmand:speed>0.6</osmand:speed>
        </extensions>
      </trkpt>
      <trkpt lat="-13.6012037" lon="-71.2302751">
        <ele>4265.2</ele>
        <time>2026-06-01T11:47:41Z</time>
        <hdop>3</hdop>
        <extensions>
          <osmand:speed>0.5</osmand:speed>
        </extensions>
      </trkpt>
      <trkpt lat="-13.6011618" lon="-71.2302348">
        <ele>4266.8</ele>
        <time>2026-06-01T11:47:57Z</time>
        <hdop>3</hdop>
        <extensions>
          <osmand:speed>0.4</osmand:speed>
        </extensions>
      </trkpt>
      <trkpt lat="-13.6011176" lon="-71.230226">
        <ele>4267.2</ele>
        <time>2026-06-01T11:48:12Z</time>
        <hdop>3</hdop>
        <extensions>
          <osmand:speed>0.6</osmand:speed>
        </extensions>
      </trkpt>
      <trkpt lat="-13.6010438" lon="-71.2301772">
        <ele>4270.8</ele>
        <time>2026-06-01T11:48:27Z</time>
        <hdop>3</hdop>
        <extensions>
          <osmand:speed>0.6</osmand:speed>
        </extensions>
      </trkpt>
      <trkpt lat="-13.6010417" lon="-71.23015">
        <ele>4272.7</ele>
        <time>2026-06-01T11:48:43Z</time>
        <hdop>1.5</hdop>
      </trkpt>
      <trkpt lat="-13.600995" lon="-71.230095">
        <ele>4276</ele>
        <time>2026-06-01T11:48:59Z</time>
        <hdop>1.5</hdop>
        <extensions>
          <osmand:speed>0.5</osmand:speed>
        </extensions>
      </trkpt>
      <trkpt lat="-13.6009658" lon="-71.2300418">
        <ele>4274.4</ele>
        <time>2026-06-01T11:49:14Z</time>
        <hdop>3</hdop>
        <extensions>
          <osmand:speed>0.7</osmand:speed>
        </extensions>
      </trkpt>
      <trkpt lat="-13.6009328" lon="-71.2299994">
        <ele>4276.7</ele>
        <time>2026-06-01T11:49:30Z</time>
        <hdop>3</hdop>
        <extensions>
          <osmand:speed>0.1</osmand:speed>
        </extensions>
      </trkpt>
      <trkpt lat="-13.6009327" lon="-71.2299987">
        <ele>4276.7</ele>
        <time>2026-06-01T11:49:45Z</time>
        <hdop>3</hdop>
        <extensions>
          <osmand:speed>0.1</osmand:speed>
        </extensions>
      </trkpt>
      <trkpt lat="-13.6009283" lon="-71.2299977">
        <ele>4277.3</ele>
        <time>2026-06-01T11:50:00Z</time>
        <hdop>3.3</hdop>
        <extensions>
          <osmand:speed>0.1</osmand:speed>
        </extensions>
      </trkpt>
      <trkpt lat="-13.6008456" lon="-71.2298648">
        <ele>4280</ele>
        <time>2026-06-01T11:50:16Z</time>
        <hdop>3</hdop>
        <extensions>
          <osmand:speed>0.5</osmand:speed>
        </extensions>
      </trkpt>
      <trkpt lat="-13.6008286" lon="-71.2298407">
        <ele>4282.8</ele>
        <time>2026-06-01T11:50:31Z</time>
        <hdop>3</hdop>
        <extensions>
          <osmand:speed>0.1</osmand:speed>
        </extensions>
      </trkpt>
      <trkpt lat="-13.600829" lon="-71.2298391">
        <ele>4282.8</ele>
        <time>2026-06-01T11:50:46Z</time>
        <hdop>3</hdop>
        <extensions>
          <osmand:speed>0.1</osmand:speed>
        </extensions>
      </trkpt>
      <trkpt lat="-13.6007969" lon="-71.2297892">
        <ele>4286.1</ele>
        <time>2026-06-01T11:51:02Z</time>
        <hdop>3</hdop>
        <extensions>
          <osmand:speed>0.1</osmand:speed>
        </extensions>
      </trkpt>
      <trkpt lat="-13.600758" lon="-71.2297563">
        <ele>4287.2</ele>
        <time>2026-06-01T11:51:17Z</time>
        <hdop>3</hdop>
        <extensions>
          <osmand:speed>0.1</osmand:speed>
        </extensions>
      </trkpt>
      <trkpt lat="-13.6007375" lon="-71.2297132">
        <ele>4288.6</ele>
        <time>2026-06-01T11:51:32Z</time>
        <hdop>3</hdop>
        <extensions>
          <osmand:speed>0.1</osmand:speed>
        </extensions>
      </trkpt>
      <trkpt lat="-13.6007064" lon="-71.2296487">
        <ele>4293.3</ele>
        <time>2026-06-01T11:51:47Z</time>
        <hdop>3</hdop>
        <extensions>
          <osmand:speed>0.5</osmand:speed>
        </extensions>
      </trkpt>
      <trkpt lat="-13.6006795" lon="-71.229617">
        <ele>4295.2</ele>
        <time>2026-06-01T11:52:02Z</time>
        <hdop>3</hdop>
        <extensions>
          <osmand:speed>0.1</osmand:speed>
        </extensions>
      </trkpt>
      <trkpt lat="-13.6006254" lon="-71.2295856">
        <ele>4293.3</ele>
        <time>2026-06-01T11:52:17Z</time>
        <hdop>3</hdop>
        <extensions>
          <osmand:speed>0.6</osmand:speed>
        </extensions>
      </trkpt>
      <trkpt lat="-13.6005716" lon="-71.229569">
        <ele>4295</ele>
        <time>2026-06-01T11:52:33Z</time>
        <hdop>3</hdop>
        <extensions>
          <osmand:speed>0.3</osmand:speed>
        </extensions>
      </trkpt>
      <trkpt lat="-13.6005439" lon="-71.2295751">
        <ele>4298.3</ele>
        <time>2026-06-01T11:52:48Z</time>
        <hdop>3</hdop>
        <extensions>
          <osmand:speed>0</osmand:speed>
        </extensions>
      </trkpt>
      <trkpt lat="-13.6005136" lon="-71.2295507">
        <ele>4297.9</ele>
        <time>2026-06-01T11:53:04Z</time>
        <hdop>3</hdop>
        <extensions>
          <osmand:speed>0.1</osmand:speed>
        </extensions>
      </trkpt>
      <trkpt lat="-13.6004486" lon="-71.229527">
        <ele>4302</ele>
        <time>2026-06-01T11:53:19Z</time>
        <hdop>3</hdop>
        <extensions>
          <osmand:speed>0.1</osmand:speed>
        </extensions>
      </trkpt>
      <trkpt lat="-13.600396" lon="-71.2294925">
        <ele>4304.1</ele>
        <time>2026-06-01T11:53:35Z</time>
        <hdop>3</hdop>
        <extensions>
          <osmand:speed>0.5</osmand:speed>
        </extensions>
      </trkpt>
      <trkpt lat="-13.6003993" lon="-71.229487">
        <ele>4304.2</ele>
        <time>2026-06-01T11:53:50Z</time>
        <hdop>3</hdop>
        <extensions>
          <osmand:speed>0.1</osmand:speed>
        </extensions>
      </trkpt>
      <trkpt lat="-13.6003273" lon="-71.2294089">
        <ele>4307.1</ele>
        <time>2026-06-01T11:54:06Z</time>
        <hdop>1.5</hdop>
        <extensions>
          <osmand:speed>0.5</osmand:speed>
        </extensions>
      </trkpt>
      <trkpt lat="-13.6003172" lon="-71.2293896">
        <ele>4308.3</ele>
        <time>2026-06-01T11:54:21Z</time>
        <hdop>3</hdop>
        <extensions>
          <osmand:speed>0</osmand:speed>
        </extensions>
      </trkpt>
      <trkpt lat="-13.6002941" lon="-71.2293687">
        <ele>4307.7</ele>
        <time>2026-06-01T11:54:36Z</time>
        <hdop>3</hdop>
        <extensions>
          <osmand:speed>0.1</osmand:speed>
        </extensions>
      </trkpt>
      <trkpt lat="-13.6002936" lon="-71.2293697">
        <ele>4307.7</ele>
        <time>2026-06-01T11:54:51Z</time>
        <hdop>3</hdop>
        <extensions>
          <osmand:speed>0.1</osmand:speed>
        </extensions>
      </trkpt>
      <trkpt lat="-13.600231" lon="-71.2293109">
        <ele>4311.7</ele>
        <time>2026-06-01T11:55:07Z</time>
        <hdop>3.3</hdop>
        <extensions>
          <osmand:speed>0.1</osmand:speed>
        </extensions>
      </trkpt>
      <trkpt lat="-13.6002302" lon="-71.2293036">
        <ele>4318.1</ele>
        <time>2026-06-01T11:55:22Z</time>
        <hdop>3</hdop>
        <extensions>
          <osmand:speed>0.1</osmand:speed>
        </extensions>
      </trkpt>
      <trkpt lat="-13.600215" lon="-71.229215">
        <ele>4318.4</ele>
        <time>2026-06-01T11:55:38Z</time>
        <hdop>1.4</hdop>
      </trkpt>
      <trkpt lat="-13.600215" lon="-71.229215">
        <ele>4318.4</ele>
        <time>2026-06-01T11:55:54Z</time>
        <hdop>1.5</hdop>
      </trkpt>
      <trkpt lat="-13.6001683" lon="-71.22912">
        <ele>4320.9</ele>
        <time>2026-06-01T11:56:10Z</time>
        <hdop>1.4</hdop>
        <extensions>
          <osmand:speed>0</osmand:speed>
        </extensions>
      </trkpt>
      <trkpt lat="-13.6001584" lon="-71.2290427">
        <ele>4324.2</ele>
        <time>2026-06-01T11:56:26Z</time>
        <hdop>1.5</hdop>
        <extensions>
          <osmand:speed>0.4</osmand:speed>
        </extensions>
      </trkpt>
      <trkpt lat="-13.6001229" lon="-71.2290056">
        <ele>4325.2</ele>
        <time>2026-06-01T11:56:41Z</time>
        <hdop>2.9</hdop>
        <extensions>
          <osmand:speed>0.5</osmand:speed>
        </extensions>
      </trkpt>
      <trkpt lat="-13.600096" lon="-71.2289763">
        <ele>4326.2</ele>
        <time>2026-06-01T11:56:57Z</time>
        <hdop>3</hdop>
        <extensions>
          <osmand:speed>0.1</osmand:speed>
        </extensions>
      </trkpt>
      <trkpt lat="-13.6000795" lon="-71.2289441">
        <ele>4327.4</ele>
        <time>2026-06-01T11:57:12Z</time>
        <hdop>3</hdop>
        <extensions>
          <osmand:speed>0.1</osmand:speed>
        </extensions>
      </trkpt>
      <trkpt lat="-13.6000785" lon="-71.2289411">
        <ele>4329.2</ele>
        <time>2026-06-01T11:57:27Z</time>
        <hdop>3</hdop>
        <extensions>
          <osmand:speed>0.2</osmand:speed>
        </extensions>
      </trkpt>
      <trkpt lat="-13.6000507" lon="-71.228778">
        <ele>4328.6</ele>
        <time>2026-06-01T11:57:42Z</time>
        <hdop>3</hdop>
        <extensions>
          <osmand:speed>0.7</osmand:speed>
        </extensions>
      </trkpt>
      <trkpt lat="-13.6000578" lon="-71.228679">
        <ele>4330.9</ele>
        <time>2026-06-01T11:57:58Z</time>
        <hdop>3</hdop>
        <extensions>
          <osmand:speed>0.8</osmand:speed>
        </extensions>
      </trkpt>
      <trkpt lat="-13.6000351" lon="-71.2285952">
        <ele>4331.8</ele>
        <time>2026-06-01T11:58:13Z</time>
        <hdop>3</hdop>
        <extensions>
          <osmand:speed>0.8</osmand:speed>
        </extensions>
      </trkpt>
      <trkpt lat="-13.6000191" lon="-71.2285167">
        <ele>4334</ele>
        <time>2026-06-01T11:58:28Z</time>
        <hdop>3</hdop>
        <extensions>
          <osmand:speed>0.8</osmand:speed>
        </extensions>
      </trkpt>
      <trkpt lat="-13.6000462" lon="-71.2284421">
        <ele>4333.8</ele>
        <time>2026-06-01T11:58:44Z</time>
        <hdop>3</hdop>
        <extensions>
          <osmand:speed>0.6</osmand:speed>
        </extensions>
      </trkpt>
      <trkpt lat="-13.6000041" lon="-71.2283488">
        <ele>4334.4</ele>
        <time>2026-06-01T11:58:59Z</time>
        <hdop>3</hdop>
        <extensions>
          <osmand:speed>0.8</osmand:speed>
        </extensions>
      </trkpt>
      <trkpt lat="-13.599986" lon="-71.2282777">
        <ele>4335.1</ele>
        <time>2026-06-01T11:59:15Z</time>
        <hdop>3</hdop>
        <extensions>
          <osmand:speed>0.7</osmand:speed>
        </extensions>
      </trkpt>
      <trkpt lat="-13.5999607" lon="-71.2281882">
        <ele>4339.4</ele>
        <time>2026-06-01T11:59:30Z</time>
        <hdop>3</hdop>
        <extensions>
          <osmand:speed>0.8</osmand:speed>
        </extensions>
      </trkpt>
      <trkpt lat="-13.5999652" lon="-71.2280927">
        <ele>4341.4</ele>
        <time>2026-06-01T11:59:45Z</time>
        <hdop>3</hdop>
        <extensions>
          <osmand:speed>0.8</osmand:speed>
        </extensions>
      </trkpt>
      <trkpt lat="-13.5999884" lon="-71.2279938">
        <ele>4341.7</ele>
        <time>2026-06-01T12:00:00Z</time>
        <hdop>3</hdop>
        <extensions>
          <osmand:speed>0.9</osmand:speed>
        </extensions>
      </trkpt>
      <trkpt lat="-13.5999635" lon="-71.2278869">
        <ele>4345.9</ele>
        <time>2026-06-01T12:00:15Z</time>
        <hdop>3</hdop>
        <extensions>
          <osmand:speed>0.8</osmand:speed>
        </extensions>
      </trkpt>
      <trkpt lat="-13.5998847" lon="-71.2278489">
        <ele>4345.9</ele>
        <time>2026-06-01T12:00:31Z</time>
        <hdop>3</hdop>
        <extensions>
          <osmand:speed>0.7</osmand:speed>
        </extensions>
      </trkpt>
      <trkpt lat="-13.599852" lon="-71.2277731">
        <ele>4349.4</ele>
        <time>2026-06-01T12:00:46Z</time>
        <hdop>3</hdop>
        <extensions>
          <osmand:speed>0.7</osmand:speed>
        </extensions>
      </trkpt>
      <trkpt lat="-13.5998554" lon="-71.2277705">
        <ele>4351.2</ele>
        <time>2026-06-01T12:01:02Z</time>
        <hdop>3</hdop>
        <extensions>
          <osmand:speed>0.1</osmand:speed>
        </extensions>
      </trkpt>
      <trkpt lat="-13.5998537" lon="-71.2277707">
        <ele>4351.2</ele>
        <time>2026-06-01T12:01:18Z</time>
        <hdop>3</hdop>
        <extensions>
          <osmand:speed>0</osmand:speed>
        </extensions>
      </trkpt>
      <trkpt lat="-13.5998182" lon="-71.2277221">
        <ele>4348.8</ele>
        <time>2026-06-01T12:01:33Z</time>
        <hdop>3</hdop>
        <extensions>
          <osmand:speed>0.8</osmand:speed>
        </extensions>
      </trkpt>
      <trkpt lat="-13.5997894" lon="-71.2276593">
        <ele>4347.2</ele>
        <time>2026-06-01T12:01:48Z</time>
        <hdop>3</hdop>
        <extensions>
          <osmand:speed>0.8</osmand:speed>
        </extensions>
      </trkpt>
      <trkpt lat="-13.5997409" lon="-71.2275842">
        <ele>4348.8</ele>
        <time>2026-06-01T12:02:04Z</time>
        <hdop>3</hdop>
        <extensions>
          <osmand:speed>0.7</osmand:speed>
        </extensions>
      </trkpt>
      <trkpt lat="-13.5996686" lon="-71.2275404">
        <ele>4351.7</ele>
        <time>2026-06-01T12:02:19Z</time>
        <hdop>3</hdop>
        <extensions>
          <osmand:speed>0.7</osmand:speed>
        </extensions>
      </trkpt>
      <trkpt lat="-13.5996534" lon="-71.2275434">
        <ele>4353.6</ele>
        <time>2026-06-01T12:02:35Z</time>
        <hdop>3</hdop>
        <extensions>
          <osmand:speed>0</osmand:speed>
        </extensions>
      </trkpt>
      <trkpt lat="-13.5996512" lon="-71.2275444">
        <ele>4353.6</ele>
        <time>2026-06-01T12:02:50Z</time>
        <hdop>3</hdop>
        <extensions>
          <osmand:speed>0.1</osmand:speed>
        </extensions>
      </trkpt>
      <trkpt lat="-13.5996542" lon="-71.2275433">
        <ele>4353.6</ele>
        <time>2026-06-01T12:03:06Z</time>
        <hdop>3</hdop>
        <extensions>
          <osmand:speed>0</osmand:speed>
        </extensions>
      </trkpt>
      <trkpt lat="-13.5996649" lon="-71.2275406">
        <ele>4352.3</ele>
        <time>2026-06-01T12:03:21Z</time>
        <hdop>3</hdop>
        <extensions>
          <osmand:speed>0</osmand:speed>
        </extensions>
      </trkpt>
      <trkpt lat="-13.5996655" lon="-71.2275402">
        <ele>4352.3</ele>
        <time>2026-06-01T12:03:37Z</time>
        <hdop>3</hdop>
        <extensions>
          <osmand:speed>0</osmand:speed>
        </extensions>
      </trkpt>
      <trkpt lat="-13.5996634" lon="-71.2275405">
        <ele>4352.3</ele>
        <time>2026-06-01T12:03:53Z</time>
        <hdop>3</hdop>
        <extensions>
          <osmand:speed>0.1</osmand:speed>
        </extensions>
      </trkpt>
      <trkpt lat="-13.5996654" lon="-71.2275398">
        <ele>4352.3</ele>
        <time>2026-06-01T12:04:09Z</time>
        <hdop>3</hdop>
        <extensions>
          <osmand:speed>0</osmand:speed>
        </extensions>
      </trkpt>
      <trkpt lat="-13.5996655" lon="-71.2275408">
        <ele>4352.3</ele>
        <time>2026-06-01T12:04:24Z</time>
        <hdop>3</hdop>
        <extensions>
          <osmand:speed>0.1</osmand:speed>
        </extensions>
      </trkpt>
      <trkpt lat="-13.5996657" lon="-71.2275398">
        <ele>4352.3</ele>
        <time>2026-06-01T12:04:40Z</time>
        <hdop>3</hdop>
        <extensions>
          <osmand:speed>0</osmand:speed>
        </extensions>
      </trkpt>
      <trkpt lat="-13.5996657" lon="-71.2275399">
        <ele>4355.2</ele>
        <time>2026-06-01T12:04:55Z</time>
        <hdop>3</hdop>
        <extensions>
          <osmand:speed>0</osmand:speed>
        </extensions>
      </trkpt>
      <trkpt lat="-13.5996653" lon="-71.2275207">
        <ele>4355.3</ele>
        <time>2026-06-01T12:05:11Z</time>
        <hdop>3</hdop>
        <extensions>
          <osmand:speed>0.1</osmand:speed>
        </extensions>
      </trkpt>
      <trkpt lat="-13.5996617" lon="-71.2275183">
        <ele>4355.3</ele>
        <time>2026-06-01T12:05:28Z</time>
        <hdop>1.5</hdop>
      </trkpt>
      <trkpt lat="-13.5996625" lon="-71.2275185">
        <ele>4355.3</ele>
        <time>2026-06-01T12:05:43Z</time>
        <hdop>3</hdop>
        <extensions>
          <osmand:speed>0.1</osmand:speed>
        </extensions>
      </trkpt>
      <trkpt lat="-13.5996614" lon="-71.2275175">
        <ele>4355.3</ele>
        <time>2026-06-01T12:05:59Z</time>
        <hdop>3</hdop>
        <extensions>
          <osmand:speed>0</osmand:speed>
        </extensions>
      </trkpt>
      <trkpt lat="-13.5996681" lon="-71.227538">
        <ele>4349.4</ele>
        <time>2026-06-01T12:06:14Z</time>
        <hdop>3</hdop>
        <extensions>
          <osmand:speed>0</osmand:speed>
        </extensions>
      </trkpt>
      <trkpt lat="-13.5996687" lon="-71.227543">
        <ele>4349.4</ele>
        <time>2026-06-01T12:06:30Z</time>
        <hdop>3</hdop>
        <extensions>
          <osmand:speed>0.1</osmand:speed>
        </extensions>
      </trkpt>
      <trkpt lat="-13.5996465" lon="-71.227536">
        <ele>4352.9</ele>
        <time>2026-06-01T12:06:45Z</time>
        <hdop>3</hdop>
        <extensions>
          <osmand:speed>0.2</osmand:speed>
        </extensions>
      </trkpt>
      <trkpt lat="-13.5995879" lon="-71.2275072">
        <ele>4354.8</ele>
        <time>2026-06-01T12:07:00Z</time>
        <hdop>3</hdop>
        <extensions>
          <osmand:speed>0.7</osmand:speed>
        </extensions>
      </trkpt>
      <trkpt lat="-13.5995537" lon="-71.2274835">
        <ele>4356.6</ele>
        <time>2026-06-01T12:07:16Z</time>
        <hdop>3</hdop>
        <extensions>
          <osmand:speed>0</osmand:speed>
        </extensions>
      </trkpt>
      <trkpt lat="-13.5995583" lon="-71.2274817">
        <ele>4356.6</ele>
        <time>2026-06-01T12:07:32Z</time>
        <hdop>3</hdop>
        <extensions>
          <osmand:speed>0.1</osmand:speed>
        </extensions>
      </trkpt>
      <trkpt lat="-13.5995588" lon="-71.2274829">
        <ele>4356.6</ele>
        <time>2026-06-01T12:07:47Z</time>
        <hdop>3</hdop>
        <extensions>
          <osmand:speed>0</osmand:speed>
        </extensions>
      </trkpt>
      <trkpt lat="-13.599559" lon="-71.227481">
        <ele>4356.6</ele>
        <time>2026-06-01T12:08:03Z</time>
        <hdop>3</hdop>
        <extensions>
          <osmand:speed>0.1</osmand:speed>
        </extensions>
      </trkpt>
      <trkpt lat="-13.5995603" lon="-71.2274852">
        <ele>4355.8</ele>
        <time>2026-06-01T12:08:19Z</time>
        <hdop>3</hdop>
        <extensions>
          <osmand:speed>0.1</osmand:speed>
        </extensions>
      </trkpt>
      <trkpt lat="-13.5995636" lon="-71.2274892">
        <ele>4355.8</ele>
        <time>2026-06-01T12:08:35Z</time>
        <hdop>3</hdop>
        <extensions>
          <osmand:speed>0.1</osmand:speed>
        </extensions>
      </trkpt>
      <trkpt lat="-13.599563" lon="-71.2274887">
        <ele>4355.8</ele>
        <time>2026-06-01T12:08:50Z</time>
        <hdop>3</hdop>
        <extensions>
          <osmand:speed>0</osmand:speed>
        </extensions>
      </trkpt>
      <trkpt lat="-13.5995635" lon="-71.2274886">
        <ele>4355.8</ele>
        <time>2026-06-01T12:09:06Z</time>
        <hdop>3</hdop>
        <extensions>
          <osmand:speed>0.1</osmand:speed>
        </extensions>
      </trkpt>
      <trkpt lat="-13.5995621" lon="-71.2274883">
        <ele>4355.8</ele>
        <time>2026-06-01T12:09:22Z</time>
        <hdop>3</hdop>
        <extensions>
          <osmand:speed>0.1</osmand:speed>
        </extensions>
      </trkpt>
      <trkpt lat="-13.5995611" lon="-71.2274891">
        <ele>4355.8</ele>
        <time>2026-06-01T12:09:38Z</time>
        <hdop>3</hdop>
        <extensions>
          <osmand:speed>0.1</osmand:speed>
        </extensions>
      </trkpt>
      <trkpt lat="-13.5995932" lon="-71.2274542">
        <ele>4356.1</ele>
        <time>2026-06-01T12:09:54Z</time>
        <hdop>3</hdop>
        <extensions>
          <osmand:speed>0.3</osmand:speed>
        </extensions>
      </trkpt>
      <trkpt lat="-13.5996526" lon="-71.2275348">
        <ele>4354</ele>
        <time>2026-06-01T12:10:09Z</time>
        <hdop>3</hdop>
        <extensions>
          <osmand:speed>0</osmand:speed>
        </extensions>
      </trkpt>
      <trkpt lat="-13.5996581" lon="-71.2275253">
        <ele>4353</ele>
        <time>2026-06-01T12:10:25Z</time>
        <hdop>3</hdop>
        <extensions>
          <osmand:speed>0</osmand:speed>
        </extensions>
      </trkpt>
      <trkpt lat="-13.5996585" lon="-71.2275281">
        <ele>4353</ele>
        <time>2026-06-01T12:10:40Z</time>
        <hdop>3</hdop>
        <extensions>
          <osmand:speed>0.1</osmand:speed>
        </extensions>
      </trkpt>
      <trkpt lat="-13.5996588" lon="-71.2275253">
        <ele>4353</ele>
        <time>2026-06-01T12:10:56Z</time>
        <hdop>3</hdop>
        <extensions>
          <osmand:speed>0</osmand:speed>
        </extensions>
      </trkpt>
      <trkpt lat="-13.599658" lon="-71.2275249">
        <ele>4353</ele>
        <time>2026-06-01T12:11:12Z</time>
        <hdop>3</hdop>
        <extensions>
          <osmand:speed>0.1</osmand:speed>
        </extensions>
      </trkpt>
      <trkpt lat="-13.5996402" lon="-71.2275309">
        <ele>4353.2</ele>
        <time>2026-06-01T12:11:27Z</time>
        <hdop>3</hdop>
        <extensions>
          <osmand:speed>0.1</osmand:speed>
        </extensions>
      </trkpt>
      <trkpt lat="-13.5996576" lon="-71.22754">
        <ele>4352.3</ele>
        <time>2026-06-01T12:11:43Z</time>
        <hdop>3</hdop>
        <extensions>
          <osmand:speed>0</osmand:speed>
        </extensions>
      </trkpt>
      <trkpt lat="-13.5996578" lon="-71.2275403">
        <ele>4352.3</ele>
        <time>2026-06-01T12:11:59Z</time>
        <hdop>3</hdop>
        <extensions>
          <osmand:speed>0.1</osmand:speed>
        </extensions>
      </trkpt>
      <trkpt lat="-13.5996586" lon="-71.227541">
        <ele>4352.3</ele>
        <time>2026-06-01T12:12:15Z</time>
        <hdop>3</hdop>
        <extensions>
          <osmand:speed>0</osmand:speed>
        </extensions>
      </trkpt>
      <trkpt lat="-13.5996576" lon="-71.2275424">
        <ele>4352.3</ele>
        <time>2026-06-01T12:12:31Z</time>
        <hdop>3</hdop>
        <extensions>
          <osmand:speed>0.1</osmand:speed>
        </extensions>
      </trkpt>
      <trkpt lat="-13.5996592" lon="-71.2275404">
        <ele>4352.3</ele>
        <time>2026-06-01T12:12:47Z</time>
        <hdop>3</hdop>
        <extensions>
          <osmand:speed>0.1</osmand:speed>
        </extensions>
      </trkpt>
      <trkpt lat="-13.5996583" lon="-71.22754">
        <ele>4352.3</ele>
        <time>2026-06-01T12:13:03Z</time>
        <hdop>1.2</hdop>
      </trkpt>
      <trkpt lat="-13.5996583" lon="-71.22754">
        <ele>4352.3</ele>
        <time>2026-06-01T12:13:19Z</time>
        <hdop>1.2</hdop>
      </trkpt>
      <trkpt lat="-13.5996583" lon="-71.22754">
        <ele>4352.3</ele>
        <time>2026-06-01T12:13:35Z</time>
        <hdop>1.3</hdop>
      </trkpt>
      <trkpt lat="-13.5996583" lon="-71.22754">
        <ele>4352.3</ele>
        <time>2026-06-01T12:13:51Z</time>
        <hdop>1.2</hdop>
      </trkpt>
      <trkpt lat="-13.5996583" lon="-71.22754">
        <ele>4352.3</ele>
        <time>2026-06-01T12:14:07Z</time>
        <hdop>1.2</hdop>
      </trkpt>
      <trkpt lat="-13.5996583" lon="-71.22754">
        <ele>4352.3</ele>
        <time>2026-06-01T12:14:23Z</time>
        <hdop>1.2</hdop>
      </trkpt>
      <trkpt lat="-13.5996583" lon="-71.22754">
        <ele>4352.3</ele>
        <time>2026-06-01T12:14:39Z</time>
        <hdop>1.2</hdop>
      </trkpt>
      <trkpt lat="-13.5996583" lon="-71.22754">
        <ele>4352.3</ele>
        <time>2026-06-01T12:14:55Z</time>
        <hdop>1.4</hdop>
      </trkpt>
      <trkpt lat="-13.5996583" lon="-71.22754">
        <ele>4352.3</ele>
        <time>2026-06-01T12:15:11Z</time>
        <hdop>1.2</hdop>
      </trkpt>
      <trkpt lat="-13.5996583" lon="-71.22754">
        <ele>4352.3</ele>
        <time>2026-06-01T12:15:27Z</time>
        <hdop>1.3</hdop>
      </trkpt>
      <trkpt lat="-13.5996583" lon="-71.22754">
        <ele>4352.3</ele>
        <time>2026-06-01T12:15:43Z</time>
        <hdop>1.4</hdop>
      </trkpt>
      <trkpt lat="-13.5996583" lon="-71.22754">
        <ele>4352.3</ele>
        <time>2026-06-01T12:15:59Z</time>
        <hdop>1.4</hdop>
      </trkpt>
      <trkpt lat="-13.5996583" lon="-71.22754">
        <ele>4352.3</ele>
        <time>2026-06-01T12:16:14Z</time>
        <hdop>1.5</hdop>
      </trkpt>
      <trkpt lat="-13.5996583" lon="-71.22754">
        <ele>4352.3</ele>
        <time>2026-06-01T12:16:30Z</time>
        <hdop>1.3</hdop>
      </trkpt>
      <trkpt lat="-13.5996567" lon="-71.2275367">
        <ele>4354.2</ele>
        <time>2026-06-01T12:16:46Z</time>
        <hdop>1.4</hdop>
      </trkpt>
      <trkpt lat="-13.5996583" lon="-71.2275367">
        <ele>4354</ele>
        <time>2026-06-01T12:17:02Z</time>
        <hdop>1.2</hdop>
      </trkpt>
      <trkpt lat="-13.5996583" lon="-71.2275367">
        <ele>4354</ele>
        <time>2026-06-01T12:17:18Z</time>
        <hdop>1.4</hdop>
      </trkpt>
      <trkpt lat="-13.5996583" lon="-71.2275367">
        <ele>4354</ele>
        <time>2026-06-01T12:17:34Z</time>
        <hdop>1.4</hdop>
      </trkpt>
      <trkpt lat="-13.5996583" lon="-71.2275367">
        <ele>4354</ele>
        <time>2026-06-01T12:17:50Z</time>
        <hdop>1.4</hdop>
      </trkpt>
      <trkpt lat="-13.5996583" lon="-71.2275367">
        <ele>4354</ele>
        <time>2026-06-01T12:18:06Z</time>
        <hdop>1.4</hdop>
      </trkpt>
      <trkpt lat="-13.5996583" lon="-71.2275367">
        <ele>4354</ele>
        <time>2026-06-01T12:18:22Z</time>
        <hdop>1.5</hdop>
      </trkpt>
      <trkpt lat="-13.5996583" lon="-71.2275367">
        <ele>4354</ele>
        <time>2026-06-01T12:18:38Z</time>
        <hdop>1.5</hdop>
      </trkpt>
      <trkpt lat="-13.5996583" lon="-71.2275367">
        <ele>4354</ele>
        <time>2026-06-01T12:18:54Z</time>
        <hdop>1.4</hdop>
      </trkpt>
      <trkpt lat="-13.5996583" lon="-71.2275367">
        <ele>4354</ele>
        <time>2026-06-01T12:19:10Z</time>
        <hdop>1.3</hdop>
      </trkpt>
      <trkpt lat="-13.5996583" lon="-71.2275367">
        <ele>4354</ele>
        <time>2026-06-01T12:19:26Z</time>
        <hdop>1.5</hdop>
      </trkpt>
      <trkpt lat="-13.5996583" lon="-71.2275367">
        <ele>4354</ele>
        <time>2026-06-01T12:19:42Z</time>
        <hdop>1.2</hdop>
      </trkpt>
      <trkpt lat="-13.5996583" lon="-71.2275367">
        <ele>4354</ele>
        <time>2026-06-01T12:19:57Z</time>
        <hdop>1.4</hdop>
      </trkpt>
      <trkpt lat="-13.5996583" lon="-71.2275367">
        <ele>4354</ele>
        <time>2026-06-01T12:20:13Z</time>
        <hdop>1.4</hdop>
      </trkpt>
      <trkpt lat="-13.5996783" lon="-71.2275267">
        <ele>4351.7</ele>
        <time>2026-06-01T12:20:29Z</time>
        <hdop>1.8</hdop>
      </trkpt>
      <trkpt lat="-13.599675" lon="-71.2275083">
        <ele>4355.6</ele>
        <time>2026-06-01T12:20:45Z</time>
        <hdop>1.5</hdop>
        <extensions>
          <osmand:speed>0.4</osmand:speed>
        </extensions>
      </trkpt>
      <trkpt lat="-13.5996533" lon="-71.227535">
        <ele>4353.9</ele>
        <time>2026-06-01T12:21:01Z</time>
        <hdop>1.3</hdop>
      </trkpt>
      <trkpt lat="-13.5996533" lon="-71.227535">
        <ele>4353.9</ele>
        <time>2026-06-01T12:21:17Z</time>
        <hdop>1.3</hdop>
      </trkpt>
      <trkpt lat="-13.5996521" lon="-71.2275346">
        <ele>4353.9</ele>
        <time>2026-06-01T12:21:33Z</time>
        <hdop>1.6</hdop>
        <extensions>
          <osmand:speed>0.1</osmand:speed>
        </extensions>
      </trkpt>
      <trkpt lat="-13.5996526" lon="-71.2275346">
        <ele>4353.9</ele>
        <time>2026-06-01T12:21:49Z</time>
        <hdop>3</hdop>
        <extensions>
          <osmand:speed>0.1</osmand:speed>
        </extensions>
      </trkpt>
      <trkpt lat="-13.5996521" lon="-71.2275351">
        <ele>4353.9</ele>
        <time>2026-06-01T12:22:04Z</time>
        <hdop>3</hdop>
        <extensions>
          <osmand:speed>0.1</osmand:speed>
        </extensions>
      </trkpt>
      <trkpt lat="-13.5996524" lon="-71.227536">
        <ele>4353.9</ele>
        <time>2026-06-01T12:22:20Z</time>
        <hdop>3</hdop>
        <extensions>
          <osmand:speed>0</osmand:speed>
        </extensions>
      </trkpt>
      <trkpt lat="-13.5996533" lon="-71.2275355">
        <ele>4353.9</ele>
        <time>2026-06-01T12:22:36Z</time>
        <hdop>3</hdop>
        <extensions>
          <osmand:speed>0.1</osmand:speed>
        </extensions>
      </trkpt>
      <trkpt lat="-13.5996526" lon="-71.2275337">
        <ele>4353.9</ele>
        <time>2026-06-01T12:22:52Z</time>
        <hdop>3</hdop>
        <extensions>
          <osmand:speed>0.1</osmand:speed>
        </extensions>
      </trkpt>
      <trkpt lat="-13.5996517" lon="-71.227533">
        <ele>4353.9</ele>
        <time>2026-06-01T12:23:07Z</time>
        <hdop>3</hdop>
        <extensions>
          <osmand:speed>0</osmand:speed>
        </extensions>
      </trkpt>
      <trkpt lat="-13.5996533" lon="-71.2275346">
        <ele>4353.9</ele>
        <time>2026-06-01T12:23:23Z</time>
        <hdop>3</hdop>
        <extensions>
          <osmand:speed>0</osmand:speed>
        </extensions>
      </trkpt>
      <trkpt lat="-13.5996508" lon="-71.2275347">
        <ele>4353.9</ele>
        <time>2026-06-01T12:23:39Z</time>
        <hdop>3</hdop>
        <extensions>
          <osmand:speed>0.1</osmand:speed>
        </extensions>
      </trkpt>
      <trkpt lat="-13.5996511" lon="-71.2275362">
        <ele>4353.9</ele>
        <time>2026-06-01T12:23:54Z</time>
        <hdop>3</hdop>
        <extensions>
          <osmand:speed>0.1</osmand:speed>
        </extensions>
      </trkpt>
      <trkpt lat="-13.5996533" lon="-71.227535">
        <ele>4353.9</ele>
        <time>2026-06-01T12:24:10Z</time>
        <hdop>1.7</hdop>
      </trkpt>
      <trkpt lat="-13.5996533" lon="-71.227535">
        <ele>4353.9</ele>
        <time>2026-06-01T12:24:25Z</time>
        <hdop>1.5</hdop>
      </trkpt>
      <trkpt lat="-13.5996533" lon="-71.227535">
        <ele>4353.9</ele>
        <time>2026-06-01T12:24:41Z</time>
        <hdop>1.6</hdop>
      </trkpt>
      <trkpt lat="-13.5996533" lon="-71.227535">
        <ele>4353.9</ele>
        <time>2026-06-01T12:24:57Z</time>
        <hdop>1.6</hdop>
      </trkpt>
      <trkpt lat="-13.5996533" lon="-71.227535">
        <ele>4353.9</ele>
        <time>2026-06-01T12:25:13Z</time>
        <hdop>1.6</hdop>
      </trkpt>
      <trkpt lat="-13.5996533" lon="-71.227535">
        <ele>4353.9</ele>
        <time>2026-06-01T12:25:29Z</time>
        <hdop>1.5</hdop>
      </trkpt>
      <trkpt lat="-13.5996533" lon="-71.227535">
        <ele>4353.9</ele>
        <time>2026-06-01T12:25:45Z</time>
        <hdop>1.5</hdop>
      </trkpt>
      <trkpt lat="-13.5996533" lon="-71.227535">
        <ele>4353.9</ele>
        <time>2026-06-01T12:26:01Z</time>
        <hdop>1.7</hdop>
      </trkpt>
      <trkpt lat="-13.5996483" lon="-71.2275517">
        <ele>4350</ele>
        <time>2026-06-01T12:26:17Z</time>
        <hdop>1.4</hdop>
      </trkpt>
      <trkpt lat="-13.5996483" lon="-71.2275517">
        <ele>4350</ele>
        <time>2026-06-01T12:26:33Z</time>
        <hdop>1.3</hdop>
      </trkpt>
      <trkpt lat="-13.5996483" lon="-71.2275517">
        <ele>4350</ele>
        <time>2026-06-01T12:26:49Z</time>
        <hdop>1.4</hdop>
      </trkpt>
      <trkpt lat="-13.5996483" lon="-71.2275517">
        <ele>4350</ele>
        <time>2026-06-01T12:27:05Z</time>
        <hdop>1.3</hdop>
      </trkpt>
      <trkpt lat="-13.5996483" lon="-71.2275517">
        <ele>4350</ele>
        <time>2026-06-01T12:27:21Z</time>
        <hdop>1.3</hdop>
      </trkpt>
      <trkpt lat="-13.5996483" lon="-71.2275517">
        <ele>4350</ele>
        <time>2026-06-01T12:27:37Z</time>
        <hdop>1.3</hdop>
      </trkpt>
      <trkpt lat="-13.5996483" lon="-71.2275517">
        <ele>4350</ele>
        <time>2026-06-01T12:27:53Z</time>
        <hdop>1.3</hdop>
      </trkpt>
      <trkpt lat="-13.5996483" lon="-71.2275517">
        <ele>4350</ele>
        <time>2026-06-01T12:28:08Z</time>
        <hdop>1.5</hdop>
      </trkpt>
      <trkpt lat="-13.5996483" lon="-71.2275517">
        <ele>4350</ele>
        <time>2026-06-01T12:28:24Z</time>
        <hdop>1.3</hdop>
      </trkpt>
      <trkpt lat="-13.5996483" lon="-71.2275517">
        <ele>4350</ele>
        <time>2026-06-01T12:28:40Z</time>
        <hdop>1.5</hdop>
      </trkpt>
      <trkpt lat="-13.5996483" lon="-71.2275517">
        <ele>4350</ele>
        <time>2026-06-01T12:28:56Z</time>
        <hdop>1.4</hdop>
      </trkpt>
      <trkpt lat="-13.5996483" lon="-71.2275517">
        <ele>4350</ele>
        <time>2026-06-01T12:29:12Z</time>
        <hdop>1.3</hdop>
      </trkpt>
      <trkpt lat="-13.5996483" lon="-71.2275517">
        <ele>4350</ele>
        <time>2026-06-01T12:29:28Z</time>
        <hdop>1.3</hdop>
      </trkpt>
      <trkpt lat="-13.5996483" lon="-71.2275517">
        <ele>4350</ele>
        <time>2026-06-01T12:29:44Z</time>
        <hdop>1.3</hdop>
      </trkpt>
      <trkpt lat="-13.5996483" lon="-71.2275517">
        <ele>4350</ele>
        <time>2026-06-01T12:29:59Z</time>
        <hdop>1.4</hdop>
      </trkpt>
      <trkpt lat="-13.5996483" lon="-71.2275517">
        <ele>4350</ele>
        <time>2026-06-01T12:30:15Z</time>
        <hdop>1.4</hdop>
      </trkpt>
      <trkpt lat="-13.5996483" lon="-71.2275517">
        <ele>4350</ele>
        <time>2026-06-01T12:30:31Z</time>
        <hdop>1.6</hdop>
      </trkpt>
      <trkpt lat="-13.5996483" lon="-71.2275517">
        <ele>4350</ele>
        <time>2026-06-01T12:30:46Z</time>
        <hdop>1.6</hdop>
      </trkpt>
      <trkpt lat="-13.5996483" lon="-71.2275517">
        <ele>4350</ele>
        <time>2026-06-01T12:31:02Z</time>
        <hdop>1.4</hdop>
      </trkpt>
      <trkpt lat="-13.5996483" lon="-71.2275517">
        <ele>4350</ele>
        <time>2026-06-01T12:31:17Z</time>
        <hdop>1.5</hdop>
      </trkpt>
      <trkpt lat="-13.5996483" lon="-71.2275517">
        <ele>4350</ele>
        <time>2026-06-01T12:31:33Z</time>
        <hdop>1.5</hdop>
      </trkpt>
      <trkpt lat="-13.5996483" lon="-71.2275517">
        <ele>4350</ele>
        <time>2026-06-01T12:31:49Z</time>
        <hdop>1.5</hdop>
      </trkpt>
      <trkpt lat="-13.5996483" lon="-71.2275517">
        <ele>4350</ele>
        <time>2026-06-01T12:32:04Z</time>
        <hdop>1.4</hdop>
      </trkpt>
      <trkpt lat="-13.5996483" lon="-71.2275517">
        <ele>4350</ele>
        <time>2026-06-01T12:32:20Z</time>
        <hdop>1.5</hdop>
      </trkpt>
      <trkpt lat="-13.5996483" lon="-71.2275517">
        <ele>4350</ele>
        <time>2026-06-01T12:32:35Z</time>
        <hdop>1.4</hdop>
      </trkpt>
      <trkpt lat="-13.5996617" lon="-71.2275283">
        <ele>4350.1</ele>
        <time>2026-06-01T12:32:51Z</time>
        <hdop>1.4</hdop>
      </trkpt>
      <trkpt lat="-13.5996617" lon="-71.2275283">
        <ele>4350.1</ele>
        <time>2026-06-01T12:33:07Z</time>
        <hdop>1.3</hdop>
      </trkpt>
      <trkpt lat="-13.5996617" lon="-71.2275283">
        <ele>4350.1</ele>
        <time>2026-06-01T12:33:23Z</time>
        <hdop>1.3</hdop>
      </trkpt>
      <trkpt lat="-13.5996617" lon="-71.2275283">
        <ele>4350.1</ele>
        <time>2026-06-01T12:33:39Z</time>
        <hdop>1.3</hdop>
      </trkpt>
      <trkpt lat="-13.5996617" lon="-71.2275283">
        <ele>4350.1</ele>
        <time>2026-06-01T12:33:55Z</time>
        <hdop>1.3</hdop>
      </trkpt>
      <trkpt lat="-13.5996617" lon="-71.2275283">
        <ele>4350.1</ele>
        <time>2026-06-01T12:34:10Z</time>
        <hdop>1.4</hdop>
      </trkpt>
      <trkpt lat="-13.5996617" lon="-71.2275283">
        <ele>4350.1</ele>
        <time>2026-06-01T12:34:26Z</time>
        <hdop>1.4</hdop>
      </trkpt>
      <trkpt lat="-13.5996617" lon="-71.2275283">
        <ele>4350.1</ele>
        <time>2026-06-01T12:34:42Z</time>
        <hdop>1.3</hdop>
      </trkpt>
      <trkpt lat="-13.5996617" lon="-71.2275283">
        <ele>4350.1</ele>
        <time>2026-06-01T12:34:58Z</time>
        <hdop>1.5</hdop>
      </trkpt>
      <trkpt lat="-13.5996617" lon="-71.2275283">
        <ele>4350.1</ele>
        <time>2026-06-01T12:35:14Z</time>
        <hdop>1.3</hdop>
      </trkpt>
      <trkpt lat="-13.5996617" lon="-71.2275283">
        <ele>4350.1</ele>
        <time>2026-06-01T12:35:30Z</time>
        <hdop>1.4</hdop>
      </trkpt>
      <trkpt lat="-13.5996617" lon="-71.2275283">
        <ele>4350.1</ele>
        <time>2026-06-01T12:35:46Z</time>
        <hdop>1.6</hdop>
      </trkpt>
      <trkpt lat="-13.5996617" lon="-71.2275283">
        <ele>4350.1</ele>
        <time>2026-06-01T12:36:02Z</time>
        <hdop>1.5</hdop>
      </trkpt>
      <trkpt lat="-13.5996642" lon="-71.227517">
        <ele>4355.7</ele>
        <time>2026-06-01T12:36:17Z</time>
        <hdop>2.8</hdop>
        <extensions>
          <osmand:speed>0.3</osmand:speed>
        </extensions>
      </trkpt>
      <trkpt lat="-13.5996468" lon="-71.2274998">
        <ele>4355.2</ele>
        <time>2026-06-01T12:36:33Z</time>
        <hdop>3</hdop>
        <extensions>
          <osmand:speed>0.3</osmand:speed>
        </extensions>
      </trkpt>
      <trkpt lat="-13.5996018" lon="-71.2274856">
        <ele>4355.2</ele>
        <time>2026-06-01T12:36:48Z</time>
        <hdop>3</hdop>
        <extensions>
          <osmand:speed>0.1</osmand:speed>
        </extensions>
      </trkpt>
      <trkpt lat="-13.599603" lon="-71.2274582">
        <ele>4355.9</ele>
        <time>2026-06-01T12:37:04Z</time>
        <hdop>3</hdop>
        <extensions>
          <osmand:speed>0.1</osmand:speed>
        </extensions>
      </trkpt>
      <trkpt lat="-13.5996033" lon="-71.2274567">
        <ele>4355.9</ele>
        <time>2026-06-01T12:37:20Z</time>
        <hdop>1.5</hdop>
      </trkpt>
      <trkpt lat="-13.5996033" lon="-71.2274567">
        <ele>4355.9</ele>
        <time>2026-06-01T12:37:35Z</time>
        <hdop>1.5</hdop>
      </trkpt>
      <trkpt lat="-13.5996133" lon="-71.2274483">
        <ele>4353.6</ele>
        <time>2026-06-01T12:37:51Z</time>
        <hdop>1.5</hdop>
        <extensions>
          <osmand:speed>0.3</osmand:speed>
        </extensions>
      </trkpt>
      <trkpt lat="-13.5996017" lon="-71.2274267">
        <ele>4356.3</ele>
        <time>2026-06-01T12:38:06Z</time>
        <hdop>1.6</hdop>
        <extensions>
          <osmand:speed>0.3</osmand:speed>
        </extensions>
      </trkpt>
      <trkpt lat="-13.599575" lon="-71.2273883">
        <ele>4358.3</ele>
        <time>2026-06-01T12:38:22Z</time>
        <hdop>1.6</hdop>
      </trkpt>
      <trkpt lat="-13.5995357" lon="-71.2273335">
        <ele>4355.3</ele>
        <time>2026-06-01T12:38:38Z</time>
        <hdop>3</hdop>
        <extensions>
          <osmand:speed>0.5</osmand:speed>
        </extensions>
      </trkpt>
      <trkpt lat="-13.5995043" lon="-71.2272449">
        <ele>4355.6</ele>
        <time>2026-06-01T12:38:53Z</time>
        <hdop>3</hdop>
        <extensions>
          <osmand:speed>0.8</osmand:speed>
        </extensions>
      </trkpt>
      <trkpt lat="-13.5994844" lon="-71.2271709">
        <ele>4356.1</ele>
        <time>2026-06-01T12:39:09Z</time>
        <hdop>3</hdop>
        <extensions>
          <osmand:speed>0.5</osmand:speed>
        </extensions>
      </trkpt>
      <trkpt lat="-13.5994607" lon="-71.2270888">
        <ele>4360.1</ele>
        <time>2026-06-01T12:39:24Z</time>
        <hdop>3</hdop>
        <extensions>
          <osmand:speed>0.7</osmand:speed>
        </extensions>
      </trkpt>
      <trkpt lat="-13.5994235" lon="-71.2270088">
        <ele>4365.1</ele>
        <time>2026-06-01T12:39:39Z</time>
        <hdop>3</hdop>
        <extensions>
          <osmand:speed>0.8</osmand:speed>
        </extensions>
      </trkpt>
      <trkpt lat="-13.5993894" lon="-71.226928">
        <ele>4365.6</ele>
        <time>2026-06-01T12:39:54Z</time>
        <hdop>3</hdop>
        <extensions>
          <osmand:speed>0.9</osmand:speed>
        </extensions>
      </trkpt>
      <trkpt lat="-13.5993235" lon="-71.2268281">
        <ele>4367.4</ele>
        <time>2026-06-01T12:40:10Z</time>
        <hdop>3</hdop>
        <extensions>
          <osmand:speed>0.9</osmand:speed>
        </extensions>
      </trkpt>
      <trkpt lat="-13.5992557" lon="-71.2267263">
        <ele>4367</ele>
        <time>2026-06-01T12:40:25Z</time>
        <hdop>3</hdop>
        <extensions>
          <osmand:speed>0.9</osmand:speed>
        </extensions>
      </trkpt>
      <trkpt lat="-13.5991826" lon="-71.2266489">
        <ele>4367.1</ele>
        <time>2026-06-01T12:40:40Z</time>
        <hdop>3</hdop>
        <extensions>
          <osmand:speed>0.8</osmand:speed>
        </extensions>
      </trkpt>
      <trkpt lat="-13.5991215" lon="-71.2265835">
        <ele>4368.3</ele>
        <time>2026-06-01T12:40:55Z</time>
        <hdop>3</hdop>
        <extensions>
          <osmand:speed>0.8</osmand:speed>
        </extensions>
      </trkpt>
      <trkpt lat="-13.5990721" lon="-71.226471">
        <ele>4371</ele>
        <time>2026-06-01T12:41:10Z</time>
        <hdop>3</hdop>
        <extensions>
          <osmand:speed>1</osmand:speed>
        </extensions>
      </trkpt>
      <trkpt lat="-13.5990294" lon="-71.2263493">
        <ele>4371</ele>
        <time>2026-06-01T12:41:25Z</time>
        <hdop>3</hdop>
        <extensions>
          <osmand:speed>0.9</osmand:speed>
        </extensions>
      </trkpt>
      <trkpt lat="-13.5989787" lon="-71.2262564">
        <ele>4375.4</ele>
        <time>2026-06-01T12:41:40Z</time>
        <hdop>3</hdop>
        <extensions>
          <osmand:speed>0.8</osmand:speed>
        </extensions>
      </trkpt>
      <trkpt lat="-13.5989259" lon="-71.2261442">
        <ele>4376.2</ele>
        <time>2026-06-01T12:41:55Z</time>
        <hdop>3</hdop>
        <extensions>
          <osmand:speed>0.8</osmand:speed>
        </extensions>
      </trkpt>
      <trkpt lat="-13.5988713" lon="-71.2260488">
        <ele>4377.7</ele>
        <time>2026-06-01T12:42:11Z</time>
        <hdop>3</hdop>
        <extensions>
          <osmand:speed>0.9</osmand:speed>
        </extensions>
      </trkpt>
      <trkpt lat="-13.5988161" lon="-71.2259484">
        <ele>4378.3</ele>
        <time>2026-06-01T12:42:26Z</time>
        <hdop>3</hdop>
        <extensions>
          <osmand:speed>0.9</osmand:speed>
        </extensions>
      </trkpt>
      <trkpt lat="-13.5987539" lon="-71.2258934">
        <ele>4380.9</ele>
        <time>2026-06-01T12:42:41Z</time>
        <hdop>3</hdop>
        <extensions>
          <osmand:speed>0.7</osmand:speed>
        </extensions>
      </trkpt>
      <trkpt lat="-13.5987084" lon="-71.2258101">
        <ele>4383.6</ele>
        <time>2026-06-01T12:42:56Z</time>
        <hdop>3</hdop>
        <extensions>
          <osmand:speed>0.8</osmand:speed>
        </extensions>
      </trkpt>
      <trkpt lat="-13.5986672" lon="-71.2257159">
        <ele>4385.3</ele>
        <time>2026-06-01T12:43:12Z</time>
        <hdop>3</hdop>
        <extensions>
          <osmand:speed>0.8</osmand:speed>
        </extensions>
      </trkpt>
      <trkpt lat="-13.5986224" lon="-71.2255992">
        <ele>4384.8</ele>
        <time>2026-06-01T12:43:27Z</time>
        <hdop>3</hdop>
        <extensions>
          <osmand:speed>0.9</osmand:speed>
        </extensions>
      </trkpt>
      <trkpt lat="-13.598581" lon="-71.2255179">
        <ele>4385.1</ele>
        <time>2026-06-01T12:43:42Z</time>
        <hdop>3</hdop>
        <extensions>
          <osmand:speed>0.8</osmand:speed>
        </extensions>
      </trkpt>
      <trkpt lat="-13.5985508" lon="-71.2254163">
        <ele>4386.9</ele>
        <time>2026-06-01T12:43:57Z</time>
        <hdop>3</hdop>
        <extensions>
          <osmand:speed>0.9</osmand:speed>
        </extensions>
      </trkpt>
      <trkpt lat="-13.5985044" lon="-71.2253103">
        <ele>4389</ele>
        <time>2026-06-01T12:44:12Z</time>
        <hdop>3</hdop>
        <extensions>
          <osmand:speed>0.9</osmand:speed>
        </extensions>
      </trkpt>
      <trkpt lat="-13.5984468" lon="-71.2252153">
        <ele>4391.5</ele>
        <time>2026-06-01T12:44:28Z</time>
        <hdop>3</hdop>
        <extensions>
          <osmand:speed>0.9</osmand:speed>
        </extensions>
      </trkpt>
      <trkpt lat="-13.5984011" lon="-71.2250972">
        <ele>4390.5</ele>
        <time>2026-06-01T12:44:43Z</time>
        <hdop>3</hdop>
        <extensions>
          <osmand:speed>0.8</osmand:speed>
        </extensions>
      </trkpt>
      <trkpt lat="-13.5983671" lon="-71.2250287">
        <ele>4391.5</ele>
        <time>2026-06-01T12:44:58Z</time>
        <hdop>3</hdop>
        <extensions>
          <osmand:speed>0.8</osmand:speed>
        </extensions>
      </trkpt>
      <trkpt lat="-13.5983091" lon="-71.2249095">
        <ele>4393.2</ele>
        <time>2026-06-01T12:45:13Z</time>
        <hdop>3</hdop>
        <extensions>
          <osmand:speed>1</osmand:speed>
        </extensions>
      </trkpt>
      <trkpt lat="-13.5982164" lon="-71.2248333">
        <ele>4393.9</ele>
        <time>2026-06-01T12:45:29Z</time>
        <hdop>3</hdop>
        <extensions>
          <osmand:speed>0.9</osmand:speed>
        </extensions>
      </trkpt>
      <trkpt lat="-13.5981704" lon="-71.2247503">
        <ele>4396.3</ele>
        <time>2026-06-01T12:45:44Z</time>
        <hdop>3</hdop>
        <extensions>
          <osmand:speed>0.9</osmand:speed>
        </extensions>
      </trkpt>
      <trkpt lat="-13.5981148" lon="-71.2246208">
        <ele>4396.4</ele>
        <time>2026-06-01T12:46:00Z</time>
        <hdop>3</hdop>
        <extensions>
          <osmand:speed>1</osmand:speed>
        </extensions>
      </trkpt>
      <trkpt lat="-13.5980543" lon="-71.224503">
        <ele>4397</ele>
        <time>2026-06-01T12:46:15Z</time>
        <hdop>3</hdop>
        <extensions>
          <osmand:speed>1</osmand:speed>
        </extensions>
      </trkpt>
      <trkpt lat="-13.5979891" lon="-71.2243905">
        <ele>4401.8</ele>
        <time>2026-06-01T12:46:30Z</time>
        <hdop>3</hdop>
        <extensions>
          <osmand:speed>1</osmand:speed>
        </extensions>
      </trkpt>
      <trkpt lat="-13.5979012" lon="-71.224303">
        <ele>4402.3</ele>
        <time>2026-06-01T12:46:45Z</time>
        <hdop>3</hdop>
        <extensions>
          <osmand:speed>0.9</osmand:speed>
        </extensions>
      </trkpt>
      <trkpt lat="-13.5978178" lon="-71.2242292">
        <ele>4401.9</ele>
        <time>2026-06-01T12:47:01Z</time>
        <hdop>3</hdop>
        <extensions>
          <osmand:speed>0.9</osmand:speed>
        </extensions>
      </trkpt>
      <trkpt lat="-13.59777" lon="-71.2241245">
        <ele>4405</ele>
        <time>2026-06-01T12:47:16Z</time>
        <hdop>3</hdop>
        <extensions>
          <osmand:speed>1</osmand:speed>
        </extensions>
      </trkpt>
      <trkpt lat="-13.5976955" lon="-71.2240232">
        <ele>4407.6</ele>
        <time>2026-06-01T12:47:31Z</time>
        <hdop>3</hdop>
        <extensions>
          <osmand:speed>1</osmand:speed>
        </extensions>
      </trkpt>
      <trkpt lat="-13.5976342" lon="-71.2239329">
        <ele>4408.1</ele>
        <time>2026-06-01T12:47:46Z</time>
        <hdop>3</hdop>
        <extensions>
          <osmand:speed>0.8</osmand:speed>
        </extensions>
      </trkpt>
      <trkpt lat="-13.597561" lon="-71.2238433">
        <ele>4407.3</ele>
        <time>2026-06-01T12:48:01Z</time>
        <hdop>3</hdop>
        <extensions>
          <osmand:speed>0.9</osmand:speed>
        </extensions>
      </trkpt>
      <trkpt lat="-13.5974848" lon="-71.2237327">
        <ele>4407.8</ele>
        <time>2026-06-01T12:48:17Z</time>
        <hdop>3</hdop>
        <extensions>
          <osmand:speed>1</osmand:speed>
        </extensions>
      </trkpt>
      <trkpt lat="-13.5974137" lon="-71.223637">
        <ele>4408</ele>
        <time>2026-06-01T12:48:32Z</time>
        <hdop>3</hdop>
        <extensions>
          <osmand:speed>1</osmand:speed>
        </extensions>
      </trkpt>
      <trkpt lat="-13.5973428" lon="-71.2235409">
        <ele>4411.5</ele>
        <time>2026-06-01T12:48:48Z</time>
        <hdop>3</hdop>
        <extensions>
          <osmand:speed>0.9</osmand:speed>
        </extensions>
      </trkpt>
      <trkpt lat="-13.5972688" lon="-71.2234576">
        <ele>4410.2</ele>
        <time>2026-06-01T12:49:03Z</time>
        <hdop>3</hdop>
        <extensions>
          <osmand:speed>0.8</osmand:speed>
        </extensions>
      </trkpt>
      <trkpt lat="-13.5971872" lon="-71.2233655">
        <ele>4411.4</ele>
        <time>2026-06-01T12:49:18Z</time>
        <hdop>3</hdop>
        <extensions>
          <osmand:speed>1</osmand:speed>
        </extensions>
      </trkpt>
      <trkpt lat="-13.5970777" lon="-71.223307">
        <ele>4412.5</ele>
        <time>2026-06-01T12:49:33Z</time>
        <hdop>3</hdop>
        <extensions>
          <osmand:speed>1.1</osmand:speed>
        </extensions>
      </trkpt>
      <trkpt lat="-13.5969932" lon="-71.2232563">
        <ele>4412.7</ele>
        <time>2026-06-01T12:49:49Z</time>
        <hdop>3</hdop>
        <extensions>
          <osmand:speed>0.8</osmand:speed>
        </extensions>
      </trkpt>
      <trkpt lat="-13.5969031" lon="-71.2231927">
        <ele>4413.5</ele>
        <time>2026-06-01T12:50:04Z</time>
        <hdop>3</hdop>
        <extensions>
          <osmand:speed>0.9</osmand:speed>
        </extensions>
      </trkpt>
      <trkpt lat="-13.5968006" lon="-71.2231334">
        <ele>4415</ele>
        <time>2026-06-01T12:50:19Z</time>
        <hdop>3</hdop>
        <extensions>
          <osmand:speed>1</osmand:speed>
        </extensions>
      </trkpt>
      <trkpt lat="-13.5966918" lon="-71.2230875">
        <ele>4413.9</ele>
        <time>2026-06-01T12:50:34Z</time>
        <hdop>3</hdop>
        <extensions>
          <osmand:speed>0.9</osmand:speed>
        </extensions>
      </trkpt>
      <trkpt lat="-13.596591" lon="-71.2230553">
        <ele>4414.3</ele>
        <time>2026-06-01T12:50:49Z</time>
        <hdop>3</hdop>
        <extensions>
          <osmand:speed>0.9</osmand:speed>
        </extensions>
      </trkpt>
      <trkpt lat="-13.5964844" lon="-71.2230239">
        <ele>4418.3</ele>
        <time>2026-06-01T12:51:05Z</time>
        <hdop>3</hdop>
        <extensions>
          <osmand:speed>0.8</osmand:speed>
        </extensions>
      </trkpt>
      <trkpt lat="-13.5963712" lon="-71.2229881">
        <ele>4419</ele>
        <time>2026-06-01T12:51:20Z</time>
        <hdop>3</hdop>
        <extensions>
          <osmand:speed>0.9</osmand:speed>
        </extensions>
      </trkpt>
      <trkpt lat="-13.5962476" lon="-71.222992">
        <ele>4419.1</ele>
        <time>2026-06-01T12:51:35Z</time>
        <hdop>3</hdop>
        <extensions>
          <osmand:speed>1</osmand:speed>
        </extensions>
      </trkpt>
      <trkpt lat="-13.5961799" lon="-71.2230778">
        <ele>4418.8</ele>
        <time>2026-06-01T12:51:50Z</time>
        <hdop>3</hdop>
        <extensions>
          <osmand:speed>0.8</osmand:speed>
        </extensions>
      </trkpt>
      <trkpt lat="-13.5961371" lon="-71.2231897">
        <ele>4418.5</ele>
        <time>2026-06-01T12:52:05Z</time>
        <hdop>3</hdop>
        <extensions>
          <osmand:speed>1</osmand:speed>
        </extensions>
      </trkpt>
      <trkpt lat="-13.5960544" lon="-71.2233129">
        <ele>4417.6</ele>
        <time>2026-06-01T12:52:20Z</time>
        <hdop>3</hdop>
        <extensions>
          <osmand:speed>1.1</osmand:speed>
        </extensions>
      </trkpt>
      <trkpt lat="-13.5959287" lon="-71.2233829">
        <ele>4420.1</ele>
        <time>2026-06-01T12:52:36Z</time>
        <hdop>3</hdop>
        <extensions>
          <osmand:speed>1.1</osmand:speed>
        </extensions>
      </trkpt>
      <trkpt lat="-13.595804" lon="-71.22347">
        <ele>4422.1</ele>
        <time>2026-06-01T12:52:51Z</time>
        <hdop>3</hdop>
        <extensions>
          <osmand:speed>1.1</osmand:speed>
        </extensions>
      </trkpt>
      <trkpt lat="-13.5956794" lon="-71.2235477">
        <ele>4423.7</ele>
        <time>2026-06-01T12:53:07Z</time>
        <hdop>3</hdop>
        <extensions>
          <osmand:speed>1</osmand:speed>
        </extensions>
      </trkpt>
      <trkpt lat="-13.5956388" lon="-71.2235658">
        <ele>4424.4</ele>
        <time>2026-06-01T12:53:22Z</time>
        <hdop>3</hdop>
        <extensions>
          <osmand:speed>0.3</osmand:speed>
        </extensions>
      </trkpt>
      <trkpt lat="-13.5956463" lon="-71.2235616">
        <ele>4424.2</ele>
        <time>2026-06-01T12:53:37Z</time>
        <hdop>3</hdop>
        <extensions>
          <osmand:speed>0.1</osmand:speed>
        </extensions>
      </trkpt>
      <trkpt lat="-13.5956469" lon="-71.2235639">
        <ele>4424.2</ele>
        <time>2026-06-01T12:53:53Z</time>
        <hdop>3</hdop>
        <extensions>
          <osmand:speed>0</osmand:speed>
        </extensions>
      </trkpt>
      <trkpt lat="-13.5956456" lon="-71.2235626">
        <ele>4424.2</ele>
        <time>2026-06-01T12:54:09Z</time>
        <hdop>3</hdop>
        <extensions>
          <osmand:speed>0.1</osmand:speed>
        </extensions>
      </trkpt>
      <trkpt lat="-13.5955346" lon="-71.223637">
        <ele>4421.9</ele>
        <time>2026-06-01T12:54:24Z</time>
        <hdop>3</hdop>
        <extensions>
          <osmand:speed>1</osmand:speed>
        </extensions>
      </trkpt>
      <trkpt lat="-13.5954331" lon="-71.2237136">
        <ele>4422.3</ele>
        <time>2026-06-01T12:54:39Z</time>
        <hdop>3</hdop>
        <extensions>
          <osmand:speed>1</osmand:speed>
        </extensions>
      </trkpt>
      <trkpt lat="-13.5953154" lon="-71.2237859">
        <ele>4423.7</ele>
        <time>2026-06-01T12:54:54Z</time>
        <hdop>3</hdop>
        <extensions>
          <osmand:speed>1.1</osmand:speed>
        </extensions>
      </trkpt>
      <trkpt lat="-13.5952064" lon="-71.2238575">
        <ele>4424.1</ele>
        <time>2026-06-01T12:55:10Z</time>
        <hdop>3</hdop>
        <extensions>
          <osmand:speed>1</osmand:speed>
        </extensions>
      </trkpt>
      <trkpt lat="-13.5950849" lon="-71.2239459">
        <ele>4424.6</ele>
        <time>2026-06-01T12:55:25Z</time>
        <hdop>3</hdop>
        <extensions>
          <osmand:speed>1.1</osmand:speed>
        </extensions>
      </trkpt>
      <trkpt lat="-13.5949875" lon="-71.2240118">
        <ele>4425.3</ele>
        <time>2026-06-01T12:55:40Z</time>
        <hdop>3</hdop>
        <extensions>
          <osmand:speed>0.9</osmand:speed>
        </extensions>
      </trkpt>
      <trkpt lat="-13.5948602" lon="-71.2240741">
        <ele>4425.7</ele>
        <time>2026-06-01T12:55:55Z</time>
        <hdop>3</hdop>
        <extensions>
          <osmand:speed>1.1</osmand:speed>
        </extensions>
      </trkpt>
      <trkpt lat="-13.5947469" lon="-71.2241353">
        <ele>4426.6</ele>
        <time>2026-06-01T12:56:11Z</time>
        <hdop>3</hdop>
        <extensions>
          <osmand:speed>1</osmand:speed>
        </extensions>
      </trkpt>
      <trkpt lat="-13.5946494" lon="-71.2242064">
        <ele>4423.3</ele>
        <time>2026-06-01T12:56:26Z</time>
        <hdop>3</hdop>
        <extensions>
          <osmand:speed>1</osmand:speed>
        </extensions>
      </trkpt>
      <trkpt lat="-13.594515" lon="-71.2242381">
        <ele>4425.5</ele>
        <time>2026-06-01T12:56:41Z</time>
        <hdop>3</hdop>
        <extensions>
          <osmand:speed>1.1</osmand:speed>
        </extensions>
      </trkpt>
      <trkpt lat="-13.5943971" lon="-71.2242936">
        <ele>4426.1</ele>
        <time>2026-06-01T12:56:57Z</time>
        <hdop>3</hdop>
        <extensions>
          <osmand:speed>1</osmand:speed>
        </extensions>
      </trkpt>
      <trkpt lat="-13.5943254" lon="-71.2243805">
        <ele>4423.5</ele>
        <time>2026-06-01T12:57:12Z</time>
        <hdop>3</hdop>
        <extensions>
          <osmand:speed>0.9</osmand:speed>
        </extensions>
      </trkpt>
      <trkpt lat="-13.5942397" lon="-71.2244697">
        <ele>4424.4</ele>
        <time>2026-06-01T12:57:28Z</time>
        <hdop>3</hdop>
        <extensions>
          <osmand:speed>0.9</osmand:speed>
        </extensions>
      </trkpt>
      <trkpt lat="-13.5942198" lon="-71.2245644">
        <ele>4424.7</ele>
        <time>2026-06-01T12:57:43Z</time>
        <hdop>3</hdop>
        <extensions>
          <osmand:speed>0.9</osmand:speed>
        </extensions>
      </trkpt>
      <trkpt lat="-13.5941314" lon="-71.2246633">
        <ele>4422.9</ele>
        <time>2026-06-01T12:57:58Z</time>
        <hdop>3</hdop>
        <extensions>
          <osmand:speed>0.9</osmand:speed>
        </extensions>
      </trkpt>
      <trkpt lat="-13.5940275" lon="-71.2247595">
        <ele>4429</ele>
        <time>2026-06-01T12:58:13Z</time>
        <hdop>3</hdop>
        <extensions>
          <osmand:speed>1</osmand:speed>
        </extensions>
      </trkpt>
      <trkpt lat="-13.5939481" lon="-71.2248332">
        <ele>4422.5</ele>
        <time>2026-06-01T12:58:29Z</time>
        <hdop>3</hdop>
        <extensions>
          <osmand:speed>0.9</osmand:speed>
        </extensions>
      </trkpt>
      <trkpt lat="-13.5938337" lon="-71.2249152">
        <ele>4421.1</ele>
        <time>2026-06-01T12:58:44Z</time>
        <hdop>3</hdop>
        <extensions>
          <osmand:speed>1.2</osmand:speed>
        </extensions>
      </trkpt>
      <trkpt lat="-13.5937001" lon="-71.2249797">
        <ele>4421.1</ele>
        <time>2026-06-01T12:58:59Z</time>
        <hdop>3</hdop>
        <extensions>
          <osmand:speed>1.1</osmand:speed>
        </extensions>
      </trkpt>
      <trkpt lat="-13.5935706" lon="-71.2250827">
        <ele>4417.8</ele>
        <time>2026-06-01T12:59:15Z</time>
        <hdop>3</hdop>
        <extensions>
          <osmand:speed>1.2</osmand:speed>
        </extensions>
      </trkpt>
      <trkpt lat="-13.5934506" lon="-71.225171">
        <ele>4418.5</ele>
        <time>2026-06-01T12:59:30Z</time>
        <hdop>3</hdop>
        <extensions>
          <osmand:speed>1.1</osmand:speed>
        </extensions>
      </trkpt>
      <trkpt lat="-13.5933667" lon="-71.2252684">
        <ele>4418.4</ele>
        <time>2026-06-01T12:59:46Z</time>
        <hdop>3</hdop>
        <extensions>
          <osmand:speed>1</osmand:speed>
        </extensions>
      </trkpt>
      <trkpt lat="-13.5932435" lon="-71.2253615">
        <ele>4417.7</ele>
        <time>2026-06-01T13:00:01Z</time>
        <hdop>3</hdop>
        <extensions>
          <osmand:speed>1.2</osmand:speed>
        </extensions>
      </trkpt>
      <trkpt lat="-13.5931097" lon="-71.2254417">
        <ele>4416.6</ele>
        <time>2026-06-01T13:00:16Z</time>
        <hdop>3</hdop>
        <extensions>
          <osmand:speed>1.2</osmand:speed>
        </extensions>
      </trkpt>
      <trkpt lat="-13.5929816" lon="-71.2255537">
        <ele>4413.1</ele>
        <time>2026-06-01T13:00:32Z</time>
        <hdop>3</hdop>
        <extensions>
          <osmand:speed>1.1</osmand:speed>
        </extensions>
      </trkpt>
      <trkpt lat="-13.5929235" lon="-71.2256755">
        <ele>4416.4</ele>
        <time>2026-06-01T13:00:47Z</time>
        <hdop>3</hdop>
        <extensions>
          <osmand:speed>0.9</osmand:speed>
        </extensions>
      </trkpt>
      <trkpt lat="-13.5928582" lon="-71.2257893">
        <ele>4415.7</ele>
        <time>2026-06-01T13:01:02Z</time>
        <hdop>3</hdop>
        <extensions>
          <osmand:speed>1</osmand:speed>
        </extensions>
      </trkpt>
      <trkpt lat="-13.5927534" lon="-71.2258891">
        <ele>4415.5</ele>
        <time>2026-06-01T13:01:17Z</time>
        <hdop>3</hdop>
        <extensions>
          <osmand:speed>1</osmand:speed>
        </extensions>
      </trkpt>
      <trkpt lat="-13.5926588" lon="-71.2259559">
        <ele>4415.3</ele>
        <time>2026-06-01T13:01:33Z</time>
        <hdop>3</hdop>
        <extensions>
          <osmand:speed>0.9</osmand:speed>
        </extensions>
      </trkpt>
      <trkpt lat="-13.5925635" lon="-71.2260616">
        <ele>4414.5</ele>
        <time>2026-06-01T13:01:48Z</time>
        <hdop>3</hdop>
        <extensions>
          <osmand:speed>1.1</osmand:speed>
        </extensions>
      </trkpt>
      <trkpt lat="-13.5924522" lon="-71.2261501">
        <ele>4415.4</ele>
        <time>2026-06-01T13:02:03Z</time>
        <hdop>3</hdop>
        <extensions>
          <osmand:speed>1.1</osmand:speed>
        </extensions>
      </trkpt>
      <trkpt lat="-13.5923361" lon="-71.2262524">
        <ele>4414.6</ele>
        <time>2026-06-01T13:02:18Z</time>
        <hdop>3</hdop>
        <extensions>
          <osmand:speed>1.1</osmand:speed>
        </extensions>
      </trkpt>
      <trkpt lat="-13.5922355" lon="-71.2263535">
        <ele>4413.4</ele>
        <time>2026-06-01T13:02:33Z</time>
        <hdop>3</hdop>
        <extensions>
          <osmand:speed>1.1</osmand:speed>
        </extensions>
      </trkpt>
      <trkpt lat="-13.5921377" lon="-71.2264617">
        <ele>4415.1</ele>
        <time>2026-06-01T13:02:48Z</time>
        <hdop>3</hdop>
        <extensions>
          <osmand:speed>1.1</osmand:speed>
        </extensions>
      </trkpt>
      <trkpt lat="-13.5920248" lon="-71.226539">
        <ele>4412.9</ele>
        <time>2026-06-01T13:03:03Z</time>
        <hdop>3</hdop>
        <extensions>
          <osmand:speed>1.1</osmand:speed>
        </extensions>
      </trkpt>
      <trkpt lat="-13.5919218" lon="-71.2266473">
        <ele>4413.2</ele>
        <time>2026-06-01T13:03:18Z</time>
        <hdop>3</hdop>
        <extensions>
          <osmand:speed>1</osmand:speed>
        </extensions>
      </trkpt>
      <trkpt lat="-13.5918174" lon="-71.2267232">
        <ele>4413.3</ele>
        <time>2026-06-01T13:03:34Z</time>
        <hdop>3</hdop>
        <extensions>
          <osmand:speed>1.1</osmand:speed>
        </extensions>
      </trkpt>
      <trkpt lat="-13.5917235" lon="-71.2268072">
        <ele>4415.5</ele>
        <time>2026-06-01T13:03:49Z</time>
        <hdop>3</hdop>
        <extensions>
          <osmand:speed>1</osmand:speed>
        </extensions>
      </trkpt>
      <trkpt lat="-13.5916025" lon="-71.2268679">
        <ele>4417.7</ele>
        <time>2026-06-01T13:04:04Z</time>
        <hdop>3</hdop>
        <extensions>
          <osmand:speed>1.1</osmand:speed>
        </extensions>
      </trkpt>
      <trkpt lat="-13.5914783" lon="-71.2269393">
        <ele>4412.6</ele>
        <time>2026-06-01T13:04:19Z</time>
        <hdop>3</hdop>
        <extensions>
          <osmand:speed>1.2</osmand:speed>
        </extensions>
      </trkpt>
      <trkpt lat="-13.5913546" lon="-71.2269644">
        <ele>4412.1</ele>
        <time>2026-06-01T13:04:34Z</time>
        <hdop>3</hdop>
        <extensions>
          <osmand:speed>1.1</osmand:speed>
        </extensions>
      </trkpt>
      <trkpt lat="-13.591246" lon="-71.227038">
        <ele>4407.9</ele>
        <time>2026-06-01T13:04:49Z</time>
        <hdop>3</hdop>
        <extensions>
          <osmand:speed>1</osmand:speed>
        </extensions>
      </trkpt>
      <trkpt lat="-13.5910845" lon="-71.2270776">
        <ele>4409.4</ele>
        <time>2026-06-01T13:05:04Z</time>
        <hdop>3</hdop>
        <extensions>
          <osmand:speed>1.1</osmand:speed>
        </extensions>
      </trkpt>
      <trkpt lat="-13.5909901" lon="-71.2271367">
        <ele>4407.8</ele>
        <time>2026-06-01T13:05:20Z</time>
        <hdop>3</hdop>
        <extensions>
          <osmand:speed>0.9</osmand:speed>
        </extensions>
      </trkpt>
      <trkpt lat="-13.5908458" lon="-71.2271142">
        <ele>4405.6</ele>
        <time>2026-06-01T13:05:35Z</time>
        <hdop>3</hdop>
        <extensions>
          <osmand:speed>1</osmand:speed>
        </extensions>
      </trkpt>
      <trkpt lat="-13.5907328" lon="-71.2271608">
        <ele>4403.4</ele>
        <time>2026-06-01T13:05:50Z</time>
        <hdop>3</hdop>
        <extensions>
          <osmand:speed>0.9</osmand:speed>
        </extensions>
      </trkpt>
      <trkpt lat="-13.590605" lon="-71.2271771">
        <ele>4406.6</ele>
        <time>2026-06-01T13:06:06Z</time>
        <hdop>3</hdop>
        <extensions>
          <osmand:speed>1</osmand:speed>
        </extensions>
      </trkpt>
      <trkpt lat="-13.5904806" lon="-71.2272288">
        <ele>4408</ele>
        <time>2026-06-01T13:06:21Z</time>
        <hdop>3</hdop>
        <extensions>
          <osmand:speed>0.9</osmand:speed>
        </extensions>
      </trkpt>
      <trkpt lat="-13.5903777" lon="-71.2272738">
        <ele>4411.3</ele>
        <time>2026-06-01T13:06:36Z</time>
        <hdop>3</hdop>
        <extensions>
          <osmand:speed>0.9</osmand:speed>
        </extensions>
      </trkpt>
      <trkpt lat="-13.5902731" lon="-71.2273321">
        <ele>4409.7</ele>
        <time>2026-06-01T13:06:52Z</time>
        <hdop>3</hdop>
        <extensions>
          <osmand:speed>0.9</osmand:speed>
        </extensions>
      </trkpt>
      <trkpt lat="-13.5901578" lon="-71.2273943">
        <ele>4411.8</ele>
        <time>2026-06-01T13:07:07Z</time>
        <hdop>3</hdop>
        <extensions>
          <osmand:speed>1</osmand:speed>
        </extensions>
      </trkpt>
      <trkpt lat="-13.5900278" lon="-71.2274342">
        <ele>4412.1</ele>
        <time>2026-06-01T13:07:22Z</time>
        <hdop>3</hdop>
        <extensions>
          <osmand:speed>1</osmand:speed>
        </extensions>
      </trkpt>
      <trkpt lat="-13.5899245" lon="-71.227463">
        <ele>4411.3</ele>
        <time>2026-06-01T13:07:38Z</time>
        <hdop>3</hdop>
        <extensions>
          <osmand:speed>0.9</osmand:speed>
        </extensions>
      </trkpt>
      <trkpt lat="-13.5897967" lon="-71.2274681">
        <ele>4412.9</ele>
        <time>2026-06-01T13:07:53Z</time>
        <hdop>3</hdop>
        <extensions>
          <osmand:speed>1</osmand:speed>
        </extensions>
      </trkpt>
      <trkpt lat="-13.5896728" lon="-71.227464">
        <ele>4415.4</ele>
        <time>2026-06-01T13:08:08Z</time>
        <hdop>3</hdop>
        <extensions>
          <osmand:speed>0.9</osmand:speed>
        </extensions>
      </trkpt>
      <trkpt lat="-13.5895473" lon="-71.2274607">
        <ele>4415.9</ele>
        <time>2026-06-01T13:08:23Z</time>
        <hdop>3</hdop>
        <extensions>
          <osmand:speed>0.9</osmand:speed>
        </extensions>
      </trkpt>
      <trkpt lat="-13.5894443" lon="-71.2274324">
        <ele>4414.3</ele>
        <time>2026-06-01T13:08:38Z</time>
        <hdop>3</hdop>
        <extensions>
          <osmand:speed>0.9</osmand:speed>
        </extensions>
      </trkpt>
      <trkpt lat="-13.5893182" lon="-71.2273995">
        <ele>4418.8</ele>
        <time>2026-06-01T13:08:54Z</time>
        <hdop>3</hdop>
        <extensions>
          <osmand:speed>0.9</osmand:speed>
        </extensions>
      </trkpt>
      <trkpt lat="-13.5892041" lon="-71.2273725">
        <ele>4418.8</ele>
        <time>2026-06-01T13:09:09Z</time>
        <hdop>3</hdop>
        <extensions>
          <osmand:speed>1</osmand:speed>
        </extensions>
      </trkpt>
      <trkpt lat="-13.5890828" lon="-71.2273383">
        <ele>4419.6</ele>
        <time>2026-06-01T13:09:25Z</time>
        <hdop>3</hdop>
        <extensions>
          <osmand:speed>0.9</osmand:speed>
        </extensions>
      </trkpt>
      <trkpt lat="-13.588982" lon="-71.2273236">
        <ele>4421.3</ele>
        <time>2026-06-01T13:09:40Z</time>
        <hdop>3</hdop>
        <extensions>
          <osmand:speed>0.9</osmand:speed>
        </extensions>
      </trkpt>
      <trkpt lat="-13.5888785" lon="-71.2273039">
        <ele>4421.4</ele>
        <time>2026-06-01T13:09:55Z</time>
        <hdop>3</hdop>
        <extensions>
          <osmand:speed>0.9</osmand:speed>
        </extensions>
      </trkpt>
      <trkpt lat="-13.5887671" lon="-71.2272867">
        <ele>4423.8</ele>
        <time>2026-06-01T13:10:10Z</time>
        <hdop>3</hdop>
        <extensions>
          <osmand:speed>0.9</osmand:speed>
        </extensions>
      </trkpt>
      <trkpt lat="-13.5886533" lon="-71.2272611">
        <ele>4427</ele>
        <time>2026-06-01T13:10:25Z</time>
        <hdop>3</hdop>
        <extensions>
          <osmand:speed>1</osmand:speed>
        </extensions>
      </trkpt>
      <trkpt lat="-13.5885384" lon="-71.2272416">
        <ele>4426.1</ele>
        <time>2026-06-01T13:10:41Z</time>
        <hdop>3</hdop>
        <extensions>
          <osmand:speed>0.9</osmand:speed>
        </extensions>
      </trkpt>
      <trkpt lat="-13.5884115" lon="-71.2271999">
        <ele>4429.9</ele>
        <time>2026-06-01T13:10:56Z</time>
        <hdop>3</hdop>
        <extensions>
          <osmand:speed>0.8</osmand:speed>
        </extensions>
      </trkpt>
      <trkpt lat="-13.5882973" lon="-71.2271615">
        <ele>4429.7</ele>
        <time>2026-06-01T13:11:11Z</time>
        <hdop>3</hdop>
        <extensions>
          <osmand:speed>1</osmand:speed>
        </extensions>
      </trkpt>
      <trkpt lat="-13.5881526" lon="-71.2271337">
        <ele>4431</ele>
        <time>2026-06-01T13:11:27Z</time>
        <hdop>3</hdop>
        <extensions>
          <osmand:speed>1.1</osmand:speed>
        </extensions>
      </trkpt>
      <trkpt lat="-13.5880262" lon="-71.2271262">
        <ele>4429.9</ele>
        <time>2026-06-01T13:11:42Z</time>
        <hdop>3</hdop>
        <extensions>
          <osmand:speed>1</osmand:speed>
        </extensions>
      </trkpt>
      <trkpt lat="-13.5879076" lon="-71.2271034">
        <ele>4429.7</ele>
        <time>2026-06-01T13:11:57Z</time>
        <hdop>3</hdop>
        <extensions>
          <osmand:speed>1</osmand:speed>
        </extensions>
      </trkpt>
      <trkpt lat="-13.5877969" lon="-71.2270749">
        <ele>4430.3</ele>
        <time>2026-06-01T13:12:12Z</time>
        <hdop>3</hdop>
        <extensions>
          <osmand:speed>1</osmand:speed>
        </extensions>
      </trkpt>
      <trkpt lat="-13.5876982" lon="-71.2270333">
        <ele>4433.3</ele>
        <time>2026-06-01T13:12:28Z</time>
        <hdop>3</hdop>
        <extensions>
          <osmand:speed>0.8</osmand:speed>
        </extensions>
      </trkpt>
      <trkpt lat="-13.5875933" lon="-71.2269734">
        <ele>4435.5</ele>
        <time>2026-06-01T13:12:43Z</time>
        <hdop>3</hdop>
        <extensions>
          <osmand:speed>0.9</osmand:speed>
        </extensions>
      </trkpt>
      <trkpt lat="-13.5875082" lon="-71.2269257">
        <ele>4435.9</ele>
        <time>2026-06-01T13:12:58Z</time>
        <hdop>3</hdop>
        <extensions>
          <osmand:speed>1</osmand:speed>
        </extensions>
      </trkpt>
      <trkpt lat="-13.5874255" lon="-71.2268846">
        <ele>4438.5</ele>
        <time>2026-06-01T13:13:14Z</time>
        <hdop>3</hdop>
        <extensions>
          <osmand:speed>0.7</osmand:speed>
        </extensions>
      </trkpt>
      <trkpt lat="-13.5873219" lon="-71.2268298">
        <ele>4439.6</ele>
        <time>2026-06-01T13:13:29Z</time>
        <hdop>3</hdop>
        <extensions>
          <osmand:speed>0.9</osmand:speed>
        </extensions>
      </trkpt>
      <trkpt lat="-13.5872449" lon="-71.226791">
        <ele>4440.9</ele>
        <time>2026-06-01T13:13:44Z</time>
        <hdop>3</hdop>
        <extensions>
          <osmand:speed>0.8</osmand:speed>
        </extensions>
      </trkpt>
      <trkpt lat="-13.5871355" lon="-71.2267803">
        <ele>4438.8</ele>
        <time>2026-06-01T13:13:59Z</time>
        <hdop>3</hdop>
        <extensions>
          <osmand:speed>0.9</osmand:speed>
        </extensions>
      </trkpt>
      <trkpt lat="-13.5870248" lon="-71.2267804">
        <ele>4440.9</ele>
        <time>2026-06-01T13:14:15Z</time>
        <hdop>3</hdop>
        <extensions>
          <osmand:speed>0.9</osmand:speed>
        </extensions>
      </trkpt>
      <trkpt lat="-13.5869229" lon="-71.226795">
        <ele>4442.6</ele>
        <time>2026-06-01T13:14:30Z</time>
        <hdop>3</hdop>
        <extensions>
          <osmand:speed>0.9</osmand:speed>
        </extensions>
      </trkpt>
      <trkpt lat="-13.5868277" lon="-71.2268052">
        <ele>4445</ele>
        <time>2026-06-01T13:14:45Z</time>
        <hdop>3</hdop>
        <extensions>
          <osmand:speed>0.7</osmand:speed>
        </extensions>
      </trkpt>
      <trkpt lat="-13.5867607" lon="-71.2267871">
        <ele>4445.4</ele>
        <time>2026-06-01T13:15:00Z</time>
        <hdop>3</hdop>
        <extensions>
          <osmand:speed>0.7</osmand:speed>
        </extensions>
      </trkpt>
      <trkpt lat="-13.5866753" lon="-71.2268207">
        <ele>4446.9</ele>
        <time>2026-06-01T13:15:16Z</time>
        <hdop>3</hdop>
        <extensions>
          <osmand:speed>0.8</osmand:speed>
        </extensions>
      </trkpt>
      <trkpt lat="-13.5866481" lon="-71.2268172">
        <ele>4449.6</ele>
        <time>2026-06-01T13:15:31Z</time>
        <hdop>3</hdop>
        <extensions>
          <osmand:speed>0</osmand:speed>
        </extensions>
      </trkpt>
      <trkpt lat="-13.5866464" lon="-71.226818">
        <ele>4449.6</ele>
        <time>2026-06-01T13:15:47Z</time>
        <hdop>3</hdop>
        <extensions>
          <osmand:speed>0.1</osmand:speed>
        </extensions>
      </trkpt>
      <trkpt lat="-13.5866452" lon="-71.2268196">
        <ele>4449.6</ele>
        <time>2026-06-01T13:16:03Z</time>
        <hdop>3</hdop>
        <extensions>
          <osmand:speed>0.1</osmand:speed>
        </extensions>
      </trkpt>
      <trkpt lat="-13.5866466" lon="-71.2268197">
        <ele>4449.6</ele>
        <time>2026-06-01T13:16:19Z</time>
        <hdop>3</hdop>
        <extensions>
          <osmand:speed>0.1</osmand:speed>
        </extensions>
      </trkpt>
      <trkpt lat="-13.5866488" lon="-71.2268167">
        <ele>4449.6</ele>
        <time>2026-06-01T13:16:35Z</time>
        <hdop>3</hdop>
        <extensions>
          <osmand:speed>0.1</osmand:speed>
        </extensions>
      </trkpt>
      <trkpt lat="-13.5866476" lon="-71.2268152">
        <ele>4451.6</ele>
        <time>2026-06-01T13:16:50Z</time>
        <hdop>3</hdop>
        <extensions>
          <osmand:speed>0.1</osmand:speed>
        </extensions>
      </trkpt>
      <trkpt lat="-13.5865548" lon="-71.2268245">
        <ele>4451.1</ele>
        <time>2026-06-01T13:17:05Z</time>
        <hdop>3</hdop>
        <extensions>
          <osmand:speed>0.6</osmand:speed>
        </extensions>
      </trkpt>
      <trkpt lat="-13.586529" lon="-71.2269006">
        <ele>4450.3</ele>
        <time>2026-06-01T13:17:21Z</time>
        <hdop>3</hdop>
        <extensions>
          <osmand:speed>0.4</osmand:speed>
        </extensions>
      </trkpt>
      <trkpt lat="-13.5865362" lon="-71.2269708">
        <ele>4451.7</ele>
        <time>2026-06-01T13:17:36Z</time>
        <hdop>3</hdop>
        <extensions>
          <osmand:speed>0.3</osmand:speed>
        </extensions>
      </trkpt>
      <trkpt lat="-13.5865403" lon="-71.2269749">
        <ele>4451.7</ele>
        <time>2026-06-01T13:17:52Z</time>
        <hdop>3</hdop>
        <extensions>
          <osmand:speed>0</osmand:speed>
        </extensions>
      </trkpt>
      <trkpt lat="-13.5865384" lon="-71.2269768">
        <ele>4451.7</ele>
        <time>2026-06-01T13:18:08Z</time>
        <hdop>3</hdop>
        <extensions>
          <osmand:speed>0.1</osmand:speed>
        </extensions>
      </trkpt>
      <trkpt lat="-13.586538" lon="-71.2269752">
        <ele>4451.7</ele>
        <time>2026-06-01T13:18:24Z</time>
        <hdop>3</hdop>
        <extensions>
          <osmand:speed>0.1</osmand:speed>
        </extensions>
      </trkpt>
      <trkpt lat="-13.5865383" lon="-71.2269764">
        <ele>4451.7</ele>
        <time>2026-06-01T13:18:40Z</time>
        <hdop>3</hdop>
        <extensions>
          <osmand:speed>0.1</osmand:speed>
        </extensions>
      </trkpt>
      <trkpt lat="-13.5865374" lon="-71.2269745">
        <ele>4451.7</ele>
        <time>2026-06-01T13:18:56Z</time>
        <hdop>3</hdop>
        <extensions>
          <osmand:speed>0.1</osmand:speed>
        </extensions>
      </trkpt>
      <trkpt lat="-13.5865393" lon="-71.2269742">
        <ele>4451.7</ele>
        <time>2026-06-01T13:19:12Z</time>
        <hdop>3</hdop>
        <extensions>
          <osmand:speed>0.1</osmand:speed>
        </extensions>
      </trkpt>
      <trkpt lat="-13.5865401" lon="-71.2269751">
        <ele>4451.7</ele>
        <time>2026-06-01T13:19:28Z</time>
        <hdop>3</hdop>
        <extensions>
          <osmand:speed>0.1</osmand:speed>
        </extensions>
      </trkpt>
      <trkpt lat="-13.5865405" lon="-71.2269752">
        <ele>4451.7</ele>
        <time>2026-06-01T13:19:44Z</time>
        <hdop>3</hdop>
        <extensions>
          <osmand:speed>0.1</osmand:speed>
        </extensions>
      </trkpt>
      <trkpt lat="-13.586541" lon="-71.2269754">
        <ele>4451.7</ele>
        <time>2026-06-01T13:20:00Z</time>
        <hdop>3</hdop>
        <extensions>
          <osmand:speed>0.1</osmand:speed>
        </extensions>
      </trkpt>
      <trkpt lat="-13.5865414" lon="-71.2269737">
        <ele>4451.7</ele>
        <time>2026-06-01T13:20:16Z</time>
        <hdop>3</hdop>
        <extensions>
          <osmand:speed>0.1</osmand:speed>
        </extensions>
      </trkpt>
      <trkpt lat="-13.5865406" lon="-71.2269731">
        <ele>4451.7</ele>
        <time>2026-06-01T13:20:32Z</time>
        <hdop>3</hdop>
        <extensions>
          <osmand:speed>0.1</osmand:speed>
        </extensions>
      </trkpt>
      <trkpt lat="-13.5865406" lon="-71.2269739">
        <ele>4451.7</ele>
        <time>2026-06-01T13:20:47Z</time>
        <hdop>3</hdop>
        <extensions>
          <osmand:speed>0.1</osmand:speed>
        </extensions>
      </trkpt>
      <trkpt lat="-13.5865393" lon="-71.2269752">
        <ele>4451.7</ele>
        <time>2026-06-01T13:21:03Z</time>
        <hdop>3</hdop>
        <extensions>
          <osmand:speed>0.1</osmand:speed>
        </extensions>
      </trkpt>
      <trkpt lat="-13.5865398" lon="-71.2269764">
        <ele>4451.7</ele>
        <time>2026-06-01T13:21:18Z</time>
        <hdop>3</hdop>
        <extensions>
          <osmand:speed>0.1</osmand:speed>
        </extensions>
      </trkpt>
      <trkpt lat="-13.5865101" lon="-71.2269778">
        <ele>4452.4</ele>
        <time>2026-06-01T13:21:34Z</time>
        <hdop>3</hdop>
        <extensions>
          <osmand:speed>0.5</osmand:speed>
        </extensions>
      </trkpt>
      <trkpt lat="-13.5865607" lon="-71.2269777">
        <ele>4451.6</ele>
        <time>2026-06-01T13:21:49Z</time>
        <hdop>3</hdop>
        <extensions>
          <osmand:speed>0</osmand:speed>
        </extensions>
      </trkpt>
      <trkpt lat="-13.5865698" lon="-71.22698">
        <ele>4451.6</ele>
        <time>2026-06-01T13:22:05Z</time>
        <hdop>3</hdop>
        <extensions>
          <osmand:speed>0.1</osmand:speed>
        </extensions>
      </trkpt>
      <trkpt lat="-13.5865695" lon="-71.2269778">
        <ele>4451.6</ele>
        <time>2026-06-01T13:22:20Z</time>
        <hdop>3</hdop>
        <extensions>
          <osmand:speed>0</osmand:speed>
        </extensions>
      </trkpt>
      <trkpt lat="-13.5865708" lon="-71.2269796">
        <ele>4451.6</ele>
        <time>2026-06-01T13:22:36Z</time>
        <hdop>3</hdop>
        <extensions>
          <osmand:speed>0.1</osmand:speed>
        </extensions>
      </trkpt>
      <trkpt lat="-13.5865694" lon="-71.2269788">
        <ele>4451.6</ele>
        <time>2026-06-01T13:22:52Z</time>
        <hdop>3</hdop>
        <extensions>
          <osmand:speed>0.1</osmand:speed>
        </extensions>
      </trkpt>
      <trkpt lat="-13.5865687" lon="-71.2269785">
        <ele>4451.6</ele>
        <time>2026-06-01T13:23:08Z</time>
        <hdop>3</hdop>
        <extensions>
          <osmand:speed>0.1</osmand:speed>
        </extensions>
      </trkpt>
      <trkpt lat="-13.5865677" lon="-71.2269786">
        <ele>4451.6</ele>
        <time>2026-06-01T13:23:24Z</time>
        <hdop>3</hdop>
        <extensions>
          <osmand:speed>0.1</osmand:speed>
        </extensions>
      </trkpt>
      <trkpt lat="-13.5865689" lon="-71.2269783">
        <ele>4451.6</ele>
        <time>2026-06-01T13:23:40Z</time>
        <hdop>3</hdop>
        <extensions>
          <osmand:speed>0.1</osmand:speed>
        </extensions>
      </trkpt>
      <trkpt lat="-13.5865705" lon="-71.2269802">
        <ele>4451.6</ele>
        <time>2026-06-01T13:23:56Z</time>
        <hdop>3</hdop>
        <extensions>
          <osmand:speed>0.1</osmand:speed>
        </extensions>
      </trkpt>
      <trkpt lat="-13.5865712" lon="-71.2269802">
        <ele>4451.6</ele>
        <time>2026-06-01T13:24:12Z</time>
        <hdop>3</hdop>
        <extensions>
          <osmand:speed>0.1</osmand:speed>
        </extensions>
      </trkpt>
      <trkpt lat="-13.5865696" lon="-71.2269796">
        <ele>4451.6</ele>
        <time>2026-06-01T13:24:28Z</time>
        <hdop>3</hdop>
        <extensions>
          <osmand:speed>0.1</osmand:speed>
        </extensions>
      </trkpt>
      <trkpt lat="-13.5865693" lon="-71.2269789">
        <ele>4451.6</ele>
        <time>2026-06-01T13:24:43Z</time>
        <hdop>3</hdop>
        <extensions>
          <osmand:speed>0</osmand:speed>
        </extensions>
      </trkpt>
      <trkpt lat="-13.5865679" lon="-71.2269795">
        <ele>4451.6</ele>
        <time>2026-06-01T13:24:59Z</time>
        <hdop>3</hdop>
        <extensions>
          <osmand:speed>0.1</osmand:speed>
        </extensions>
      </trkpt>
      <trkpt lat="-13.586568" lon="-71.2269792">
        <ele>4451.6</ele>
        <time>2026-06-01T13:25:15Z</time>
        <hdop>3</hdop>
        <extensions>
          <osmand:speed>0.1</osmand:speed>
        </extensions>
      </trkpt>
      <trkpt lat="-13.5865688" lon="-71.2269788">
        <ele>4451.6</ele>
        <time>2026-06-01T13:25:31Z</time>
        <hdop>3</hdop>
        <extensions>
          <osmand:speed>0.1</osmand:speed>
        </extensions>
      </trkpt>
      <trkpt lat="-13.5865715" lon="-71.2269792">
        <ele>4451.6</ele>
        <time>2026-06-01T13:25:47Z</time>
        <hdop>3</hdop>
        <extensions>
          <osmand:speed>0.1</osmand:speed>
        </extensions>
      </trkpt>
      <trkpt lat="-13.5865699" lon="-71.2269792">
        <ele>4451.6</ele>
        <time>2026-06-01T13:26:02Z</time>
        <hdop>3</hdop>
        <extensions>
          <osmand:speed>0.1</osmand:speed>
        </extensions>
      </trkpt>
      <trkpt lat="-13.5865696" lon="-71.22698">
        <ele>4451.6</ele>
        <time>2026-06-01T13:26:17Z</time>
        <hdop>3</hdop>
        <extensions>
          <osmand:speed>0.1</osmand:speed>
        </extensions>
      </trkpt>
      <trkpt lat="-13.5866542" lon="-71.2268763">
        <ele>4452.6</ele>
        <time>2026-06-01T13:26:33Z</time>
        <hdop>3</hdop>
        <extensions>
          <osmand:speed>1.2</osmand:speed>
        </extensions>
      </trkpt>
      <trkpt lat="-13.5866756" lon="-71.2267872">
        <ele>4448.8</ele>
        <time>2026-06-01T13:26:48Z</time>
        <hdop>3</hdop>
        <extensions>
          <osmand:speed>0.2</osmand:speed>
        </extensions>
      </trkpt>
      <trkpt lat="-13.5866756" lon="-71.2267989">
        <ele>4448.5</ele>
        <time>2026-06-01T13:27:04Z</time>
        <hdop>3</hdop>
        <extensions>
          <osmand:speed>0.1</osmand:speed>
        </extensions>
      </trkpt>
      <trkpt lat="-13.5866761" lon="-71.2267969">
        <ele>4448.5</ele>
        <time>2026-06-01T13:27:20Z</time>
        <hdop>3</hdop>
        <extensions>
          <osmand:speed>0.1</osmand:speed>
        </extensions>
      </trkpt>
      <trkpt lat="-13.5866761" lon="-71.2267986">
        <ele>4448.5</ele>
        <time>2026-06-01T13:27:36Z</time>
        <hdop>3</hdop>
        <extensions>
          <osmand:speed>0.1</osmand:speed>
        </extensions>
      </trkpt>
      <trkpt lat="-13.586667" lon="-71.2268202">
        <ele>4451.8</ele>
        <time>2026-06-01T13:27:51Z</time>
        <hdop>3</hdop>
        <extensions>
          <osmand:speed>0.2</osmand:speed>
        </extensions>
      </trkpt>
      <trkpt lat="-13.586635" lon="-71.2269199">
        <ele>4451.9</ele>
        <time>2026-06-01T13:28:07Z</time>
        <hdop>3</hdop>
        <extensions>
          <osmand:speed>0.6</osmand:speed>
        </extensions>
      </trkpt>
      <trkpt lat="-13.586536" lon="-71.2269672">
        <ele>4452.4</ele>
        <time>2026-06-01T13:28:22Z</time>
        <hdop>3</hdop>
        <extensions>
          <osmand:speed>0.6</osmand:speed>
        </extensions>
      </trkpt>
      <trkpt lat="-13.5865586" lon="-71.2269781">
        <ele>4452.9</ele>
        <time>2026-06-01T13:28:37Z</time>
        <hdop>3</hdop>
        <extensions>
          <osmand:speed>0</osmand:speed>
        </extensions>
      </trkpt>
      <trkpt lat="-13.586558" lon="-71.2269774">
        <ele>4452.9</ele>
        <time>2026-06-01T13:28:53Z</time>
        <hdop>3</hdop>
        <extensions>
          <osmand:speed>0.1</osmand:speed>
        </extensions>
      </trkpt>
      <trkpt lat="-13.5865564" lon="-71.2269773">
        <ele>4452.9</ele>
        <time>2026-06-01T13:29:09Z</time>
        <hdop>3</hdop>
        <extensions>
          <osmand:speed>0.1</osmand:speed>
        </extensions>
      </trkpt>
      <trkpt lat="-13.5865564" lon="-71.2269779">
        <ele>4452.8</ele>
        <time>2026-06-01T13:29:24Z</time>
        <hdop>3</hdop>
        <extensions>
          <osmand:speed>0.2</osmand:speed>
        </extensions>
      </trkpt>
      <trkpt lat="-13.5865777" lon="-71.2269733">
        <ele>4454.2</ele>
        <time>2026-06-01T13:29:40Z</time>
        <hdop>3</hdop>
        <extensions>
          <osmand:speed>0</osmand:speed>
        </extensions>
      </trkpt>
      <trkpt lat="-13.5865794" lon="-71.2269739">
        <ele>4454.2</ele>
        <time>2026-06-01T13:29:56Z</time>
        <hdop>3</hdop>
        <extensions>
          <osmand:speed>0.1</osmand:speed>
        </extensions>
      </trkpt>
      <trkpt lat="-13.5865785" lon="-71.2269732">
        <ele>4454.2</ele>
        <time>2026-06-01T13:30:12Z</time>
        <hdop>3</hdop>
        <extensions>
          <osmand:speed>0.1</osmand:speed>
        </extensions>
      </trkpt>
      <trkpt lat="-13.5865792" lon="-71.2269722">
        <ele>4454.2</ele>
        <time>2026-06-01T13:30:28Z</time>
        <hdop>3</hdop>
        <extensions>
          <osmand:speed>0.1</osmand:speed>
        </extensions>
      </trkpt>
      <trkpt lat="-13.5865968" lon="-71.2269679">
        <ele>4454.9</ele>
        <time>2026-06-01T13:30:43Z</time>
        <hdop>3</hdop>
        <extensions>
          <osmand:speed>0.6</osmand:speed>
        </extensions>
      </trkpt>
      <trkpt lat="-13.5866748" lon="-71.2268419">
        <ele>4446.2</ele>
        <time>2026-06-01T13:30:58Z</time>
        <hdop>3</hdop>
        <extensions>
          <osmand:speed>1.3</osmand:speed>
        </extensions>
      </trkpt>
      <trkpt lat="-13.5867638" lon="-71.2267908">
        <ele>4448.2</ele>
        <time>2026-06-01T13:31:14Z</time>
        <hdop>3</hdop>
        <extensions>
          <osmand:speed>0.4</osmand:speed>
        </extensions>
      </trkpt>
      <trkpt lat="-13.5867668" lon="-71.2267806">
        <ele>4448.2</ele>
        <time>2026-06-01T13:31:29Z</time>
        <hdop>3</hdop>
        <extensions>
          <osmand:speed>0</osmand:speed>
        </extensions>
      </trkpt>
      <trkpt lat="-13.5868104" lon="-71.2267557">
        <ele>4453.2</ele>
        <time>2026-06-01T13:31:45Z</time>
        <hdop>3</hdop>
        <extensions>
          <osmand:speed>0.1</osmand:speed>
        </extensions>
      </trkpt>
      <trkpt lat="-13.5868116" lon="-71.2267573">
        <ele>4453.2</ele>
        <time>2026-06-01T13:32:01Z</time>
        <hdop>3</hdop>
        <extensions>
          <osmand:speed>0.1</osmand:speed>
        </extensions>
      </trkpt>
      <trkpt lat="-13.5868114" lon="-71.2267572">
        <ele>4453.2</ele>
        <time>2026-06-01T13:32:17Z</time>
        <hdop>3</hdop>
        <extensions>
          <osmand:speed>0.1</osmand:speed>
        </extensions>
      </trkpt>
      <trkpt lat="-13.5868117" lon="-71.2267567">
        <ele>4453.2</ele>
        <time>2026-06-01T13:32:33Z</time>
        <hdop>3</hdop>
        <extensions>
          <osmand:speed>0.1</osmand:speed>
        </extensions>
      </trkpt>
      <trkpt lat="-13.5868103" lon="-71.2267541">
        <ele>4453.2</ele>
        <time>2026-06-01T13:32:49Z</time>
        <hdop>3</hdop>
        <extensions>
          <osmand:speed>0.1</osmand:speed>
        </extensions>
      </trkpt>
      <trkpt lat="-13.5868101" lon="-71.2267523">
        <ele>4453.2</ele>
        <time>2026-06-01T13:33:05Z</time>
        <hdop>3</hdop>
        <extensions>
          <osmand:speed>0.1</osmand:speed>
        </extensions>
      </trkpt>
      <trkpt lat="-13.5868108" lon="-71.2267531">
        <ele>4453.2</ele>
        <time>2026-06-01T13:33:21Z</time>
        <hdop>3</hdop>
        <extensions>
          <osmand:speed>0.1</osmand:speed>
        </extensions>
      </trkpt>
      <trkpt lat="-13.5868109" lon="-71.226755">
        <ele>4453.2</ele>
        <time>2026-06-01T13:33:37Z</time>
        <hdop>3</hdop>
        <extensions>
          <osmand:speed>0.1</osmand:speed>
        </extensions>
      </trkpt>
      <trkpt lat="-13.5868099" lon="-71.2267551">
        <ele>4453.2</ele>
        <time>2026-06-01T13:33:53Z</time>
        <hdop>3</hdop>
        <extensions>
          <osmand:speed>0.1</osmand:speed>
        </extensions>
      </trkpt>
      <trkpt lat="-13.5868095" lon="-71.2267547">
        <ele>4453.2</ele>
        <time>2026-06-01T13:34:09Z</time>
        <hdop>3</hdop>
        <extensions>
          <osmand:speed>0.1</osmand:speed>
        </extensions>
      </trkpt>
      <trkpt lat="-13.5868084" lon="-71.226755">
        <ele>4453.2</ele>
        <time>2026-06-01T13:34:25Z</time>
        <hdop>3</hdop>
        <extensions>
          <osmand:speed>0.1</osmand:speed>
        </extensions>
      </trkpt>
      <trkpt lat="-13.5868085" lon="-71.226755">
        <ele>4453.2</ele>
        <time>2026-06-01T13:34:41Z</time>
        <hdop>3</hdop>
        <extensions>
          <osmand:speed>0.1</osmand:speed>
        </extensions>
      </trkpt>
      <trkpt lat="-13.5868104" lon="-71.2267546">
        <ele>4453.2</ele>
        <time>2026-06-01T13:34:57Z</time>
        <hdop>3</hdop>
        <extensions>
          <osmand:speed>0.1</osmand:speed>
        </extensions>
      </trkpt>
      <trkpt lat="-13.586812" lon="-71.2267548">
        <ele>4453.2</ele>
        <time>2026-06-01T13:35:13Z</time>
        <hdop>3</hdop>
        <extensions>
          <osmand:speed>0.1</osmand:speed>
        </extensions>
      </trkpt>
      <trkpt lat="-13.5868102" lon="-71.2267539">
        <ele>4453.2</ele>
        <time>2026-06-01T13:35:29Z</time>
        <hdop>3</hdop>
        <extensions>
          <osmand:speed>0.1</osmand:speed>
        </extensions>
      </trkpt>
      <trkpt lat="-13.5868086" lon="-71.2267553">
        <ele>4453.2</ele>
        <time>2026-06-01T13:35:45Z</time>
        <hdop>3</hdop>
        <extensions>
          <osmand:speed>0.1</osmand:speed>
        </extensions>
      </trkpt>
      <trkpt lat="-13.5867276" lon="-71.2268217">
        <ele>4451.2</ele>
        <time>2026-06-01T13:36:00Z</time>
        <hdop>3</hdop>
        <extensions>
          <osmand:speed>1</osmand:speed>
        </extensions>
      </trkpt>
      <trkpt lat="-13.5866224" lon="-71.2269242">
        <ele>4448.5</ele>
        <time>2026-06-01T13:36:16Z</time>
        <hdop>3</hdop>
        <extensions>
          <osmand:speed>1</osmand:speed>
        </extensions>
      </trkpt>
      <trkpt lat="-13.5865598" lon="-71.2269758">
        <ele>4453.1</ele>
        <time>2026-06-01T13:36:31Z</time>
        <hdop>3</hdop>
        <extensions>
          <osmand:speed>0.3</osmand:speed>
        </extensions>
      </trkpt>
      <trkpt lat="-13.5865631" lon="-71.2269793">
        <ele>4452.8</ele>
        <time>2026-06-01T13:36:47Z</time>
        <hdop>3</hdop>
        <extensions>
          <osmand:speed>0.1</osmand:speed>
        </extensions>
      </trkpt>
      <trkpt lat="-13.5865603" lon="-71.2269788">
        <ele>4452.8</ele>
        <time>2026-06-01T13:37:03Z</time>
        <hdop>3</hdop>
        <extensions>
          <osmand:speed>0.1</osmand:speed>
        </extensions>
      </trkpt>
      <trkpt lat="-13.586561" lon="-71.2269785">
        <ele>4452.8</ele>
        <time>2026-06-01T13:37:19Z</time>
        <hdop>3</hdop>
        <extensions>
          <osmand:speed>0.1</osmand:speed>
        </extensions>
      </trkpt>
      <trkpt lat="-13.5865633" lon="-71.2269783">
        <ele>4452.8</ele>
        <time>2026-06-01T13:37:35Z</time>
        <hdop>1.4</hdop>
      </trkpt>
      <trkpt lat="-13.5865633" lon="-71.2269783">
        <ele>4452.8</ele>
        <time>2026-06-01T13:37:50Z</time>
        <hdop>1.5</hdop>
      </trkpt>
      <trkpt lat="-13.5865633" lon="-71.2269783">
        <ele>4452.8</ele>
        <time>2026-06-01T13:38:06Z</time>
        <hdop>1.5</hdop>
      </trkpt>
      <trkpt lat="-13.5865633" lon="-71.2269783">
        <ele>4452.8</ele>
        <time>2026-06-01T13:38:22Z</time>
        <hdop>1.6</hdop>
      </trkpt>
      <trkpt lat="-13.5865633" lon="-71.2269783">
        <ele>4452.8</ele>
        <time>2026-06-01T13:38:38Z</time>
        <hdop>1.6</hdop>
      </trkpt>
      <trkpt lat="-13.5865633" lon="-71.2269783">
        <ele>4452.8</ele>
        <time>2026-06-01T13:38:54Z</time>
        <hdop>1.6</hdop>
      </trkpt>
      <trkpt lat="-13.5865633" lon="-71.2269783">
        <ele>4452.8</ele>
        <time>2026-06-01T13:39:10Z</time>
        <hdop>1.8</hdop>
      </trkpt>
      <trkpt lat="-13.5865633" lon="-71.2269783">
        <ele>4452.8</ele>
        <time>2026-06-01T13:39:25Z</time>
        <hdop>1.7</hdop>
      </trkpt>
      <trkpt lat="-13.5865633" lon="-71.2269783">
        <ele>4452.8</ele>
        <time>2026-06-01T13:39:41Z</time>
        <hdop>1.4</hdop>
      </trkpt>
      <trkpt lat="-13.5865633" lon="-71.2269783">
        <ele>4452.8</ele>
        <time>2026-06-01T13:39:57Z</time>
        <hdop>1.4</hdop>
      </trkpt>
      <trkpt lat="-13.5865633" lon="-71.2269783">
        <ele>4452.8</ele>
        <time>2026-06-01T13:40:13Z</time>
        <hdop>1.4</hdop>
      </trkpt>
      <trkpt lat="-13.5865633" lon="-71.2269783">
        <ele>4452.8</ele>
        <time>2026-06-01T13:40:28Z</time>
        <hdop>1.5</hdop>
      </trkpt>
      <trkpt lat="-13.5865633" lon="-71.2269783">
        <ele>4452.8</ele>
        <time>2026-06-01T13:40:44Z</time>
        <hdop>1.4</hdop>
      </trkpt>
      <trkpt lat="-13.5865633" lon="-71.2269783">
        <ele>4452.8</ele>
        <time>2026-06-01T13:41:00Z</time>
        <hdop>1.4</hdop>
      </trkpt>
      <trkpt lat="-13.5865633" lon="-71.2269783">
        <ele>4452.8</ele>
        <time>2026-06-01T13:41:15Z</time>
        <hdop>1.5</hdop>
      </trkpt>
      <trkpt lat="-13.5865633" lon="-71.2269783">
        <ele>4452.8</ele>
        <time>2026-06-01T13:41:31Z</time>
        <hdop>1.8</hdop>
      </trkpt>
      <trkpt lat="-13.5865733" lon="-71.226965">
        <ele>4452</ele>
        <time>2026-06-01T13:41:47Z</time>
        <hdop>1.8</hdop>
      </trkpt>
      <trkpt lat="-13.5865733" lon="-71.226965">
        <ele>4452</ele>
        <time>2026-06-01T13:42:03Z</time>
        <hdop>1.7</hdop>
      </trkpt>
      <trkpt lat="-13.5865733" lon="-71.226965">
        <ele>4452</ele>
        <time>2026-06-01T13:42:19Z</time>
        <hdop>1.5</hdop>
      </trkpt>
      <trkpt lat="-13.5865733" lon="-71.226965">
        <ele>4452</ele>
        <time>2026-06-01T13:42:35Z</time>
        <hdop>1.6</hdop>
      </trkpt>
      <trkpt lat="-13.5865733" lon="-71.226965">
        <ele>4452</ele>
        <time>2026-06-01T13:42:51Z</time>
        <hdop>1.5</hdop>
      </trkpt>
      <trkpt lat="-13.5865733" lon="-71.226965">
        <ele>4452</ele>
        <time>2026-06-01T13:43:07Z</time>
        <hdop>1.8</hdop>
      </trkpt>
      <trkpt lat="-13.5865733" lon="-71.226965">
        <ele>4452</ele>
        <time>2026-06-01T13:43:23Z</time>
        <hdop>1.7</hdop>
      </trkpt>
      <trkpt lat="-13.5865733" lon="-71.226965">
        <ele>4452</ele>
        <time>2026-06-01T13:43:38Z</time>
        <hdop>1.8</hdop>
      </trkpt>
      <trkpt lat="-13.5865733" lon="-71.226965">
        <ele>4452</ele>
        <time>2026-06-01T13:43:54Z</time>
        <hdop>1.8</hdop>
      </trkpt>
      <trkpt lat="-13.5865733" lon="-71.226965">
        <ele>4452</ele>
        <time>2026-06-01T13:44:10Z</time>
        <hdop>1.8</hdop>
      </trkpt>
      <trkpt lat="-13.5865725" lon="-71.2269657">
        <ele>4452</ele>
        <time>2026-06-01T13:44:25Z</time>
        <hdop>2.6</hdop>
        <extensions>
          <osmand:speed>0.1</osmand:speed>
        </extensions>
      </trkpt>
      <trkpt lat="-13.5865732" lon="-71.2269652">
        <ele>4452</ele>
        <time>2026-06-01T13:44:41Z</time>
        <hdop>3</hdop>
        <extensions>
          <osmand:speed>0</osmand:speed>
        </extensions>
      </trkpt>
      <trkpt lat="-13.5865727" lon="-71.226965">
        <ele>4452</ele>
        <time>2026-06-01T13:44:57Z</time>
        <hdop>3</hdop>
        <extensions>
          <osmand:speed>0.1</osmand:speed>
        </extensions>
      </trkpt>
      <trkpt lat="-13.5865735" lon="-71.2269651">
        <ele>4452</ele>
        <time>2026-06-01T13:45:13Z</time>
        <hdop>3</hdop>
        <extensions>
          <osmand:speed>0.1</osmand:speed>
        </extensions>
      </trkpt>
      <trkpt lat="-13.5865737" lon="-71.2269643">
        <ele>4452</ele>
        <time>2026-06-01T13:45:29Z</time>
        <hdop>3</hdop>
        <extensions>
          <osmand:speed>0.1</osmand:speed>
        </extensions>
      </trkpt>
      <trkpt lat="-13.5865726" lon="-71.2269651">
        <ele>4452</ele>
        <time>2026-06-01T13:45:45Z</time>
        <hdop>3</hdop>
        <extensions>
          <osmand:speed>0</osmand:speed>
        </extensions>
      </trkpt>
      <trkpt lat="-13.586572" lon="-71.226966">
        <ele>4452</ele>
        <time>2026-06-01T13:46:01Z</time>
        <hdop>3</hdop>
        <extensions>
          <osmand:speed>0.1</osmand:speed>
        </extensions>
      </trkpt>
      <trkpt lat="-13.5865725" lon="-71.2269651">
        <ele>4452</ele>
        <time>2026-06-01T13:46:17Z</time>
        <hdop>3</hdop>
        <extensions>
          <osmand:speed>0.1</osmand:speed>
        </extensions>
      </trkpt>
      <trkpt lat="-13.5865728" lon="-71.2269644">
        <ele>4452</ele>
        <time>2026-06-01T13:46:33Z</time>
        <hdop>3</hdop>
        <extensions>
          <osmand:speed>0.1</osmand:speed>
        </extensions>
      </trkpt>
      <trkpt lat="-13.5865729" lon="-71.2269646">
        <ele>4452</ele>
        <time>2026-06-01T13:46:49Z</time>
        <hdop>3</hdop>
        <extensions>
          <osmand:speed>0.1</osmand:speed>
        </extensions>
      </trkpt>
      <trkpt lat="-13.5865752" lon="-71.2269652">
        <ele>4452</ele>
        <time>2026-06-01T13:47:04Z</time>
        <hdop>3</hdop>
        <extensions>
          <osmand:speed>0.1</osmand:speed>
        </extensions>
      </trkpt>
      <trkpt lat="-13.5865742" lon="-71.2269657">
        <ele>4452</ele>
        <time>2026-06-01T13:47:20Z</time>
        <hdop>3</hdop>
        <extensions>
          <osmand:speed>0.1</osmand:speed>
        </extensions>
      </trkpt>
      <trkpt lat="-13.5865734" lon="-71.2269652">
        <ele>4452</ele>
        <time>2026-06-01T13:47:36Z</time>
        <hdop>3</hdop>
        <extensions>
          <osmand:speed>0.1</osmand:speed>
        </extensions>
      </trkpt>
      <trkpt lat="-13.5865716" lon="-71.2269658">
        <ele>4452</ele>
        <time>2026-06-01T13:47:51Z</time>
        <hdop>3</hdop>
        <extensions>
          <osmand:speed>0.1</osmand:speed>
        </extensions>
      </trkpt>
      <trkpt lat="-13.5865727" lon="-71.2269643">
        <ele>4452</ele>
        <time>2026-06-01T13:48:07Z</time>
        <hdop>3</hdop>
        <extensions>
          <osmand:speed>0.1</osmand:speed>
        </extensions>
      </trkpt>
      <trkpt lat="-13.5865729" lon="-71.226964">
        <ele>4452</ele>
        <time>2026-06-01T13:48:23Z</time>
        <hdop>3</hdop>
        <extensions>
          <osmand:speed>0.1</osmand:speed>
        </extensions>
      </trkpt>
      <trkpt lat="-13.5865754" lon="-71.2269646">
        <ele>4452</ele>
        <time>2026-06-01T13:48:39Z</time>
        <hdop>3</hdop>
        <extensions>
          <osmand:speed>0.1</osmand:speed>
        </extensions>
      </trkpt>
      <trkpt lat="-13.5865737" lon="-71.2269648">
        <ele>4452</ele>
        <time>2026-06-01T13:48:55Z</time>
        <hdop>3</hdop>
        <extensions>
          <osmand:speed>0.1</osmand:speed>
        </extensions>
      </trkpt>
      <trkpt lat="-13.5865743" lon="-71.2269646">
        <ele>4452</ele>
        <time>2026-06-01T13:49:11Z</time>
        <hdop>3</hdop>
        <extensions>
          <osmand:speed>0.1</osmand:speed>
        </extensions>
      </trkpt>
      <trkpt lat="-13.5865741" lon="-71.2269654">
        <ele>4452</ele>
        <time>2026-06-01T13:49:26Z</time>
        <hdop>3</hdop>
        <extensions>
          <osmand:speed>0.1</osmand:speed>
        </extensions>
      </trkpt>
      <trkpt lat="-13.586573" lon="-71.2269661">
        <ele>4452</ele>
        <time>2026-06-01T13:49:42Z</time>
        <hdop>3</hdop>
        <extensions>
          <osmand:speed>0.1</osmand:speed>
        </extensions>
      </trkpt>
      <trkpt lat="-13.586574" lon="-71.2269671">
        <ele>4452</ele>
        <time>2026-06-01T13:49:58Z</time>
        <hdop>3</hdop>
        <extensions>
          <osmand:speed>0.1</osmand:speed>
        </extensions>
      </trkpt>
      <trkpt lat="-13.5865753" lon="-71.2269653">
        <ele>4452</ele>
        <time>2026-06-01T13:50:14Z</time>
        <hdop>3</hdop>
        <extensions>
          <osmand:speed>0.1</osmand:speed>
        </extensions>
      </trkpt>
      <trkpt lat="-13.5865742" lon="-71.2269639">
        <ele>4452</ele>
        <time>2026-06-01T13:50:30Z</time>
        <hdop>3</hdop>
        <extensions>
          <osmand:speed>0.1</osmand:speed>
        </extensions>
      </trkpt>
      <trkpt lat="-13.5865724" lon="-71.226964">
        <ele>4452</ele>
        <time>2026-06-01T13:50:46Z</time>
        <hdop>3</hdop>
        <extensions>
          <osmand:speed>0.1</osmand:speed>
        </extensions>
      </trkpt>
      <trkpt lat="-13.5865731" lon="-71.2269654">
        <ele>4452</ele>
        <time>2026-06-01T13:51:02Z</time>
        <hdop>3</hdop>
        <extensions>
          <osmand:speed>0.1</osmand:speed>
        </extensions>
      </trkpt>
      <trkpt lat="-13.5865732" lon="-71.226966">
        <ele>4452</ele>
        <time>2026-06-01T13:51:18Z</time>
        <hdop>3</hdop>
        <extensions>
          <osmand:speed>0.1</osmand:speed>
        </extensions>
      </trkpt>
      <trkpt lat="-13.5865719" lon="-71.2269656">
        <ele>4452</ele>
        <time>2026-06-01T13:51:33Z</time>
        <hdop>3</hdop>
        <extensions>
          <osmand:speed>0.1</osmand:speed>
        </extensions>
      </trkpt>
      <trkpt lat="-13.5865129" lon="-71.226971">
        <ele>4453.4</ele>
        <time>2026-06-01T13:51:48Z</time>
        <hdop>3</hdop>
        <extensions>
          <osmand:speed>0.9</osmand:speed>
        </extensions>
      </trkpt>
      <trkpt lat="-13.5865585" lon="-71.2270079">
        <ele>4455.1</ele>
        <time>2026-06-01T13:52:04Z</time>
        <hdop>3</hdop>
        <extensions>
          <osmand:speed>0.7</osmand:speed>
        </extensions>
      </trkpt>
      <trkpt lat="-13.5865538" lon="-71.2269684">
        <ele>4455.1</ele>
        <time>2026-06-01T13:52:19Z</time>
        <hdop>3</hdop>
        <extensions>
          <osmand:speed>0</osmand:speed>
        </extensions>
      </trkpt>
      <trkpt lat="-13.5865548" lon="-71.226967">
        <ele>4455.1</ele>
        <time>2026-06-01T13:52:34Z</time>
        <hdop>3</hdop>
        <extensions>
          <osmand:speed>0</osmand:speed>
        </extensions>
      </trkpt>
      <trkpt lat="-13.5865556" lon="-71.2269675">
        <ele>4455.1</ele>
        <time>2026-06-01T13:52:50Z</time>
        <hdop>3</hdop>
        <extensions>
          <osmand:speed>0.1</osmand:speed>
        </extensions>
      </trkpt>
      <trkpt lat="-13.5865555" lon="-71.2269671">
        <ele>4455.1</ele>
        <time>2026-06-01T13:53:05Z</time>
        <hdop>3</hdop>
        <extensions>
          <osmand:speed>0</osmand:speed>
        </extensions>
      </trkpt>
      <trkpt lat="-13.5865541" lon="-71.2269672">
        <ele>4455.1</ele>
        <time>2026-06-01T13:53:21Z</time>
        <hdop>3</hdop>
        <extensions>
          <osmand:speed>0.1</osmand:speed>
        </extensions>
      </trkpt>
      <trkpt lat="-13.586555" lon="-71.2269667">
        <ele>4455.1</ele>
        <time>2026-06-01T13:53:37Z</time>
        <hdop>1.6</hdop>
      </trkpt>
      <trkpt lat="-13.586555" lon="-71.2269667">
        <ele>4455.1</ele>
        <time>2026-06-01T13:53:53Z</time>
        <hdop>1.5</hdop>
      </trkpt>
      <trkpt lat="-13.586555" lon="-71.2269667">
        <ele>4455.1</ele>
        <time>2026-06-01T13:54:09Z</time>
        <hdop>1.6</hdop>
      </trkpt>
      <trkpt lat="-13.586555" lon="-71.2269667">
        <ele>4455.1</ele>
        <time>2026-06-01T13:54:24Z</time>
        <hdop>1.4</hdop>
      </trkpt>
      <trkpt lat="-13.586555" lon="-71.2269667">
        <ele>4455.1</ele>
        <time>2026-06-01T13:54:40Z</time>
        <hdop>1.4</hdop>
      </trkpt>
      <trkpt lat="-13.58659" lon="-71.2270117">
        <ele>4453.7</ele>
        <time>2026-06-01T13:54:56Z</time>
        <hdop>1.4</hdop>
      </trkpt>
      <trkpt lat="-13.5865633" lon="-71.2269967">
        <ele>4456.8</ele>
        <time>2026-06-01T13:55:12Z</time>
        <hdop>1.4</hdop>
        <extensions>
          <osmand:speed>0.4</osmand:speed>
        </extensions>
      </trkpt>
      <trkpt lat="-13.58654" lon="-71.2269767">
        <ele>4454.7</ele>
        <time>2026-06-01T13:55:28Z</time>
        <hdop>1.5</hdop>
        <extensions>
          <osmand:speed>0.3</osmand:speed>
        </extensions>
      </trkpt>
      <trkpt lat="-13.5865283" lon="-71.22696">
        <ele>4454.6</ele>
        <time>2026-06-01T13:55:44Z</time>
        <hdop>1.4</hdop>
      </trkpt>
      <trkpt lat="-13.5865217" lon="-71.2269383">
        <ele>4452.1</ele>
        <time>2026-06-01T13:56:00Z</time>
        <hdop>1.5</hdop>
        <extensions>
          <osmand:speed>0.3</osmand:speed>
        </extensions>
      </trkpt>
      <trkpt lat="-13.5864756" lon="-71.2268883">
        <ele>4452.5</ele>
        <time>2026-06-01T13:56:15Z</time>
        <hdop>2.5</hdop>
        <extensions>
          <osmand:speed>0.6</osmand:speed>
        </extensions>
      </trkpt>
      <trkpt lat="-13.5864331" lon="-71.2268486">
        <ele>4453.2</ele>
        <time>2026-06-01T13:56:30Z</time>
        <hdop>3</hdop>
        <extensions>
          <osmand:speed>0.4</osmand:speed>
        </extensions>
      </trkpt>
      <trkpt lat="-13.5863629" lon="-71.2268447">
        <ele>4452.7</ele>
        <time>2026-06-01T13:56:45Z</time>
        <hdop>3</hdop>
        <extensions>
          <osmand:speed>0.7</osmand:speed>
        </extensions>
      </trkpt>
      <trkpt lat="-13.5862571" lon="-71.2268827">
        <ele>4454.8</ele>
        <time>2026-06-01T13:57:01Z</time>
        <hdop>3</hdop>
        <extensions>
          <osmand:speed>0.7</osmand:speed>
        </extensions>
      </trkpt>
      <trkpt lat="-13.5861545" lon="-71.2269087">
        <ele>4454.3</ele>
        <time>2026-06-01T13:57:16Z</time>
        <hdop>3</hdop>
        <extensions>
          <osmand:speed>0.9</osmand:speed>
        </extensions>
      </trkpt>
      <trkpt lat="-13.5860112" lon="-71.2268795">
        <ele>4453.4</ele>
        <time>2026-06-01T13:57:31Z</time>
        <hdop>3</hdop>
        <extensions>
          <osmand:speed>0.9</osmand:speed>
        </extensions>
      </trkpt>
      <trkpt lat="-13.5859001" lon="-71.2268803">
        <ele>4456.6</ele>
        <time>2026-06-01T13:57:46Z</time>
        <hdop>3</hdop>
        <extensions>
          <osmand:speed>0.8</osmand:speed>
        </extensions>
      </trkpt>
      <trkpt lat="-13.5858004" lon="-71.2268599">
        <ele>4459.1</ele>
        <time>2026-06-01T13:58:02Z</time>
        <hdop>3</hdop>
        <extensions>
          <osmand:speed>0.9</osmand:speed>
        </extensions>
      </trkpt>
      <trkpt lat="-13.5856648" lon="-71.2268838">
        <ele>4461</ele>
        <time>2026-06-01T13:58:17Z</time>
        <hdop>3</hdop>
        <extensions>
          <osmand:speed>0.9</osmand:speed>
        </extensions>
      </trkpt>
      <trkpt lat="-13.5855421" lon="-71.2268618">
        <ele>4462.3</ele>
        <time>2026-06-01T13:58:32Z</time>
        <hdop>3</hdop>
        <extensions>
          <osmand:speed>1</osmand:speed>
        </extensions>
      </trkpt>
      <trkpt lat="-13.5854159" lon="-71.2268224">
        <ele>4461.2</ele>
        <time>2026-06-01T13:58:48Z</time>
        <hdop>3</hdop>
        <extensions>
          <osmand:speed>0.9</osmand:speed>
        </extensions>
      </trkpt>
      <trkpt lat="-13.5853181" lon="-71.2267733">
        <ele>4463.3</ele>
        <time>2026-06-01T13:59:03Z</time>
        <hdop>3</hdop>
        <extensions>
          <osmand:speed>1</osmand:speed>
        </extensions>
      </trkpt>
      <trkpt lat="-13.5852059" lon="-71.2267167">
        <ele>4466.2</ele>
        <time>2026-06-01T13:59:18Z</time>
        <hdop>3</hdop>
        <extensions>
          <osmand:speed>1</osmand:speed>
        </extensions>
      </trkpt>
      <trkpt lat="-13.5850717" lon="-71.2266707">
        <ele>4466.8</ele>
        <time>2026-06-01T13:59:33Z</time>
        <hdop>3</hdop>
        <extensions>
          <osmand:speed>1</osmand:speed>
        </extensions>
      </trkpt>
      <trkpt lat="-13.5849603" lon="-71.2266142">
        <ele>4464.1</ele>
        <time>2026-06-01T13:59:48Z</time>
        <hdop>3</hdop>
        <extensions>
          <osmand:speed>1</osmand:speed>
        </extensions>
      </trkpt>
      <trkpt lat="-13.5848702" lon="-71.2265897">
        <ele>4463</ele>
        <time>2026-06-01T14:00:04Z</time>
        <hdop>3</hdop>
        <extensions>
          <osmand:speed>0.2</osmand:speed>
        </extensions>
      </trkpt>
      <trkpt lat="-13.5848546" lon="-71.2265808">
        <ele>4465</ele>
        <time>2026-06-01T14:00:19Z</time>
        <hdop>3</hdop>
        <extensions>
          <osmand:speed>0.2</osmand:speed>
        </extensions>
      </trkpt>
      <trkpt lat="-13.5846847" lon="-71.2265837">
        <ele>4464.3</ele>
        <time>2026-06-01T14:00:34Z</time>
        <hdop>3</hdop>
        <extensions>
          <osmand:speed>1</osmand:speed>
        </extensions>
      </trkpt>
      <trkpt lat="-13.5845505" lon="-71.2266056">
        <ele>4464.9</ele>
        <time>2026-06-01T14:00:50Z</time>
        <hdop>3</hdop>
        <extensions>
          <osmand:speed>1</osmand:speed>
        </extensions>
      </trkpt>
      <trkpt lat="-13.584555" lon="-71.2265913">
        <ele>4460.4</ele>
        <time>2026-06-01T14:01:06Z</time>
        <hdop>3</hdop>
        <extensions>
          <osmand:speed>0</osmand:speed>
        </extensions>
      </trkpt>
      <trkpt lat="-13.5845545" lon="-71.2265891">
        <ele>4460.4</ele>
        <time>2026-06-01T14:01:22Z</time>
        <hdop>3</hdop>
        <extensions>
          <osmand:speed>0.1</osmand:speed>
        </extensions>
      </trkpt>
      <trkpt lat="-13.5845537" lon="-71.2265887">
        <ele>4460.4</ele>
        <time>2026-06-01T14:01:37Z</time>
        <hdop>3</hdop>
        <extensions>
          <osmand:speed>0.1</osmand:speed>
        </extensions>
      </trkpt>
      <trkpt lat="-13.5845533" lon="-71.2265893">
        <ele>4460.4</ele>
        <time>2026-06-01T14:01:53Z</time>
        <hdop>3</hdop>
        <extensions>
          <osmand:speed>0.1</osmand:speed>
        </extensions>
      </trkpt>
      <trkpt lat="-13.5845313" lon="-71.2266063">
        <ele>4464.2</ele>
        <time>2026-06-01T14:02:08Z</time>
        <hdop>3.6</hdop>
        <extensions>
          <osmand:speed>0.8</osmand:speed>
        </extensions>
      </trkpt>
      <trkpt lat="-13.5843529" lon="-71.2266615">
        <ele>4463.1</ele>
        <time>2026-06-01T14:02:24Z</time>
        <hdop>3</hdop>
        <extensions>
          <osmand:speed>0.9</osmand:speed>
        </extensions>
      </trkpt>
      <trkpt lat="-13.5842075" lon="-71.226674">
        <ele>4463.7</ele>
        <time>2026-06-01T14:02:39Z</time>
        <hdop>3</hdop>
        <extensions>
          <osmand:speed>1</osmand:speed>
        </extensions>
      </trkpt>
      <trkpt lat="-13.5840784" lon="-71.2267285">
        <ele>4464.8</ele>
        <time>2026-06-01T14:02:54Z</time>
        <hdop>3</hdop>
        <extensions>
          <osmand:speed>1</osmand:speed>
        </extensions>
      </trkpt>
      <trkpt lat="-13.5839575" lon="-71.2267479">
        <ele>4464.5</ele>
        <time>2026-06-01T14:03:09Z</time>
        <hdop>3</hdop>
        <extensions>
          <osmand:speed>1</osmand:speed>
        </extensions>
      </trkpt>
      <trkpt lat="-13.583826" lon="-71.2267468">
        <ele>4464.7</ele>
        <time>2026-06-01T14:03:24Z</time>
        <hdop>3</hdop>
        <extensions>
          <osmand:speed>1</osmand:speed>
        </extensions>
      </trkpt>
      <trkpt lat="-13.5836904" lon="-71.2268056">
        <ele>4467</ele>
        <time>2026-06-01T14:03:39Z</time>
        <hdop>3</hdop>
        <extensions>
          <osmand:speed>1</osmand:speed>
        </extensions>
      </trkpt>
      <trkpt lat="-13.5835705" lon="-71.226848">
        <ele>4466.8</ele>
        <time>2026-06-01T14:03:54Z</time>
        <hdop>3</hdop>
        <extensions>
          <osmand:speed>0.9</osmand:speed>
        </extensions>
      </trkpt>
      <trkpt lat="-13.583458" lon="-71.2269071">
        <ele>4467.7</ele>
        <time>2026-06-01T14:04:10Z</time>
        <hdop>3</hdop>
        <extensions>
          <osmand:speed>0.8</osmand:speed>
        </extensions>
      </trkpt>
      <trkpt lat="-13.5833704" lon="-71.2269965">
        <ele>4471.4</ele>
        <time>2026-06-01T14:04:25Z</time>
        <hdop>3</hdop>
        <extensions>
          <osmand:speed>1</osmand:speed>
        </extensions>
      </trkpt>
      <trkpt lat="-13.5832572" lon="-71.2270954">
        <ele>4469.1</ele>
        <time>2026-06-01T14:04:41Z</time>
        <hdop>3</hdop>
        <extensions>
          <osmand:speed>0.9</osmand:speed>
        </extensions>
      </trkpt>
      <trkpt lat="-13.5831608" lon="-71.2271794">
        <ele>4467.7</ele>
        <time>2026-06-01T14:04:56Z</time>
        <hdop>3</hdop>
        <extensions>
          <osmand:speed>1</osmand:speed>
        </extensions>
      </trkpt>
      <trkpt lat="-13.5830492" lon="-71.2272349">
        <ele>4470</ele>
        <time>2026-06-01T14:05:11Z</time>
        <hdop>3</hdop>
        <extensions>
          <osmand:speed>0.9</osmand:speed>
        </extensions>
      </trkpt>
      <trkpt lat="-13.5829497" lon="-71.2273183">
        <ele>4471.1</ele>
        <time>2026-06-01T14:05:27Z</time>
        <hdop>3</hdop>
        <extensions>
          <osmand:speed>0.9</osmand:speed>
        </extensions>
      </trkpt>
      <trkpt lat="-13.5828766" lon="-71.2274264">
        <ele>4468.7</ele>
        <time>2026-06-01T14:05:42Z</time>
        <hdop>3</hdop>
        <extensions>
          <osmand:speed>1.1</osmand:speed>
        </extensions>
      </trkpt>
      <trkpt lat="-13.5827511" lon="-71.2274641">
        <ele>4469.8</ele>
        <time>2026-06-01T14:05:57Z</time>
        <hdop>3</hdop>
        <extensions>
          <osmand:speed>1</osmand:speed>
        </extensions>
      </trkpt>
      <trkpt lat="-13.5826193" lon="-71.2274489">
        <ele>4470.5</ele>
        <time>2026-06-01T14:06:12Z</time>
        <hdop>3</hdop>
        <extensions>
          <osmand:speed>1</osmand:speed>
        </extensions>
      </trkpt>
      <trkpt lat="-13.5824843" lon="-71.2275002">
        <ele>4471.3</ele>
        <time>2026-06-01T14:06:27Z</time>
        <hdop>3</hdop>
        <extensions>
          <osmand:speed>1.1</osmand:speed>
        </extensions>
      </trkpt>
      <trkpt lat="-13.5823732" lon="-71.2275874">
        <ele>4470.6</ele>
        <time>2026-06-01T14:06:42Z</time>
        <hdop>3</hdop>
        <extensions>
          <osmand:speed>1.1</osmand:speed>
        </extensions>
      </trkpt>
      <trkpt lat="-13.5822326" lon="-71.2276416">
        <ele>4470.8</ele>
        <time>2026-06-01T14:06:57Z</time>
        <hdop>3</hdop>
        <extensions>
          <osmand:speed>1.1</osmand:speed>
        </extensions>
      </trkpt>
      <trkpt lat="-13.5821202" lon="-71.2276907">
        <ele>4470.5</ele>
        <time>2026-06-01T14:07:13Z</time>
        <hdop>3</hdop>
        <extensions>
          <osmand:speed>0.9</osmand:speed>
        </extensions>
      </trkpt>
      <trkpt lat="-13.5819767" lon="-71.2277452">
        <ele>4471.7</ele>
        <time>2026-06-01T14:07:28Z</time>
        <hdop>3</hdop>
        <extensions>
          <osmand:speed>1.2</osmand:speed>
        </extensions>
      </trkpt>
      <trkpt lat="-13.5818624" lon="-71.2278009">
        <ele>4474.7</ele>
        <time>2026-06-01T14:07:43Z</time>
        <hdop>3</hdop>
        <extensions>
          <osmand:speed>1</osmand:speed>
        </extensions>
      </trkpt>
      <trkpt lat="-13.5817101" lon="-71.2278383">
        <ele>4473.2</ele>
        <time>2026-06-01T14:07:58Z</time>
        <hdop>3</hdop>
        <extensions>
          <osmand:speed>1.1</osmand:speed>
        </extensions>
      </trkpt>
      <trkpt lat="-13.5815752" lon="-71.2278826">
        <ele>4472.5</ele>
        <time>2026-06-01T14:08:13Z</time>
        <hdop>3</hdop>
        <extensions>
          <osmand:speed>1.1</osmand:speed>
        </extensions>
      </trkpt>
      <trkpt lat="-13.5814291" lon="-71.2278696">
        <ele>4474.1</ele>
        <time>2026-06-01T14:08:28Z</time>
        <hdop>3</hdop>
        <extensions>
          <osmand:speed>1.1</osmand:speed>
        </extensions>
      </trkpt>
      <trkpt lat="-13.5813097" lon="-71.2278884">
        <ele>4474.9</ele>
        <time>2026-06-01T14:08:44Z</time>
        <hdop>3</hdop>
        <extensions>
          <osmand:speed>0.9</osmand:speed>
        </extensions>
      </trkpt>
      <trkpt lat="-13.5812247" lon="-71.2277516">
        <ele>4472.2</ele>
        <time>2026-06-01T14:08:59Z</time>
        <hdop>3</hdop>
        <extensions>
          <osmand:speed>1.1</osmand:speed>
        </extensions>
      </trkpt>
      <trkpt lat="-13.5810983" lon="-71.2277057">
        <ele>4470.6</ele>
        <time>2026-06-01T14:09:14Z</time>
        <hdop>3</hdop>
        <extensions>
          <osmand:speed>1</osmand:speed>
        </extensions>
      </trkpt>
      <trkpt lat="-13.5809871" lon="-71.2276345">
        <ele>4473.8</ele>
        <time>2026-06-01T14:09:29Z</time>
        <hdop>3</hdop>
        <extensions>
          <osmand:speed>1</osmand:speed>
        </extensions>
      </trkpt>
      <trkpt lat="-13.5808551" lon="-71.2275986">
        <ele>4473.6</ele>
        <time>2026-06-01T14:09:45Z</time>
        <hdop>3</hdop>
        <extensions>
          <osmand:speed>1.1</osmand:speed>
        </extensions>
      </trkpt>
      <trkpt lat="-13.5807291" lon="-71.2275839">
        <ele>4475.4</ele>
        <time>2026-06-01T14:10:00Z</time>
        <hdop>3</hdop>
        <extensions>
          <osmand:speed>1</osmand:speed>
        </extensions>
      </trkpt>
      <trkpt lat="-13.5805791" lon="-71.2275811">
        <ele>4470.8</ele>
        <time>2026-06-01T14:10:15Z</time>
        <hdop>3</hdop>
        <extensions>
          <osmand:speed>1.1</osmand:speed>
        </extensions>
      </trkpt>
      <trkpt lat="-13.5804322" lon="-71.2276078">
        <ele>4474.4</ele>
        <time>2026-06-01T14:10:30Z</time>
        <hdop>3</hdop>
        <extensions>
          <osmand:speed>1.1</osmand:speed>
        </extensions>
      </trkpt>
      <trkpt lat="-13.5802962" lon="-71.2276409">
        <ele>4476.2</ele>
        <time>2026-06-01T14:10:45Z</time>
        <hdop>3</hdop>
        <extensions>
          <osmand:speed>1.1</osmand:speed>
        </extensions>
      </trkpt>
      <trkpt lat="-13.5801605" lon="-71.2277052">
        <ele>4476</ele>
        <time>2026-06-01T14:11:00Z</time>
        <hdop>3</hdop>
        <extensions>
          <osmand:speed>1.1</osmand:speed>
        </extensions>
      </trkpt>
      <trkpt lat="-13.5800206" lon="-71.227742">
        <ele>4475.2</ele>
        <time>2026-06-01T14:11:16Z</time>
        <hdop>3</hdop>
        <extensions>
          <osmand:speed>1.1</osmand:speed>
        </extensions>
      </trkpt>
      <trkpt lat="-13.5799097" lon="-71.2277805">
        <ele>4477.1</ele>
        <time>2026-06-01T14:11:31Z</time>
        <hdop>3</hdop>
        <extensions>
          <osmand:speed>0.8</osmand:speed>
        </extensions>
      </trkpt>
      <trkpt lat="-13.5797633" lon="-71.2277825">
        <ele>4476.4</ele>
        <time>2026-06-01T14:11:46Z</time>
        <hdop>3</hdop>
        <extensions>
          <osmand:speed>1</osmand:speed>
        </extensions>
      </trkpt>
      <trkpt lat="-13.5796192" lon="-71.2277683">
        <ele>4478.1</ele>
        <time>2026-06-01T14:12:02Z</time>
        <hdop>3</hdop>
        <extensions>
          <osmand:speed>1.1</osmand:speed>
        </extensions>
      </trkpt>
      <trkpt lat="-13.5794968" lon="-71.2278158">
        <ele>4477.1</ele>
        <time>2026-06-01T14:12:17Z</time>
        <hdop>3</hdop>
        <extensions>
          <osmand:speed>1</osmand:speed>
        </extensions>
      </trkpt>
      <trkpt lat="-13.5793872" lon="-71.2279005">
        <ele>4475.2</ele>
        <time>2026-06-01T14:12:32Z</time>
        <hdop>3</hdop>
        <extensions>
          <osmand:speed>1.2</osmand:speed>
        </extensions>
      </trkpt>
      <trkpt lat="-13.5792708" lon="-71.2279772">
        <ele>4475.9</ele>
        <time>2026-06-01T14:12:47Z</time>
        <hdop>3</hdop>
        <extensions>
          <osmand:speed>1</osmand:speed>
        </extensions>
      </trkpt>
      <trkpt lat="-13.5791585" lon="-71.228032">
        <ele>4473</ele>
        <time>2026-06-01T14:13:03Z</time>
        <hdop>3</hdop>
        <extensions>
          <osmand:speed>0.9</osmand:speed>
        </extensions>
      </trkpt>
      <trkpt lat="-13.5790465" lon="-71.2281234">
        <ele>4472.2</ele>
        <time>2026-06-01T14:13:18Z</time>
        <hdop>3</hdop>
        <extensions>
          <osmand:speed>1.1</osmand:speed>
        </extensions>
      </trkpt>
      <trkpt lat="-13.5789633" lon="-71.228235">
        <ele>4474.8</ele>
        <time>2026-06-01T14:13:33Z</time>
        <hdop>3</hdop>
        <extensions>
          <osmand:speed>1.1</osmand:speed>
        </extensions>
      </trkpt>
      <trkpt lat="-13.5788464" lon="-71.228326">
        <ele>4475.6</ele>
        <time>2026-06-01T14:13:48Z</time>
        <hdop>3</hdop>
        <extensions>
          <osmand:speed>1.1</osmand:speed>
        </extensions>
      </trkpt>
      <trkpt lat="-13.5787206" lon="-71.2283639">
        <ele>4475.1</ele>
        <time>2026-06-01T14:14:03Z</time>
        <hdop>3</hdop>
        <extensions>
          <osmand:speed>1</osmand:speed>
        </extensions>
      </trkpt>
      <trkpt lat="-13.57863" lon="-71.2284829">
        <ele>4474.1</ele>
        <time>2026-06-01T14:14:18Z</time>
        <hdop>3</hdop>
        <extensions>
          <osmand:speed>1.1</osmand:speed>
        </extensions>
      </trkpt>
      <trkpt lat="-13.5785133" lon="-71.2285701">
        <ele>4475.1</ele>
        <time>2026-06-01T14:14:34Z</time>
        <hdop>3</hdop>
        <extensions>
          <osmand:speed>1.1</osmand:speed>
        </extensions>
      </trkpt>
      <trkpt lat="-13.5783732" lon="-71.2286453">
        <ele>4475</ele>
        <time>2026-06-01T14:14:49Z</time>
        <hdop>3</hdop>
        <extensions>
          <osmand:speed>1</osmand:speed>
        </extensions>
      </trkpt>
      <trkpt lat="-13.5782777" lon="-71.2287392">
        <ele>4474.5</ele>
        <time>2026-06-01T14:15:05Z</time>
        <hdop>3</hdop>
        <extensions>
          <osmand:speed>1</osmand:speed>
        </extensions>
      </trkpt>
      <trkpt lat="-13.5781746" lon="-71.2288202">
        <ele>4475.6</ele>
        <time>2026-06-01T14:15:20Z</time>
        <hdop>3</hdop>
        <extensions>
          <osmand:speed>1</osmand:speed>
        </extensions>
      </trkpt>
      <trkpt lat="-13.5780374" lon="-71.2288903">
        <ele>4474.8</ele>
        <time>2026-06-01T14:15:35Z</time>
        <hdop>3</hdop>
        <extensions>
          <osmand:speed>1.1</osmand:speed>
        </extensions>
      </trkpt>
      <trkpt lat="-13.5778964" lon="-71.2289244">
        <ele>4477.5</ele>
        <time>2026-06-01T14:15:50Z</time>
        <hdop>3</hdop>
        <extensions>
          <osmand:speed>0.9</osmand:speed>
        </extensions>
      </trkpt>
      <trkpt lat="-13.5777736" lon="-71.2289622">
        <ele>4478.9</ele>
        <time>2026-06-01T14:16:05Z</time>
        <hdop>3</hdop>
        <extensions>
          <osmand:speed>1</osmand:speed>
        </extensions>
      </trkpt>
      <trkpt lat="-13.5776662" lon="-71.2290336">
        <ele>4476.1</ele>
        <time>2026-06-01T14:16:20Z</time>
        <hdop>3</hdop>
        <extensions>
          <osmand:speed>1</osmand:speed>
        </extensions>
      </trkpt>
      <trkpt lat="-13.5775749" lon="-71.2291394">
        <ele>4479.3</ele>
        <time>2026-06-01T14:16:35Z</time>
        <hdop>3</hdop>
        <extensions>
          <osmand:speed>1</osmand:speed>
        </extensions>
      </trkpt>
      <trkpt lat="-13.5775204" lon="-71.2292423">
        <ele>4478.8</ele>
        <time>2026-06-01T14:16:51Z</time>
        <hdop>3</hdop>
        <extensions>
          <osmand:speed>1.1</osmand:speed>
        </extensions>
      </trkpt>
      <trkpt lat="-13.5774052" lon="-71.2293391">
        <ele>4479.3</ele>
        <time>2026-06-01T14:17:06Z</time>
        <hdop>3</hdop>
        <extensions>
          <osmand:speed>1.2</osmand:speed>
        </extensions>
      </trkpt>
      <trkpt lat="-13.5772731" lon="-71.2294141">
        <ele>4479.7</ele>
        <time>2026-06-01T14:17:21Z</time>
        <hdop>3</hdop>
        <extensions>
          <osmand:speed>1.2</osmand:speed>
        </extensions>
      </trkpt>
      <trkpt lat="-13.5771459" lon="-71.2294859">
        <ele>4478.2</ele>
        <time>2026-06-01T14:17:36Z</time>
        <hdop>3</hdop>
        <extensions>
          <osmand:speed>1.1</osmand:speed>
        </extensions>
      </trkpt>
      <trkpt lat="-13.5769873" lon="-71.2295279">
        <ele>4476.7</ele>
        <time>2026-06-01T14:17:51Z</time>
        <hdop>3</hdop>
        <extensions>
          <osmand:speed>1.1</osmand:speed>
        </extensions>
      </trkpt>
      <trkpt lat="-13.5768617" lon="-71.2295994">
        <ele>4475.7</ele>
        <time>2026-06-01T14:18:07Z</time>
        <hdop>3</hdop>
        <extensions>
          <osmand:speed>1.1</osmand:speed>
        </extensions>
      </trkpt>
      <trkpt lat="-13.576721" lon="-71.2296778">
        <ele>4479.4</ele>
        <time>2026-06-01T14:18:22Z</time>
        <hdop>3</hdop>
        <extensions>
          <osmand:speed>1.3</osmand:speed>
        </extensions>
      </trkpt>
      <trkpt lat="-13.5765603" lon="-71.2297128">
        <ele>4477.7</ele>
        <time>2026-06-01T14:18:37Z</time>
        <hdop>3</hdop>
        <extensions>
          <osmand:speed>1.1</osmand:speed>
        </extensions>
      </trkpt>
      <trkpt lat="-13.5764319" lon="-71.2297779">
        <ele>4477.8</ele>
        <time>2026-06-01T14:18:52Z</time>
        <hdop>3</hdop>
        <extensions>
          <osmand:speed>1</osmand:speed>
        </extensions>
      </trkpt>
      <trkpt lat="-13.5763562" lon="-71.229851">
        <ele>4477.3</ele>
        <time>2026-06-01T14:19:08Z</time>
        <hdop>3</hdop>
        <extensions>
          <osmand:speed>0.8</osmand:speed>
        </extensions>
      </trkpt>
      <trkpt lat="-13.5762926" lon="-71.2299078">
        <ele>4478.4</ele>
        <time>2026-06-01T14:19:23Z</time>
        <hdop>3</hdop>
        <extensions>
          <osmand:speed>0.3</osmand:speed>
        </extensions>
      </trkpt>
      <trkpt lat="-13.5762979" lon="-71.2299112">
        <ele>4478.4</ele>
        <time>2026-06-01T14:19:39Z</time>
        <hdop>3</hdop>
        <extensions>
          <osmand:speed>0</osmand:speed>
        </extensions>
      </trkpt>
      <trkpt lat="-13.5762971" lon="-71.2299089">
        <ele>4478.4</ele>
        <time>2026-06-01T14:19:55Z</time>
        <hdop>3</hdop>
        <extensions>
          <osmand:speed>0.1</osmand:speed>
        </extensions>
      </trkpt>
      <trkpt lat="-13.576299" lon="-71.2299089">
        <ele>4478.4</ele>
        <time>2026-06-01T14:20:11Z</time>
        <hdop>3</hdop>
        <extensions>
          <osmand:speed>0.1</osmand:speed>
        </extensions>
      </trkpt>
      <trkpt lat="-13.5762781" lon="-71.2299277">
        <ele>4480.9</ele>
        <time>2026-06-01T14:20:27Z</time>
        <hdop>3</hdop>
        <extensions>
          <osmand:speed>0.3</osmand:speed>
        </extensions>
      </trkpt>
      <trkpt lat="-13.576131" lon="-71.2299635">
        <ele>4478.4</ele>
        <time>2026-06-01T14:20:42Z</time>
        <hdop>3</hdop>
        <extensions>
          <osmand:speed>1</osmand:speed>
        </extensions>
      </trkpt>
      <trkpt lat="-13.5760283" lon="-71.2300474">
        <ele>4479.8</ele>
        <time>2026-06-01T14:20:57Z</time>
        <hdop>3</hdop>
        <extensions>
          <osmand:speed>0.9</osmand:speed>
        </extensions>
      </trkpt>
      <trkpt lat="-13.5759157" lon="-71.2301199">
        <ele>4477.4</ele>
        <time>2026-06-01T14:21:12Z</time>
        <hdop>3</hdop>
        <extensions>
          <osmand:speed>1</osmand:speed>
        </extensions>
      </trkpt>
      <trkpt lat="-13.575791" lon="-71.2301848">
        <ele>4477.2</ele>
        <time>2026-06-01T14:21:28Z</time>
        <hdop>3</hdop>
        <extensions>
          <osmand:speed>1.1</osmand:speed>
        </extensions>
      </trkpt>
      <trkpt lat="-13.5756603" lon="-71.2302734">
        <ele>4479.3</ele>
        <time>2026-06-01T14:21:43Z</time>
        <hdop>3</hdop>
        <extensions>
          <osmand:speed>1.2</osmand:speed>
        </extensions>
      </trkpt>
      <trkpt lat="-13.5755749" lon="-71.2303627">
        <ele>4478.7</ele>
        <time>2026-06-01T14:21:58Z</time>
        <hdop>3</hdop>
        <extensions>
          <osmand:speed>0.8</osmand:speed>
        </extensions>
      </trkpt>
      <trkpt lat="-13.5754462" lon="-71.230407">
        <ele>4479.3</ele>
        <time>2026-06-01T14:22:14Z</time>
        <hdop>3</hdop>
        <extensions>
          <osmand:speed>1</osmand:speed>
        </extensions>
      </trkpt>
      <trkpt lat="-13.5753295" lon="-71.2304864">
        <ele>4477.2</ele>
        <time>2026-06-01T14:22:29Z</time>
        <hdop>3</hdop>
        <extensions>
          <osmand:speed>1.1</osmand:speed>
        </extensions>
      </trkpt>
      <trkpt lat="-13.5752167" lon="-71.2305741">
        <ele>4478.2</ele>
        <time>2026-06-01T14:22:44Z</time>
        <hdop>3</hdop>
        <extensions>
          <osmand:speed>1.2</osmand:speed>
        </extensions>
      </trkpt>
      <trkpt lat="-13.5751004" lon="-71.2306501">
        <ele>4479.1</ele>
        <time>2026-06-01T14:22:59Z</time>
        <hdop>3</hdop>
        <extensions>
          <osmand:speed>1.1</osmand:speed>
        </extensions>
      </trkpt>
      <trkpt lat="-13.5750031" lon="-71.2307558">
        <ele>4481.6</ele>
        <time>2026-06-01T14:23:15Z</time>
        <hdop>3</hdop>
        <extensions>
          <osmand:speed>1.1</osmand:speed>
        </extensions>
      </trkpt>
      <trkpt lat="-13.5748729" lon="-71.2308218">
        <ele>4481.5</ele>
        <time>2026-06-01T14:23:30Z</time>
        <hdop>3</hdop>
        <extensions>
          <osmand:speed>1.1</osmand:speed>
        </extensions>
      </trkpt>
      <trkpt lat="-13.5747429" lon="-71.2308783">
        <ele>4477.1</ele>
        <time>2026-06-01T14:23:45Z</time>
        <hdop>3</hdop>
        <extensions>
          <osmand:speed>1</osmand:speed>
        </extensions>
      </trkpt>
      <trkpt lat="-13.574611" lon="-71.2309552">
        <ele>4476</ele>
        <time>2026-06-01T14:24:01Z</time>
        <hdop>3</hdop>
        <extensions>
          <osmand:speed>1.1</osmand:speed>
        </extensions>
      </trkpt>
      <trkpt lat="-13.5744962" lon="-71.2310446">
        <ele>4476.9</ele>
        <time>2026-06-01T14:24:16Z</time>
        <hdop>3</hdop>
        <extensions>
          <osmand:speed>1.1</osmand:speed>
        </extensions>
      </trkpt>
      <trkpt lat="-13.574404" lon="-71.2311356">
        <ele>4477.7</ele>
        <time>2026-06-01T14:24:31Z</time>
        <hdop>3</hdop>
        <extensions>
          <osmand:speed>0.9</osmand:speed>
        </extensions>
      </trkpt>
      <trkpt lat="-13.5742862" lon="-71.2311278">
        <ele>4478.1</ele>
        <time>2026-06-01T14:24:46Z</time>
        <hdop>3</hdop>
        <extensions>
          <osmand:speed>0.9</osmand:speed>
        </extensions>
      </trkpt>
      <trkpt lat="-13.5741705" lon="-71.2310892">
        <ele>4476.2</ele>
        <time>2026-06-01T14:25:02Z</time>
        <hdop>3</hdop>
        <extensions>
          <osmand:speed>1</osmand:speed>
        </extensions>
      </trkpt>
      <trkpt lat="-13.5740535" lon="-71.2310591">
        <ele>4477.5</ele>
        <time>2026-06-01T14:25:17Z</time>
        <hdop>3</hdop>
        <extensions>
          <osmand:speed>0.8</osmand:speed>
        </extensions>
      </trkpt>
      <trkpt lat="-13.5739895" lon="-71.2310311">
        <ele>4477.3</ele>
        <time>2026-06-01T14:25:32Z</time>
        <hdop>3</hdop>
        <extensions>
          <osmand:speed>0.6</osmand:speed>
        </extensions>
      </trkpt>
      <trkpt lat="-13.5739307" lon="-71.2310192">
        <ele>4477.6</ele>
        <time>2026-06-01T14:25:47Z</time>
        <hdop>3</hdop>
        <extensions>
          <osmand:speed>0.6</osmand:speed>
        </extensions>
      </trkpt>
      <trkpt lat="-13.5738609" lon="-71.2310261">
        <ele>4477.2</ele>
        <time>2026-06-01T14:26:03Z</time>
        <hdop>3</hdop>
        <extensions>
          <osmand:speed>0.7</osmand:speed>
        </extensions>
      </trkpt>
      <trkpt lat="-13.5737532" lon="-71.2309806">
        <ele>4477</ele>
        <time>2026-06-01T14:26:18Z</time>
        <hdop>3</hdop>
        <extensions>
          <osmand:speed>0.9</osmand:speed>
        </extensions>
      </trkpt>
      <trkpt lat="-13.5736471" lon="-71.2310042">
        <ele>4479.9</ele>
        <time>2026-06-01T14:26:33Z</time>
        <hdop>3</hdop>
        <extensions>
          <osmand:speed>0.6</osmand:speed>
        </extensions>
      </trkpt>
      <trkpt lat="-13.5735469" lon="-71.2310023">
        <ele>4479.6</ele>
        <time>2026-06-01T14:26:48Z</time>
        <hdop>3</hdop>
        <extensions>
          <osmand:speed>0.8</osmand:speed>
        </extensions>
      </trkpt>
      <trkpt lat="-13.5734717" lon="-71.2310116">
        <ele>4479.9</ele>
        <time>2026-06-01T14:27:04Z</time>
        <hdop>3</hdop>
        <extensions>
          <osmand:speed>0.7</osmand:speed>
        </extensions>
      </trkpt>
      <trkpt lat="-13.573412" lon="-71.231004">
        <ele>4482.3</ele>
        <time>2026-06-01T14:27:19Z</time>
        <hdop>3</hdop>
        <extensions>
          <osmand:speed>0.7</osmand:speed>
        </extensions>
      </trkpt>
      <trkpt lat="-13.573299" lon="-71.2310212">
        <ele>4484.8</ele>
        <time>2026-06-01T14:27:35Z</time>
        <hdop>3</hdop>
        <extensions>
          <osmand:speed>0.9</osmand:speed>
        </extensions>
      </trkpt>
      <trkpt lat="-13.573223" lon="-71.2310401">
        <ele>4487.3</ele>
        <time>2026-06-01T14:27:50Z</time>
        <hdop>3</hdop>
        <extensions>
          <osmand:speed>0.6</osmand:speed>
        </extensions>
      </trkpt>
      <trkpt lat="-13.5731502" lon="-71.2310503">
        <ele>4488.7</ele>
        <time>2026-06-01T14:28:05Z</time>
        <hdop>3</hdop>
        <extensions>
          <osmand:speed>0.8</osmand:speed>
        </extensions>
      </trkpt>
      <trkpt lat="-13.5730516" lon="-71.2310801">
        <ele>4493</ele>
        <time>2026-06-01T14:28:20Z</time>
        <hdop>3</hdop>
        <extensions>
          <osmand:speed>0.8</osmand:speed>
        </extensions>
      </trkpt>
      <trkpt lat="-13.5729723" lon="-71.2311429">
        <ele>4492.2</ele>
        <time>2026-06-01T14:28:36Z</time>
        <hdop>3</hdop>
        <extensions>
          <osmand:speed>0.8</osmand:speed>
        </extensions>
      </trkpt>
      <trkpt lat="-13.5729134" lon="-71.2312105">
        <ele>4492.6</ele>
        <time>2026-06-01T14:28:51Z</time>
        <hdop>3</hdop>
        <extensions>
          <osmand:speed>0.8</osmand:speed>
        </extensions>
      </trkpt>
      <trkpt lat="-13.5728585" lon="-71.2313244">
        <ele>4494.7</ele>
        <time>2026-06-01T14:29:06Z</time>
        <hdop>3</hdop>
        <extensions>
          <osmand:speed>1</osmand:speed>
        </extensions>
      </trkpt>
      <trkpt lat="-13.5727703" lon="-71.2314314">
        <ele>4492</ele>
        <time>2026-06-01T14:29:21Z</time>
        <hdop>3</hdop>
        <extensions>
          <osmand:speed>1</osmand:speed>
        </extensions>
      </trkpt>
      <trkpt lat="-13.5726983" lon="-71.2315582">
        <ele>4493.3</ele>
        <time>2026-06-01T14:29:36Z</time>
        <hdop>3</hdop>
        <extensions>
          <osmand:speed>1</osmand:speed>
        </extensions>
      </trkpt>
      <trkpt lat="-13.5726335" lon="-71.2316707">
        <ele>4497.9</ele>
        <time>2026-06-01T14:29:52Z</time>
        <hdop>3</hdop>
        <extensions>
          <osmand:speed>1</osmand:speed>
        </extensions>
      </trkpt>
      <trkpt lat="-13.5725061" lon="-71.2316765">
        <ele>4496.1</ele>
        <time>2026-06-01T14:30:07Z</time>
        <hdop>3</hdop>
        <extensions>
          <osmand:speed>0.9</osmand:speed>
        </extensions>
      </trkpt>
      <trkpt lat="-13.5724379" lon="-71.231631">
        <ele>4495.5</ele>
        <time>2026-06-01T14:30:22Z</time>
        <hdop>3</hdop>
        <extensions>
          <osmand:speed>0.8</osmand:speed>
        </extensions>
      </trkpt>
      <trkpt lat="-13.5724186" lon="-71.2315996">
        <ele>4498.1</ele>
        <time>2026-06-01T14:30:38Z</time>
        <hdop>3</hdop>
        <extensions>
          <osmand:speed>0.1</osmand:speed>
        </extensions>
      </trkpt>
      <trkpt lat="-13.5724175" lon="-71.231504">
        <ele>4498</ele>
        <time>2026-06-01T14:30:53Z</time>
        <hdop>3</hdop>
        <extensions>
          <osmand:speed>0.5</osmand:speed>
        </extensions>
      </trkpt>
      <trkpt lat="-13.5724322" lon="-71.2314613">
        <ele>4497.9</ele>
        <time>2026-06-01T14:31:09Z</time>
        <hdop>3</hdop>
        <extensions>
          <osmand:speed>0.2</osmand:speed>
        </extensions>
      </trkpt>
      <trkpt lat="-13.5724366" lon="-71.2314627">
        <ele>4497.9</ele>
        <time>2026-06-01T14:31:25Z</time>
        <hdop>3</hdop>
        <extensions>
          <osmand:speed>0</osmand:speed>
        </extensions>
      </trkpt>
      <trkpt lat="-13.5724365" lon="-71.2314653">
        <ele>4497.9</ele>
        <time>2026-06-01T14:31:41Z</time>
        <hdop>3</hdop>
        <extensions>
          <osmand:speed>0.1</osmand:speed>
        </extensions>
      </trkpt>
      <trkpt lat="-13.5724361" lon="-71.2314651">
        <ele>4497.9</ele>
        <time>2026-06-01T14:31:56Z</time>
        <hdop>3</hdop>
        <extensions>
          <osmand:speed>0.1</osmand:speed>
        </extensions>
      </trkpt>
      <trkpt lat="-13.5724372" lon="-71.2314638">
        <ele>4497.9</ele>
        <time>2026-06-01T14:32:11Z</time>
        <hdop>3</hdop>
        <extensions>
          <osmand:speed>0.1</osmand:speed>
        </extensions>
      </trkpt>
      <trkpt lat="-13.5724363" lon="-71.2314624">
        <ele>4497.9</ele>
        <time>2026-06-01T14:32:27Z</time>
        <hdop>3</hdop>
        <extensions>
          <osmand:speed>0.1</osmand:speed>
        </extensions>
      </trkpt>
      <trkpt lat="-13.5724368" lon="-71.2314609">
        <ele>4497.9</ele>
        <time>2026-06-01T14:32:42Z</time>
        <hdop>3</hdop>
        <extensions>
          <osmand:speed>0.1</osmand:speed>
        </extensions>
      </trkpt>
      <trkpt lat="-13.5724364" lon="-71.2314616">
        <ele>4497.9</ele>
        <time>2026-06-01T14:32:58Z</time>
        <hdop>3</hdop>
        <extensions>
          <osmand:speed>0</osmand:speed>
        </extensions>
      </trkpt>
      <trkpt lat="-13.5724368" lon="-71.2314633">
        <ele>4497.9</ele>
        <time>2026-06-01T14:33:13Z</time>
        <hdop>3</hdop>
        <extensions>
          <osmand:speed>0.1</osmand:speed>
        </extensions>
      </trkpt>
      <trkpt lat="-13.5724369" lon="-71.2314618">
        <ele>4497.9</ele>
        <time>2026-06-01T14:33:29Z</time>
        <hdop>3</hdop>
        <extensions>
          <osmand:speed>0</osmand:speed>
        </extensions>
      </trkpt>
      <trkpt lat="-13.5724366" lon="-71.2314635">
        <ele>4497.9</ele>
        <time>2026-06-01T14:33:45Z</time>
        <hdop>3</hdop>
        <extensions>
          <osmand:speed>0</osmand:speed>
        </extensions>
      </trkpt>
      <trkpt lat="-13.5724138" lon="-71.2314463">
        <ele>4502.4</ele>
        <time>2026-06-01T14:34:01Z</time>
        <hdop>3</hdop>
        <extensions>
          <osmand:speed>0.1</osmand:speed>
        </extensions>
      </trkpt>
      <trkpt lat="-13.5724128" lon="-71.2314454">
        <ele>4502.4</ele>
        <time>2026-06-01T14:34:16Z</time>
        <hdop>3</hdop>
        <extensions>
          <osmand:speed>0.1</osmand:speed>
        </extensions>
      </trkpt>
      <trkpt lat="-13.5724127" lon="-71.2314445">
        <ele>4502.4</ele>
        <time>2026-06-01T14:34:32Z</time>
        <hdop>3</hdop>
        <extensions>
          <osmand:speed>0</osmand:speed>
        </extensions>
      </trkpt>
      <trkpt lat="-13.5724117" lon="-71.231445">
        <ele>4502.4</ele>
        <time>2026-06-01T14:34:48Z</time>
        <hdop>1.4</hdop>
      </trkpt>
      <trkpt lat="-13.5724117" lon="-71.231445">
        <ele>4502.4</ele>
        <time>2026-06-01T14:35:03Z</time>
        <hdop>2.7</hdop>
      </trkpt>
      <trkpt lat="-13.5724117" lon="-71.231445">
        <ele>4502.4</ele>
        <time>2026-06-01T14:35:19Z</time>
        <hdop>2.1</hdop>
      </trkpt>
      <trkpt lat="-13.5724117" lon="-71.231445">
        <ele>4502.4</ele>
        <time>2026-06-01T14:35:35Z</time>
        <hdop>1.6</hdop>
      </trkpt>
      <trkpt lat="-13.5724417" lon="-71.23147">
        <ele>4498.8</ele>
        <time>2026-06-01T14:35:51Z</time>
        <hdop>1.5</hdop>
      </trkpt>
      <trkpt lat="-13.5724333" lon="-71.231465">
        <ele>4498.2</ele>
        <time>2026-06-01T14:36:07Z</time>
        <hdop>2</hdop>
      </trkpt>
      <trkpt lat="-13.5724333" lon="-71.231465">
        <ele>4498.2</ele>
        <time>2026-06-01T14:36:23Z</time>
        <hdop>2</hdop>
      </trkpt>
      <trkpt lat="-13.5724333" lon="-71.231465">
        <ele>4498.2</ele>
        <time>2026-06-01T14:36:39Z</time>
        <hdop>2</hdop>
      </trkpt>
      <trkpt lat="-13.5724333" lon="-71.231465">
        <ele>4498.2</ele>
        <time>2026-06-01T14:36:55Z</time>
        <hdop>2.1</hdop>
      </trkpt>
      <trkpt lat="-13.5724333" lon="-71.231465">
        <ele>4498.2</ele>
        <time>2026-06-01T14:37:11Z</time>
        <hdop>2</hdop>
      </trkpt>
      <trkpt lat="-13.5724333" lon="-71.231465">
        <ele>4498.2</ele>
        <time>2026-06-01T14:37:26Z</time>
        <hdop>1.9</hdop>
      </trkpt>
      <trkpt lat="-13.5724333" lon="-71.231465">
        <ele>4498.2</ele>
        <time>2026-06-01T14:37:42Z</time>
        <hdop>1.7</hdop>
      </trkpt>
      <trkpt lat="-13.5724333" lon="-71.231465">
        <ele>4498.2</ele>
        <time>2026-06-01T14:37:58Z</time>
        <hdop>2.1</hdop>
      </trkpt>
      <trkpt lat="-13.5724333" lon="-71.231465">
        <ele>4498.2</ele>
        <time>2026-06-01T14:38:14Z</time>
        <hdop>2.2</hdop>
      </trkpt>
      <trkpt lat="-13.5724333" lon="-71.231465">
        <ele>4498.2</ele>
        <time>2026-06-01T14:38:29Z</time>
        <hdop>2.2</hdop>
      </trkpt>
      <trkpt lat="-13.5724333" lon="-71.231465">
        <ele>4498.2</ele>
        <time>2026-06-01T14:38:45Z</time>
        <hdop>2.2</hdop>
      </trkpt>
      <trkpt lat="-13.5724333" lon="-71.231465">
        <ele>4498.2</ele>
        <time>2026-06-01T14:39:01Z</time>
        <hdop>2.2</hdop>
      </trkpt>
      <trkpt lat="-13.5724333" lon="-71.231465">
        <ele>4498.2</ele>
        <time>2026-06-01T14:39:17Z</time>
        <hdop>2.1</hdop>
      </trkpt>
      <trkpt lat="-13.5724333" lon="-71.231465">
        <ele>4498.2</ele>
        <time>2026-06-01T14:39:33Z</time>
        <hdop>2</hdop>
      </trkpt>
      <trkpt lat="-13.5724333" lon="-71.231465">
        <ele>4498.2</ele>
        <time>2026-06-01T14:39:49Z</time>
        <hdop>2.2</hdop>
      </trkpt>
      <trkpt lat="-13.5724333" lon="-71.231465">
        <ele>4498.2</ele>
        <time>2026-06-01T14:40:05Z</time>
        <hdop>2.3</hdop>
      </trkpt>
      <trkpt lat="-13.5724333" lon="-71.231465">
        <ele>4498.2</ele>
        <time>2026-06-01T14:40:21Z</time>
        <hdop>2.2</hdop>
      </trkpt>
      <trkpt lat="-13.5724333" lon="-71.231465">
        <ele>4498.2</ele>
        <time>2026-06-01T14:40:37Z</time>
        <hdop>2.3</hdop>
      </trkpt>
      <trkpt lat="-13.5724333" lon="-71.231465">
        <ele>4498.2</ele>
        <time>2026-06-01T14:40:52Z</time>
        <hdop>2.3</hdop>
      </trkpt>
      <trkpt lat="-13.5724333" lon="-71.231465">
        <ele>4498.2</ele>
        <time>2026-06-01T14:41:08Z</time>
        <hdop>2.1</hdop>
      </trkpt>
      <trkpt lat="-13.5724333" lon="-71.231465">
        <ele>4498.2</ele>
        <time>2026-06-01T14:41:24Z</time>
        <hdop>2</hdop>
      </trkpt>
      <trkpt lat="-13.5724333" lon="-71.231465">
        <ele>4498.2</ele>
        <time>2026-06-01T14:41:40Z</time>
        <hdop>1.6</hdop>
      </trkpt>
      <trkpt lat="-13.5724333" lon="-71.231465">
        <ele>4498.2</ele>
        <time>2026-06-01T14:41:55Z</time>
        <hdop>2.1</hdop>
      </trkpt>
      <trkpt lat="-13.5724333" lon="-71.231465">
        <ele>4498.2</ele>
        <time>2026-06-01T14:42:11Z</time>
        <hdop>2.2</hdop>
      </trkpt>
      <trkpt lat="-13.5724333" lon="-71.231465">
        <ele>4498.2</ele>
        <time>2026-06-01T14:42:27Z</time>
        <hdop>2.2</hdop>
      </trkpt>
      <trkpt lat="-13.5724183" lon="-71.2314083">
        <ele>4495.4</ele>
        <time>2026-06-01T14:42:43Z</time>
        <hdop>2.3</hdop>
      </trkpt>
      <trkpt lat="-13.5724183" lon="-71.2314083">
        <ele>4495.4</ele>
        <time>2026-06-01T14:42:59Z</time>
        <hdop>2.2</hdop>
      </trkpt>
      <trkpt lat="-13.5724183" lon="-71.2314083">
        <ele>4495.4</ele>
        <time>2026-06-01T14:43:15Z</time>
        <hdop>2.1</hdop>
      </trkpt>
      <trkpt lat="-13.5724183" lon="-71.2314083">
        <ele>4495.4</ele>
        <time>2026-06-01T14:43:31Z</time>
        <hdop>2.1</hdop>
      </trkpt>
      <trkpt lat="-13.5724183" lon="-71.2314083">
        <ele>4495.4</ele>
        <time>2026-06-01T14:43:46Z</time>
        <hdop>2.1</hdop>
      </trkpt>
      <trkpt lat="-13.5724183" lon="-71.2314083">
        <ele>4495.4</ele>
        <time>2026-06-01T14:44:02Z</time>
        <hdop>2</hdop>
      </trkpt>
      <trkpt lat="-13.5724183" lon="-71.2314083">
        <ele>4495.4</ele>
        <time>2026-06-01T14:44:18Z</time>
        <hdop>2.1</hdop>
      </trkpt>
      <trkpt lat="-13.5723588" lon="-71.231481">
        <ele>4506.9</ele>
        <time>2026-06-01T14:44:33Z</time>
        <hdop>3.1</hdop>
        <extensions>
          <osmand:speed>0</osmand:speed>
        </extensions>
      </trkpt>
      <trkpt lat="-13.5723593" lon="-71.2314809">
        <ele>4506.9</ele>
        <time>2026-06-01T14:44:49Z</time>
        <hdop>3</hdop>
        <extensions>
          <osmand:speed>0.1</osmand:speed>
        </extensions>
      </trkpt>
      <trkpt lat="-13.5723573" lon="-71.2314798">
        <ele>4506.9</ele>
        <time>2026-06-01T14:45:05Z</time>
        <hdop>3</hdop>
        <extensions>
          <osmand:speed>0</osmand:speed>
        </extensions>
      </trkpt>
      <trkpt lat="-13.5723592" lon="-71.2314797">
        <ele>4506.9</ele>
        <time>2026-06-01T14:45:21Z</time>
        <hdop>3</hdop>
        <extensions>
          <osmand:speed>0</osmand:speed>
        </extensions>
      </trkpt>
      <trkpt lat="-13.5723601" lon="-71.231479">
        <ele>4506.9</ele>
        <time>2026-06-01T14:45:36Z</time>
        <hdop>3</hdop>
        <extensions>
          <osmand:speed>0</osmand:speed>
        </extensions>
      </trkpt>
      <trkpt lat="-13.5723607" lon="-71.2314787">
        <ele>4506.9</ele>
        <time>2026-06-01T14:45:52Z</time>
        <hdop>3</hdop>
        <extensions>
          <osmand:speed>0.1</osmand:speed>
        </extensions>
      </trkpt>
      <trkpt lat="-13.5723596" lon="-71.2314797">
        <ele>4506.9</ele>
        <time>2026-06-01T14:46:08Z</time>
        <hdop>3</hdop>
        <extensions>
          <osmand:speed>0.1</osmand:speed>
        </extensions>
      </trkpt>
      <trkpt lat="-13.5723597" lon="-71.2314798">
        <ele>4506.9</ele>
        <time>2026-06-01T14:46:24Z</time>
        <hdop>3</hdop>
        <extensions>
          <osmand:speed>0</osmand:speed>
        </extensions>
      </trkpt>
      <trkpt lat="-13.5723607" lon="-71.2314788">
        <ele>4506.9</ele>
        <time>2026-06-01T14:46:40Z</time>
        <hdop>3</hdop>
        <extensions>
          <osmand:speed>0.1</osmand:speed>
        </extensions>
      </trkpt>
      <trkpt lat="-13.5723609" lon="-71.231479">
        <ele>4506.9</ele>
        <time>2026-06-01T14:46:56Z</time>
        <hdop>3</hdop>
        <extensions>
          <osmand:speed>0.1</osmand:speed>
        </extensions>
      </trkpt>
      <trkpt lat="-13.5723607" lon="-71.2314794">
        <ele>4506.9</ele>
        <time>2026-06-01T14:47:12Z</time>
        <hdop>3</hdop>
        <extensions>
          <osmand:speed>0.1</osmand:speed>
        </extensions>
      </trkpt>
      <trkpt lat="-13.5723604" lon="-71.2314785">
        <ele>4506.9</ele>
        <time>2026-06-01T14:47:28Z</time>
        <hdop>3</hdop>
        <extensions>
          <osmand:speed>0</osmand:speed>
        </extensions>
      </trkpt>
      <trkpt lat="-13.5723603" lon="-71.2314798">
        <ele>4506.9</ele>
        <time>2026-06-01T14:47:44Z</time>
        <hdop>3</hdop>
        <extensions>
          <osmand:speed>0.1</osmand:speed>
        </extensions>
      </trkpt>
      <trkpt lat="-13.5723596" lon="-71.2314803">
        <ele>4506.9</ele>
        <time>2026-06-01T14:48:00Z</time>
        <hdop>3</hdop>
        <extensions>
          <osmand:speed>0.1</osmand:speed>
        </extensions>
      </trkpt>
      <trkpt lat="-13.5723606" lon="-71.2314809">
        <ele>4506.9</ele>
        <time>2026-06-01T14:48:15Z</time>
        <hdop>3</hdop>
        <extensions>
          <osmand:speed>0.1</osmand:speed>
        </extensions>
      </trkpt>
      <trkpt lat="-13.5723596" lon="-71.2314803">
        <ele>4506.9</ele>
        <time>2026-06-01T14:48:30Z</time>
        <hdop>3</hdop>
        <extensions>
          <osmand:speed>0.1</osmand:speed>
        </extensions>
      </trkpt>
      <trkpt lat="-13.5723601" lon="-71.2314799">
        <ele>4506.9</ele>
        <time>2026-06-01T14:48:46Z</time>
        <hdop>3</hdop>
        <extensions>
          <osmand:speed>0.1</osmand:speed>
        </extensions>
      </trkpt>
      <trkpt lat="-13.5723612" lon="-71.2314809">
        <ele>4506.9</ele>
        <time>2026-06-01T14:49:02Z</time>
        <hdop>3</hdop>
        <extensions>
          <osmand:speed>0.1</osmand:speed>
        </extensions>
      </trkpt>
      <trkpt lat="-13.5724563" lon="-71.2314851">
        <ele>4502.4</ele>
        <time>2026-06-01T14:49:17Z</time>
        <hdop>3</hdop>
        <extensions>
          <osmand:speed>0.1</osmand:speed>
        </extensions>
      </trkpt>
      <trkpt lat="-13.5724594" lon="-71.2314867">
        <ele>4502.4</ele>
        <time>2026-06-01T14:49:33Z</time>
        <hdop>3</hdop>
        <extensions>
          <osmand:speed>0.1</osmand:speed>
        </extensions>
      </trkpt>
      <trkpt lat="-13.5724609" lon="-71.2314877">
        <ele>4502.4</ele>
        <time>2026-06-01T14:49:48Z</time>
        <hdop>3</hdop>
        <extensions>
          <osmand:speed>0.1</osmand:speed>
        </extensions>
      </trkpt>
      <trkpt lat="-13.5724605" lon="-71.2314864">
        <ele>4502.4</ele>
        <time>2026-06-01T14:50:04Z</time>
        <hdop>3</hdop>
        <extensions>
          <osmand:speed>0.1</osmand:speed>
        </extensions>
      </trkpt>
      <trkpt lat="-13.5724591" lon="-71.231486">
        <ele>4502.4</ele>
        <time>2026-06-01T14:50:20Z</time>
        <hdop>3</hdop>
        <extensions>
          <osmand:speed>0.1</osmand:speed>
        </extensions>
      </trkpt>
      <trkpt lat="-13.5724586" lon="-71.2314851">
        <ele>4502.4</ele>
        <time>2026-06-01T14:50:36Z</time>
        <hdop>3</hdop>
        <extensions>
          <osmand:speed>0.1</osmand:speed>
        </extensions>
      </trkpt>
      <trkpt lat="-13.5724599" lon="-71.2314863">
        <ele>4502.4</ele>
        <time>2026-06-01T14:50:51Z</time>
        <hdop>3</hdop>
        <extensions>
          <osmand:speed>0.1</osmand:speed>
        </extensions>
      </trkpt>
      <trkpt lat="-13.5724604" lon="-71.2314865">
        <ele>4502.4</ele>
        <time>2026-06-01T14:51:07Z</time>
        <hdop>3</hdop>
        <extensions>
          <osmand:speed>0.1</osmand:speed>
        </extensions>
      </trkpt>
      <trkpt lat="-13.5724604" lon="-71.231488">
        <ele>4502.4</ele>
        <time>2026-06-01T14:51:23Z</time>
        <hdop>3</hdop>
        <extensions>
          <osmand:speed>0.1</osmand:speed>
        </extensions>
      </trkpt>
      <trkpt lat="-13.5724608" lon="-71.2314876">
        <ele>4502.4</ele>
        <time>2026-06-01T14:51:39Z</time>
        <hdop>3</hdop>
        <extensions>
          <osmand:speed>0.1</osmand:speed>
        </extensions>
      </trkpt>
      <trkpt lat="-13.5724605" lon="-71.2314878">
        <ele>4502.4</ele>
        <time>2026-06-01T14:51:55Z</time>
        <hdop>3</hdop>
        <extensions>
          <osmand:speed>0.1</osmand:speed>
        </extensions>
      </trkpt>
      <trkpt lat="-13.5724603" lon="-71.2314878">
        <ele>4502.4</ele>
        <time>2026-06-01T14:52:11Z</time>
        <hdop>3</hdop>
        <extensions>
          <osmand:speed>0.1</osmand:speed>
        </extensions>
      </trkpt>
      <trkpt lat="-13.5724598" lon="-71.2314867">
        <ele>4502.4</ele>
        <time>2026-06-01T14:52:27Z</time>
        <hdop>3</hdop>
        <extensions>
          <osmand:speed>0.1</osmand:speed>
        </extensions>
      </trkpt>
      <trkpt lat="-13.5724606" lon="-71.2314871">
        <ele>4502.4</ele>
        <time>2026-06-01T14:52:43Z</time>
        <hdop>3</hdop>
        <extensions>
          <osmand:speed>0.1</osmand:speed>
        </extensions>
      </trkpt>
      <trkpt lat="-13.5724604" lon="-71.2314883">
        <ele>4502.4</ele>
        <time>2026-06-01T14:52:58Z</time>
        <hdop>3</hdop>
        <extensions>
          <osmand:speed>0.1</osmand:speed>
        </extensions>
      </trkpt>
      <trkpt lat="-13.572459" lon="-71.2314893">
        <ele>4502.4</ele>
        <time>2026-06-01T14:53:14Z</time>
        <hdop>3</hdop>
        <extensions>
          <osmand:speed>0.1</osmand:speed>
        </extensions>
      </trkpt>
      <trkpt lat="-13.5724608" lon="-71.2314894">
        <ele>4502.4</ele>
        <time>2026-06-01T14:53:30Z</time>
        <hdop>3</hdop>
        <extensions>
          <osmand:speed>0.1</osmand:speed>
        </extensions>
      </trkpt>
      <trkpt lat="-13.5724623" lon="-71.2314855">
        <ele>4502.4</ele>
        <time>2026-06-01T14:53:46Z</time>
        <hdop>3</hdop>
        <extensions>
          <osmand:speed>0.1</osmand:speed>
        </extensions>
      </trkpt>
      <trkpt lat="-13.5724614" lon="-71.2314858">
        <ele>4502.4</ele>
        <time>2026-06-01T14:54:02Z</time>
        <hdop>3</hdop>
        <extensions>
          <osmand:speed>0.1</osmand:speed>
        </extensions>
      </trkpt>
      <trkpt lat="-13.5724585" lon="-71.2314868">
        <ele>4502.4</ele>
        <time>2026-06-01T14:54:18Z</time>
        <hdop>3</hdop>
        <extensions>
          <osmand:speed>0.1</osmand:speed>
        </extensions>
      </trkpt>
      <trkpt lat="-13.5724581" lon="-71.2314874">
        <ele>4502.4</ele>
        <time>2026-06-01T14:54:34Z</time>
        <hdop>3</hdop>
        <extensions>
          <osmand:speed>0.1</osmand:speed>
        </extensions>
      </trkpt>
      <trkpt lat="-13.57246" lon="-71.231489">
        <ele>4502.4</ele>
        <time>2026-06-01T14:54:50Z</time>
        <hdop>3</hdop>
        <extensions>
          <osmand:speed>0.1</osmand:speed>
        </extensions>
      </trkpt>
      <trkpt lat="-13.572461" lon="-71.2314886">
        <ele>4502.4</ele>
        <time>2026-06-01T14:55:06Z</time>
        <hdop>3</hdop>
        <extensions>
          <osmand:speed>0.1</osmand:speed>
        </extensions>
      </trkpt>
      <trkpt lat="-13.5724619" lon="-71.231488">
        <ele>4502.4</ele>
        <time>2026-06-01T14:55:22Z</time>
        <hdop>3</hdop>
        <extensions>
          <osmand:speed>0.1</osmand:speed>
        </extensions>
      </trkpt>
      <trkpt lat="-13.5724605" lon="-71.2314864">
        <ele>4502.4</ele>
        <time>2026-06-01T14:55:38Z</time>
        <hdop>3</hdop>
        <extensions>
          <osmand:speed>0.1</osmand:speed>
        </extensions>
      </trkpt>
      <trkpt lat="-13.5724594" lon="-71.231485">
        <ele>4502.4</ele>
        <time>2026-06-01T14:55:54Z</time>
        <hdop>3</hdop>
        <extensions>
          <osmand:speed>0.1</osmand:speed>
        </extensions>
      </trkpt>
      <trkpt lat="-13.5724586" lon="-71.2314853">
        <ele>4502.4</ele>
        <time>2026-06-01T14:56:10Z</time>
        <hdop>3</hdop>
        <extensions>
          <osmand:speed>0.1</osmand:speed>
        </extensions>
      </trkpt>
      <trkpt lat="-13.5724586" lon="-71.2314865">
        <ele>4502.4</ele>
        <time>2026-06-01T14:56:26Z</time>
        <hdop>3</hdop>
        <extensions>
          <osmand:speed>0.1</osmand:speed>
        </extensions>
      </trkpt>
      <trkpt lat="-13.5724593" lon="-71.2314871">
        <ele>4502.4</ele>
        <time>2026-06-01T14:56:42Z</time>
        <hdop>3</hdop>
        <extensions>
          <osmand:speed>0.1</osmand:speed>
        </extensions>
      </trkpt>
      <trkpt lat="-13.5724592" lon="-71.2314874">
        <ele>4502.4</ele>
        <time>2026-06-01T14:56:58Z</time>
        <hdop>3</hdop>
        <extensions>
          <osmand:speed>0</osmand:speed>
        </extensions>
      </trkpt>
      <trkpt lat="-13.5724602" lon="-71.2314869">
        <ele>4502.4</ele>
        <time>2026-06-01T14:57:14Z</time>
        <hdop>3</hdop>
        <extensions>
          <osmand:speed>0.1</osmand:speed>
        </extensions>
      </trkpt>
      <trkpt lat="-13.5724597" lon="-71.2314872">
        <ele>4502.4</ele>
        <time>2026-06-01T14:57:30Z</time>
        <hdop>3</hdop>
        <extensions>
          <osmand:speed>0.1</osmand:speed>
        </extensions>
      </trkpt>
      <trkpt lat="-13.5724597" lon="-71.2314858">
        <ele>4502.4</ele>
        <time>2026-06-01T14:57:46Z</time>
        <hdop>3</hdop>
        <extensions>
          <osmand:speed>0.1</osmand:speed>
        </extensions>
      </trkpt>
      <trkpt lat="-13.5724588" lon="-71.2314863">
        <ele>4502.4</ele>
        <time>2026-06-01T14:58:02Z</time>
        <hdop>3</hdop>
        <extensions>
          <osmand:speed>0.1</osmand:speed>
        </extensions>
      </trkpt>
      <trkpt lat="-13.5724581" lon="-71.2314874">
        <ele>4502.4</ele>
        <time>2026-06-01T14:58:17Z</time>
        <hdop>3</hdop>
        <extensions>
          <osmand:speed>0.1</osmand:speed>
        </extensions>
      </trkpt>
      <trkpt lat="-13.5724598" lon="-71.2314875">
        <ele>4502.4</ele>
        <time>2026-06-01T14:58:33Z</time>
        <hdop>3</hdop>
        <extensions>
          <osmand:speed>0.1</osmand:speed>
        </extensions>
      </trkpt>
      <trkpt lat="-13.572461" lon="-71.2314858">
        <ele>4502.4</ele>
        <time>2026-06-01T14:58:49Z</time>
        <hdop>3</hdop>
        <extensions>
          <osmand:speed>0.1</osmand:speed>
        </extensions>
      </trkpt>
      <trkpt lat="-13.5724606" lon="-71.2314859">
        <ele>4502.4</ele>
        <time>2026-06-01T14:59:04Z</time>
        <hdop>3</hdop>
        <extensions>
          <osmand:speed>0.1</osmand:speed>
        </extensions>
      </trkpt>
      <trkpt lat="-13.5724601" lon="-71.2314872">
        <ele>4502.4</ele>
        <time>2026-06-01T14:59:20Z</time>
        <hdop>3</hdop>
        <extensions>
          <osmand:speed>0.1</osmand:speed>
        </extensions>
      </trkpt>
      <trkpt lat="-13.5724601" lon="-71.231488">
        <ele>4502.4</ele>
        <time>2026-06-01T14:59:36Z</time>
        <hdop>3</hdop>
        <extensions>
          <osmand:speed>0.1</osmand:speed>
        </extensions>
      </trkpt>
      <trkpt lat="-13.57246" lon="-71.231487">
        <ele>4502.4</ele>
        <time>2026-06-01T14:59:52Z</time>
        <hdop>3</hdop>
        <extensions>
          <osmand:speed>0.1</osmand:speed>
        </extensions>
      </trkpt>
      <trkpt lat="-13.5724408" lon="-71.2314697">
        <ele>4503.3</ele>
        <time>2026-06-01T15:00:08Z</time>
        <hdop>3</hdop>
        <extensions>
          <osmand:speed>0</osmand:speed>
        </extensions>
      </trkpt>
      <trkpt lat="-13.57244" lon="-71.2314658">
        <ele>4503.3</ele>
        <time>2026-06-01T15:00:24Z</time>
        <hdop>3</hdop>
        <extensions>
          <osmand:speed>0.1</osmand:speed>
        </extensions>
      </trkpt>
      <trkpt lat="-13.5724412" lon="-71.2314655">
        <ele>4503.3</ele>
        <time>2026-06-01T15:00:40Z</time>
        <hdop>3</hdop>
        <extensions>
          <osmand:speed>0</osmand:speed>
        </extensions>
      </trkpt>
      <trkpt lat="-13.5724404" lon="-71.2314654">
        <ele>4503.3</ele>
        <time>2026-06-01T15:00:56Z</time>
        <hdop>3</hdop>
        <extensions>
          <osmand:speed>0</osmand:speed>
        </extensions>
      </trkpt>
      <trkpt lat="-13.5724019" lon="-71.2314969">
        <ele>4501.7</ele>
        <time>2026-06-01T15:01:11Z</time>
        <hdop>3</hdop>
        <extensions>
          <osmand:speed>0.1</osmand:speed>
        </extensions>
      </trkpt>
      <trkpt lat="-13.5724118" lon="-71.2314915">
        <ele>4501.8</ele>
        <time>2026-06-01T15:01:27Z</time>
        <hdop>3</hdop>
        <extensions>
          <osmand:speed>0</osmand:speed>
        </extensions>
      </trkpt>
      <trkpt lat="-13.5724108" lon="-71.2314938">
        <ele>4501.8</ele>
        <time>2026-06-01T15:01:43Z</time>
        <hdop>3</hdop>
        <extensions>
          <osmand:speed>0</osmand:speed>
        </extensions>
      </trkpt>
      <trkpt lat="-13.5724113" lon="-71.2314942">
        <ele>4501.8</ele>
        <time>2026-06-01T15:01:59Z</time>
        <hdop>3</hdop>
        <extensions>
          <osmand:speed>0</osmand:speed>
        </extensions>
      </trkpt>
      <trkpt lat="-13.5724113" lon="-71.2314926">
        <ele>4501.8</ele>
        <time>2026-06-01T15:02:15Z</time>
        <hdop>3</hdop>
        <extensions>
          <osmand:speed>0.1</osmand:speed>
        </extensions>
      </trkpt>
      <trkpt lat="-13.572412" lon="-71.2314914">
        <ele>4501.8</ele>
        <time>2026-06-01T15:02:31Z</time>
        <hdop>3</hdop>
        <extensions>
          <osmand:speed>0.1</osmand:speed>
        </extensions>
      </trkpt>
      <trkpt lat="-13.5724131" lon="-71.2314907">
        <ele>4501.8</ele>
        <time>2026-06-01T15:02:46Z</time>
        <hdop>3</hdop>
        <extensions>
          <osmand:speed>0.1</osmand:speed>
        </extensions>
      </trkpt>
      <trkpt lat="-13.5724128" lon="-71.2314919">
        <ele>4501.8</ele>
        <time>2026-06-01T15:03:02Z</time>
        <hdop>3</hdop>
        <extensions>
          <osmand:speed>0.1</osmand:speed>
        </extensions>
      </trkpt>
      <trkpt lat="-13.572412" lon="-71.231492">
        <ele>4501.8</ele>
        <time>2026-06-01T15:03:18Z</time>
        <hdop>3</hdop>
        <extensions>
          <osmand:speed>0</osmand:speed>
        </extensions>
      </trkpt>
      <trkpt lat="-13.5724111" lon="-71.2314926">
        <ele>4501.8</ele>
        <time>2026-06-01T15:03:34Z</time>
        <hdop>3</hdop>
        <extensions>
          <osmand:speed>0.1</osmand:speed>
        </extensions>
      </trkpt>
      <trkpt lat="-13.5724113" lon="-71.2314929">
        <ele>4501.8</ele>
        <time>2026-06-01T15:03:50Z</time>
        <hdop>3</hdop>
        <extensions>
          <osmand:speed>0.1</osmand:speed>
        </extensions>
      </trkpt>
      <trkpt lat="-13.5724125" lon="-71.2314924">
        <ele>4501.8</ele>
        <time>2026-06-01T15:04:06Z</time>
        <hdop>3</hdop>
        <extensions>
          <osmand:speed>0.1</osmand:speed>
        </extensions>
      </trkpt>
      <trkpt lat="-13.5724124" lon="-71.2314922">
        <ele>4501.8</ele>
        <time>2026-06-01T15:04:21Z</time>
        <hdop>3</hdop>
        <extensions>
          <osmand:speed>0.1</osmand:speed>
        </extensions>
      </trkpt>
      <trkpt lat="-13.5724113" lon="-71.2314915">
        <ele>4501.8</ele>
        <time>2026-06-01T15:04:37Z</time>
        <hdop>3</hdop>
        <extensions>
          <osmand:speed>0.1</osmand:speed>
        </extensions>
      </trkpt>
      <trkpt lat="-13.5724117" lon="-71.2314903">
        <ele>4501.8</ele>
        <time>2026-06-01T15:04:53Z</time>
        <hdop>3</hdop>
        <extensions>
          <osmand:speed>0.1</osmand:speed>
        </extensions>
      </trkpt>
      <trkpt lat="-13.5724115" lon="-71.2314909">
        <ele>4501.8</ele>
        <time>2026-06-01T15:05:09Z</time>
        <hdop>3</hdop>
        <extensions>
          <osmand:speed>0.1</osmand:speed>
        </extensions>
      </trkpt>
      <trkpt lat="-13.5724122" lon="-71.2314897">
        <ele>4501.8</ele>
        <time>2026-06-01T15:05:25Z</time>
        <hdop>3</hdop>
        <extensions>
          <osmand:speed>0.1</osmand:speed>
        </extensions>
      </trkpt>
      <trkpt lat="-13.5724116" lon="-71.2314899">
        <ele>4501.8</ele>
        <time>2026-06-01T15:05:41Z</time>
        <hdop>3</hdop>
        <extensions>
          <osmand:speed>0.1</osmand:speed>
        </extensions>
      </trkpt>
      <trkpt lat="-13.5724129" lon="-71.2314906">
        <ele>4501.8</ele>
        <time>2026-06-01T15:05:57Z</time>
        <hdop>3</hdop>
        <extensions>
          <osmand:speed>0</osmand:speed>
        </extensions>
      </trkpt>
      <trkpt lat="-13.5724132" lon="-71.2314911">
        <ele>4501.8</ele>
        <time>2026-06-01T15:06:13Z</time>
        <hdop>3</hdop>
        <extensions>
          <osmand:speed>0.1</osmand:speed>
        </extensions>
      </trkpt>
      <trkpt lat="-13.5724126" lon="-71.2314938">
        <ele>4501.8</ele>
        <time>2026-06-01T15:06:28Z</time>
        <hdop>3</hdop>
        <extensions>
          <osmand:speed>0.1</osmand:speed>
        </extensions>
      </trkpt>
      <trkpt lat="-13.5724107" lon="-71.2314927">
        <ele>4501.8</ele>
        <time>2026-06-01T15:06:44Z</time>
        <hdop>3</hdop>
        <extensions>
          <osmand:speed>0.1</osmand:speed>
        </extensions>
      </trkpt>
      <trkpt lat="-13.5724106" lon="-71.2314915">
        <ele>4501.8</ele>
        <time>2026-06-01T15:07:00Z</time>
        <hdop>3</hdop>
        <extensions>
          <osmand:speed>0</osmand:speed>
        </extensions>
      </trkpt>
      <trkpt lat="-13.5724106" lon="-71.231492">
        <ele>4501.8</ele>
        <time>2026-06-01T15:07:16Z</time>
        <hdop>3</hdop>
        <extensions>
          <osmand:speed>0.1</osmand:speed>
        </extensions>
      </trkpt>
      <trkpt lat="-13.5724107" lon="-71.2314917">
        <ele>4501.8</ele>
        <time>2026-06-01T15:07:32Z</time>
        <hdop>3</hdop>
        <extensions>
          <osmand:speed>0.1</osmand:speed>
        </extensions>
      </trkpt>
      <trkpt lat="-13.5724119" lon="-71.231493">
        <ele>4501.8</ele>
        <time>2026-06-01T15:07:48Z</time>
        <hdop>3</hdop>
        <extensions>
          <osmand:speed>0.1</osmand:speed>
        </extensions>
      </trkpt>
      <trkpt lat="-13.5724129" lon="-71.2314922">
        <ele>4501.8</ele>
        <time>2026-06-01T15:08:04Z</time>
        <hdop>3</hdop>
        <extensions>
          <osmand:speed>0.1</osmand:speed>
        </extensions>
      </trkpt>
      <trkpt lat="-13.5724131" lon="-71.2314916">
        <ele>4501.8</ele>
        <time>2026-06-01T15:08:20Z</time>
        <hdop>3</hdop>
        <extensions>
          <osmand:speed>0.1</osmand:speed>
        </extensions>
      </trkpt>
      <trkpt lat="-13.5724118" lon="-71.2314918">
        <ele>4501.8</ele>
        <time>2026-06-01T15:08:36Z</time>
        <hdop>3</hdop>
        <extensions>
          <osmand:speed>0.1</osmand:speed>
        </extensions>
      </trkpt>
      <trkpt lat="-13.5724115" lon="-71.2314922">
        <ele>4501.8</ele>
        <time>2026-06-01T15:08:52Z</time>
        <hdop>3</hdop>
        <extensions>
          <osmand:speed>0.1</osmand:speed>
        </extensions>
      </trkpt>
      <trkpt lat="-13.5724113" lon="-71.2314929">
        <ele>4501.8</ele>
        <time>2026-06-01T15:09:08Z</time>
        <hdop>3</hdop>
        <extensions>
          <osmand:speed>0.1</osmand:speed>
        </extensions>
      </trkpt>
      <trkpt lat="-13.5724192" lon="-71.2314956">
        <ele>4500.6</ele>
        <time>2026-06-01T15:09:23Z</time>
        <hdop>3</hdop>
        <extensions>
          <osmand:speed>0.1</osmand:speed>
        </extensions>
      </trkpt>
      <trkpt lat="-13.572454" lon="-71.2315103">
        <ele>4500</ele>
        <time>2026-06-01T15:09:38Z</time>
        <hdop>3</hdop>
        <extensions>
          <osmand:speed>0.4</osmand:speed>
        </extensions>
      </trkpt>
      <trkpt lat="-13.5724303" lon="-71.2314809">
        <ele>4498.8</ele>
        <time>2026-06-01T15:09:54Z</time>
        <hdop>3</hdop>
        <extensions>
          <osmand:speed>0.2</osmand:speed>
        </extensions>
      </trkpt>
      <trkpt lat="-13.5724314" lon="-71.2314795">
        <ele>4498.8</ele>
        <time>2026-06-01T15:10:10Z</time>
        <hdop>3</hdop>
        <extensions>
          <osmand:speed>0.1</osmand:speed>
        </extensions>
      </trkpt>
      <trkpt lat="-13.5724327" lon="-71.231478">
        <ele>4498.8</ele>
        <time>2026-06-01T15:10:25Z</time>
        <hdop>3</hdop>
        <extensions>
          <osmand:speed>0.1</osmand:speed>
        </extensions>
      </trkpt>
      <trkpt lat="-13.5724335" lon="-71.2314764">
        <ele>4498.8</ele>
        <time>2026-06-01T15:10:41Z</time>
        <hdop>3</hdop>
        <extensions>
          <osmand:speed>0.1</osmand:speed>
        </extensions>
      </trkpt>
      <trkpt lat="-13.5724321" lon="-71.2314768">
        <ele>4498.8</ele>
        <time>2026-06-01T15:10:56Z</time>
        <hdop>3</hdop>
        <extensions>
          <osmand:speed>0.1</osmand:speed>
        </extensions>
      </trkpt>
      <trkpt lat="-13.5724322" lon="-71.2314793">
        <ele>4498.8</ele>
        <time>2026-06-01T15:11:12Z</time>
        <hdop>3</hdop>
        <extensions>
          <osmand:speed>0</osmand:speed>
        </extensions>
      </trkpt>
      <trkpt lat="-13.5724328" lon="-71.2314795">
        <ele>4498.8</ele>
        <time>2026-06-01T15:11:28Z</time>
        <hdop>3</hdop>
        <extensions>
          <osmand:speed>0.1</osmand:speed>
        </extensions>
      </trkpt>
      <trkpt lat="-13.5724343" lon="-71.2314787">
        <ele>4498.8</ele>
        <time>2026-06-01T15:11:44Z</time>
        <hdop>3</hdop>
        <extensions>
          <osmand:speed>0</osmand:speed>
        </extensions>
      </trkpt>
      <trkpt lat="-13.5724332" lon="-71.2314784">
        <ele>4498.8</ele>
        <time>2026-06-01T15:12:00Z</time>
        <hdop>3</hdop>
        <extensions>
          <osmand:speed>0</osmand:speed>
        </extensions>
      </trkpt>
      <trkpt lat="-13.572414" lon="-71.2315396">
        <ele>4496.3</ele>
        <time>2026-06-01T15:12:15Z</time>
        <hdop>3</hdop>
        <extensions>
          <osmand:speed>0.7</osmand:speed>
        </extensions>
      </trkpt>
      <trkpt lat="-13.572429" lon="-71.2316574">
        <ele>4493.1</ele>
        <time>2026-06-01T15:12:31Z</time>
        <hdop>3</hdop>
        <extensions>
          <osmand:speed>1</osmand:speed>
        </extensions>
      </trkpt>
      <trkpt lat="-13.5724942" lon="-71.2317122">
        <ele>4488.2</ele>
        <time>2026-06-01T15:12:46Z</time>
        <hdop>3</hdop>
        <extensions>
          <osmand:speed>0.5</osmand:speed>
        </extensions>
      </trkpt>
      <trkpt lat="-13.5724759" lon="-71.2317502">
        <ele>4486.1</ele>
        <time>2026-06-01T15:13:01Z</time>
        <hdop>3</hdop>
        <extensions>
          <osmand:speed>0.1</osmand:speed>
        </extensions>
      </trkpt>
      <trkpt lat="-13.572477" lon="-71.2317521">
        <ele>4486.1</ele>
        <time>2026-06-01T15:13:17Z</time>
        <hdop>3</hdop>
        <extensions>
          <osmand:speed>0.1</osmand:speed>
        </extensions>
      </trkpt>
      <trkpt lat="-13.5724763" lon="-71.2317506">
        <ele>4486.1</ele>
        <time>2026-06-01T15:13:33Z</time>
        <hdop>3</hdop>
        <extensions>
          <osmand:speed>0.1</osmand:speed>
        </extensions>
      </trkpt>
      <trkpt lat="-13.5724774" lon="-71.2317506">
        <ele>4486.1</ele>
        <time>2026-06-01T15:13:48Z</time>
        <hdop>3</hdop>
        <extensions>
          <osmand:speed>0.1</osmand:speed>
        </extensions>
      </trkpt>
      <trkpt lat="-13.572509" lon="-71.2317291">
        <ele>4491.9</ele>
        <time>2026-06-01T15:14:04Z</time>
        <hdop>3</hdop>
        <extensions>
          <osmand:speed>0</osmand:speed>
        </extensions>
      </trkpt>
      <trkpt lat="-13.5725034" lon="-71.2317335">
        <ele>4491.9</ele>
        <time>2026-06-01T15:14:20Z</time>
        <hdop>3</hdop>
        <extensions>
          <osmand:speed>0.1</osmand:speed>
        </extensions>
      </trkpt>
      <trkpt lat="-13.5725022" lon="-71.2317311">
        <ele>4491.9</ele>
        <time>2026-06-01T15:14:36Z</time>
        <hdop>3</hdop>
        <extensions>
          <osmand:speed>0.1</osmand:speed>
        </extensions>
      </trkpt>
      <trkpt lat="-13.5725059" lon="-71.2317295">
        <ele>4491.9</ele>
        <time>2026-06-01T15:14:52Z</time>
        <hdop>3</hdop>
        <extensions>
          <osmand:speed>0.1</osmand:speed>
        </extensions>
      </trkpt>
      <trkpt lat="-13.5725075" lon="-71.231729">
        <ele>4491.9</ele>
        <time>2026-06-01T15:15:08Z</time>
        <hdop>3</hdop>
        <extensions>
          <osmand:speed>0.1</osmand:speed>
        </extensions>
      </trkpt>
      <trkpt lat="-13.5725077" lon="-71.2317303">
        <ele>4491.9</ele>
        <time>2026-06-01T15:15:24Z</time>
        <hdop>3</hdop>
        <extensions>
          <osmand:speed>0.1</osmand:speed>
        </extensions>
      </trkpt>
      <trkpt lat="-13.5725067" lon="-71.2317301">
        <ele>4491.9</ele>
        <time>2026-06-01T15:15:39Z</time>
        <hdop>3</hdop>
        <extensions>
          <osmand:speed>0.1</osmand:speed>
        </extensions>
      </trkpt>
      <trkpt lat="-13.5725056" lon="-71.231731">
        <ele>4491.9</ele>
        <time>2026-06-01T15:15:55Z</time>
        <hdop>3</hdop>
        <extensions>
          <osmand:speed>0.1</osmand:speed>
        </extensions>
      </trkpt>
      <trkpt lat="-13.5725057" lon="-71.2317331">
        <ele>4491.9</ele>
        <time>2026-06-01T15:16:11Z</time>
        <hdop>3</hdop>
        <extensions>
          <osmand:speed>0.1</osmand:speed>
        </extensions>
      </trkpt>
      <trkpt lat="-13.5725046" lon="-71.2317332">
        <ele>4491.9</ele>
        <time>2026-06-01T15:16:26Z</time>
        <hdop>3</hdop>
        <extensions>
          <osmand:speed>0.1</osmand:speed>
        </extensions>
      </trkpt>
      <trkpt lat="-13.5725042" lon="-71.2317333">
        <ele>4491.9</ele>
        <time>2026-06-01T15:16:42Z</time>
        <hdop>3</hdop>
        <extensions>
          <osmand:speed>0.1</osmand:speed>
        </extensions>
      </trkpt>
      <trkpt lat="-13.572505" lon="-71.231733">
        <ele>4491.9</ele>
        <time>2026-06-01T15:16:58Z</time>
        <hdop>3</hdop>
        <extensions>
          <osmand:speed>0.1</osmand:speed>
        </extensions>
      </trkpt>
      <trkpt lat="-13.5724272" lon="-71.2317939">
        <ele>4496.1</ele>
        <time>2026-06-01T15:17:13Z</time>
        <hdop>4</hdop>
        <extensions>
          <osmand:speed>0.6</osmand:speed>
        </extensions>
      </trkpt>
      <trkpt lat="-13.5723121" lon="-71.2318608">
        <ele>4493.8</ele>
        <time>2026-06-01T15:17:28Z</time>
        <hdop>3</hdop>
        <extensions>
          <osmand:speed>1</osmand:speed>
        </extensions>
      </trkpt>
      <trkpt lat="-13.5722269" lon="-71.2319759">
        <ele>4493.4</ele>
        <time>2026-06-01T15:17:44Z</time>
        <hdop>3</hdop>
        <extensions>
          <osmand:speed>1</osmand:speed>
        </extensions>
      </trkpt>
      <trkpt lat="-13.5721289" lon="-71.2320687">
        <ele>4493.4</ele>
        <time>2026-06-01T15:17:59Z</time>
        <hdop>3</hdop>
        <extensions>
          <osmand:speed>1</osmand:speed>
        </extensions>
      </trkpt>
      <trkpt lat="-13.5720164" lon="-71.232108">
        <ele>4491.7</ele>
        <time>2026-06-01T15:18:14Z</time>
        <hdop>3</hdop>
        <extensions>
          <osmand:speed>1.1</osmand:speed>
        </extensions>
      </trkpt>
      <trkpt lat="-13.571898" lon="-71.2321357">
        <ele>4486.6</ele>
        <time>2026-06-01T15:18:29Z</time>
        <hdop>3</hdop>
        <extensions>
          <osmand:speed>1</osmand:speed>
        </extensions>
      </trkpt>
      <trkpt lat="-13.5717661" lon="-71.2321797">
        <ele>4485.4</ele>
        <time>2026-06-01T15:18:44Z</time>
        <hdop>3</hdop>
        <extensions>
          <osmand:speed>1.1</osmand:speed>
        </extensions>
      </trkpt>
      <trkpt lat="-13.5716254" lon="-71.2322542">
        <ele>4488.4</ele>
        <time>2026-06-01T15:19:00Z</time>
        <hdop>3</hdop>
        <extensions>
          <osmand:speed>1</osmand:speed>
        </extensions>
      </trkpt>
      <trkpt lat="-13.5715023" lon="-71.2322935">
        <ele>4486.9</ele>
        <time>2026-06-01T15:19:15Z</time>
        <hdop>3</hdop>
        <extensions>
          <osmand:speed>1</osmand:speed>
        </extensions>
      </trkpt>
      <trkpt lat="-13.5713859" lon="-71.2323322">
        <ele>4490.7</ele>
        <time>2026-06-01T15:19:30Z</time>
        <hdop>3</hdop>
        <extensions>
          <osmand:speed>0.9</osmand:speed>
        </extensions>
      </trkpt>
      <trkpt lat="-13.5712514" lon="-71.2323544">
        <ele>4491.2</ele>
        <time>2026-06-01T15:19:46Z</time>
        <hdop>3</hdop>
        <extensions>
          <osmand:speed>1</osmand:speed>
        </extensions>
      </trkpt>
      <trkpt lat="-13.5711057" lon="-71.2323581">
        <ele>4492.8</ele>
        <time>2026-06-01T15:20:01Z</time>
        <hdop>3</hdop>
        <extensions>
          <osmand:speed>1</osmand:speed>
        </extensions>
      </trkpt>
      <trkpt lat="-13.5709811" lon="-71.2324286">
        <ele>4497.3</ele>
        <time>2026-06-01T15:20:16Z</time>
        <hdop>3</hdop>
        <extensions>
          <osmand:speed>1</osmand:speed>
        </extensions>
      </trkpt>
      <trkpt lat="-13.5709119" lon="-71.2325348">
        <ele>4496.6</ele>
        <time>2026-06-01T15:20:31Z</time>
        <hdop>3</hdop>
        <extensions>
          <osmand:speed>0.9</osmand:speed>
        </extensions>
      </trkpt>
      <trkpt lat="-13.5707898" lon="-71.2325602">
        <ele>4499.5</ele>
        <time>2026-06-01T15:20:47Z</time>
        <hdop>3</hdop>
        <extensions>
          <osmand:speed>1</osmand:speed>
        </extensions>
      </trkpt>
      <trkpt lat="-13.5707017" lon="-71.2326302">
        <ele>4501.6</ele>
        <time>2026-06-01T15:21:02Z</time>
        <hdop>3</hdop>
        <extensions>
          <osmand:speed>0.9</osmand:speed>
        </extensions>
      </trkpt>
      <trkpt lat="-13.5706059" lon="-71.2326961">
        <ele>4502</ele>
        <time>2026-06-01T15:21:17Z</time>
        <hdop>3</hdop>
        <extensions>
          <osmand:speed>0.9</osmand:speed>
        </extensions>
      </trkpt>
      <trkpt lat="-13.5705266" lon="-71.2327397">
        <ele>4503</ele>
        <time>2026-06-01T15:21:32Z</time>
        <hdop>3</hdop>
        <extensions>
          <osmand:speed>1</osmand:speed>
        </extensions>
      </trkpt>
      <trkpt lat="-13.5704488" lon="-71.2328172">
        <ele>4503.4</ele>
        <time>2026-06-01T15:21:47Z</time>
        <hdop>3</hdop>
        <extensions>
          <osmand:speed>1</osmand:speed>
        </extensions>
      </trkpt>
      <trkpt lat="-13.570348" lon="-71.2328938">
        <ele>4504.6</ele>
        <time>2026-06-01T15:22:02Z</time>
        <hdop>3</hdop>
        <extensions>
          <osmand:speed>0.9</osmand:speed>
        </extensions>
      </trkpt>
      <trkpt lat="-13.5702488" lon="-71.2329701">
        <ele>4503.3</ele>
        <time>2026-06-01T15:22:17Z</time>
        <hdop>3</hdop>
        <extensions>
          <osmand:speed>0.9</osmand:speed>
        </extensions>
      </trkpt>
      <trkpt lat="-13.5701418" lon="-71.2330541">
        <ele>4501.6</ele>
        <time>2026-06-01T15:22:33Z</time>
        <hdop>3</hdop>
        <extensions>
          <osmand:speed>1</osmand:speed>
        </extensions>
      </trkpt>
      <trkpt lat="-13.5700057" lon="-71.2331332">
        <ele>4501.7</ele>
        <time>2026-06-01T15:22:48Z</time>
        <hdop>3</hdop>
        <extensions>
          <osmand:speed>1.1</osmand:speed>
        </extensions>
      </trkpt>
      <trkpt lat="-13.5698813" lon="-71.2332288">
        <ele>4500.6</ele>
        <time>2026-06-01T15:23:03Z</time>
        <hdop>3</hdop>
        <extensions>
          <osmand:speed>1</osmand:speed>
        </extensions>
      </trkpt>
      <trkpt lat="-13.5698096" lon="-71.2333242">
        <ele>4500.9</ele>
        <time>2026-06-01T15:23:18Z</time>
        <hdop>3</hdop>
        <extensions>
          <osmand:speed>0.9</osmand:speed>
        </extensions>
      </trkpt>
      <trkpt lat="-13.5697347" lon="-71.2334218">
        <ele>4500.5</ele>
        <time>2026-06-01T15:23:34Z</time>
        <hdop>3</hdop>
        <extensions>
          <osmand:speed>1</osmand:speed>
        </extensions>
      </trkpt>
      <trkpt lat="-13.5696774" lon="-71.233536">
        <ele>4502.4</ele>
        <time>2026-06-01T15:23:49Z</time>
        <hdop>3</hdop>
        <extensions>
          <osmand:speed>0.9</osmand:speed>
        </extensions>
      </trkpt>
      <trkpt lat="-13.569616" lon="-71.2336188">
        <ele>4505.9</ele>
        <time>2026-06-01T15:24:04Z</time>
        <hdop>3</hdop>
        <extensions>
          <osmand:speed>0.8</osmand:speed>
        </extensions>
      </trkpt>
      <trkpt lat="-13.5695365" lon="-71.2337237">
        <ele>4508.8</ele>
        <time>2026-06-01T15:24:19Z</time>
        <hdop>3</hdop>
        <extensions>
          <osmand:speed>1</osmand:speed>
        </extensions>
      </trkpt>
      <trkpt lat="-13.5694251" lon="-71.2337991">
        <ele>4509.5</ele>
        <time>2026-06-01T15:24:35Z</time>
        <hdop>3</hdop>
        <extensions>
          <osmand:speed>1</osmand:speed>
        </extensions>
      </trkpt>
      <trkpt lat="-13.5693315" lon="-71.2338568">
        <ele>4510.3</ele>
        <time>2026-06-01T15:24:50Z</time>
        <hdop>3</hdop>
        <extensions>
          <osmand:speed>0.9</osmand:speed>
        </extensions>
      </trkpt>
      <trkpt lat="-13.5692227" lon="-71.2339513">
        <ele>4510.1</ele>
        <time>2026-06-01T15:25:05Z</time>
        <hdop>3</hdop>
        <extensions>
          <osmand:speed>1</osmand:speed>
        </extensions>
      </trkpt>
      <trkpt lat="-13.5691261" lon="-71.2340444">
        <ele>4509.8</ele>
        <time>2026-06-01T15:25:20Z</time>
        <hdop>3</hdop>
        <extensions>
          <osmand:speed>1</osmand:speed>
        </extensions>
      </trkpt>
      <trkpt lat="-13.5690152" lon="-71.2341178">
        <ele>4511.1</ele>
        <time>2026-06-01T15:25:35Z</time>
        <hdop>3</hdop>
        <extensions>
          <osmand:speed>1</osmand:speed>
        </extensions>
      </trkpt>
      <trkpt lat="-13.568911" lon="-71.2341492">
        <ele>4509.1</ele>
        <time>2026-06-01T15:25:50Z</time>
        <hdop>3</hdop>
        <extensions>
          <osmand:speed>1</osmand:speed>
        </extensions>
      </trkpt>
      <trkpt lat="-13.5688068" lon="-71.2342668">
        <ele>4509.5</ele>
        <time>2026-06-01T15:26:06Z</time>
        <hdop>3</hdop>
        <extensions>
          <osmand:speed>1</osmand:speed>
        </extensions>
      </trkpt>
      <trkpt lat="-13.5687502" lon="-71.2343629">
        <ele>4510.8</ele>
        <time>2026-06-01T15:26:21Z</time>
        <hdop>3</hdop>
        <extensions>
          <osmand:speed>1</osmand:speed>
        </extensions>
      </trkpt>
      <trkpt lat="-13.568685" lon="-71.2344374">
        <ele>4513</ele>
        <time>2026-06-01T15:26:36Z</time>
        <hdop>3</hdop>
        <extensions>
          <osmand:speed>0.8</osmand:speed>
        </extensions>
      </trkpt>
      <trkpt lat="-13.5685726" lon="-71.234486">
        <ele>4511.2</ele>
        <time>2026-06-01T15:26:51Z</time>
        <hdop>3</hdop>
        <extensions>
          <osmand:speed>1</osmand:speed>
        </extensions>
      </trkpt>
      <trkpt lat="-13.5684817" lon="-71.234601">
        <ele>4511.6</ele>
        <time>2026-06-01T15:27:07Z</time>
        <hdop>3</hdop>
        <extensions>
          <osmand:speed>0.9</osmand:speed>
        </extensions>
      </trkpt>
      <trkpt lat="-13.5684086" lon="-71.2347052">
        <ele>4513.9</ele>
        <time>2026-06-01T15:27:22Z</time>
        <hdop>3</hdop>
        <extensions>
          <osmand:speed>1.1</osmand:speed>
        </extensions>
      </trkpt>
      <trkpt lat="-13.5683219" lon="-71.2348111">
        <ele>4515.3</ele>
        <time>2026-06-01T15:27:37Z</time>
        <hdop>3</hdop>
        <extensions>
          <osmand:speed>1</osmand:speed>
        </extensions>
      </trkpt>
      <trkpt lat="-13.568245" lon="-71.2349164">
        <ele>4515.9</ele>
        <time>2026-06-01T15:27:52Z</time>
        <hdop>3</hdop>
        <extensions>
          <osmand:speed>0.9</osmand:speed>
        </extensions>
      </trkpt>
      <trkpt lat="-13.5681446" lon="-71.2350009">
        <ele>4513.8</ele>
        <time>2026-06-01T15:28:07Z</time>
        <hdop>3</hdop>
        <extensions>
          <osmand:speed>1</osmand:speed>
        </extensions>
      </trkpt>
      <trkpt lat="-13.5680689" lon="-71.23508">
        <ele>4515.6</ele>
        <time>2026-06-01T15:28:23Z</time>
        <hdop>3</hdop>
        <extensions>
          <osmand:speed>0.8</osmand:speed>
        </extensions>
      </trkpt>
      <trkpt lat="-13.5680107" lon="-71.2351245">
        <ele>4517</ele>
        <time>2026-06-01T15:28:38Z</time>
        <hdop>3</hdop>
        <extensions>
          <osmand:speed>0.7</osmand:speed>
        </extensions>
      </trkpt>
      <trkpt lat="-13.5679373" lon="-71.2351738">
        <ele>4518.6</ele>
        <time>2026-06-01T15:28:53Z</time>
        <hdop>3</hdop>
        <extensions>
          <osmand:speed>0.7</osmand:speed>
        </extensions>
      </trkpt>
      <trkpt lat="-13.5678687" lon="-71.2352383">
        <ele>4521.3</ele>
        <time>2026-06-01T15:29:08Z</time>
        <hdop>3</hdop>
        <extensions>
          <osmand:speed>0.9</osmand:speed>
        </extensions>
      </trkpt>
      <trkpt lat="-13.567793" lon="-71.2353078">
        <ele>4524</ele>
        <time>2026-06-01T15:29:24Z</time>
        <hdop>3</hdop>
        <extensions>
          <osmand:speed>0.8</osmand:speed>
        </extensions>
      </trkpt>
      <trkpt lat="-13.5677371" lon="-71.2353708">
        <ele>4523</ele>
        <time>2026-06-01T15:29:39Z</time>
        <hdop>3</hdop>
        <extensions>
          <osmand:speed>0.9</osmand:speed>
        </extensions>
      </trkpt>
      <trkpt lat="-13.5676657" lon="-71.2354358">
        <ele>4524.3</ele>
        <time>2026-06-01T15:29:54Z</time>
        <hdop>3</hdop>
        <extensions>
          <osmand:speed>0.8</osmand:speed>
        </extensions>
      </trkpt>
      <trkpt lat="-13.5675985" lon="-71.2354994">
        <ele>4525.3</ele>
        <time>2026-06-01T15:30:10Z</time>
        <hdop>3</hdop>
        <extensions>
          <osmand:speed>0.7</osmand:speed>
        </extensions>
      </trkpt>
      <trkpt lat="-13.5675388" lon="-71.2355624">
        <ele>4527.8</ele>
        <time>2026-06-01T15:30:25Z</time>
        <hdop>3</hdop>
        <extensions>
          <osmand:speed>0.8</osmand:speed>
        </extensions>
      </trkpt>
      <trkpt lat="-13.5674592" lon="-71.2356205">
        <ele>4531</ele>
        <time>2026-06-01T15:30:41Z</time>
        <hdop>3</hdop>
        <extensions>
          <osmand:speed>0.7</osmand:speed>
        </extensions>
      </trkpt>
      <trkpt lat="-13.5673947" lon="-71.2356968">
        <ele>4532.2</ele>
        <time>2026-06-01T15:30:56Z</time>
        <hdop>3</hdop>
        <extensions>
          <osmand:speed>0.8</osmand:speed>
        </extensions>
      </trkpt>
      <trkpt lat="-13.5673396" lon="-71.2357833">
        <ele>4533.8</ele>
        <time>2026-06-01T15:31:12Z</time>
        <hdop>3</hdop>
        <extensions>
          <osmand:speed>0.7</osmand:speed>
        </extensions>
      </trkpt>
      <trkpt lat="-13.56727" lon="-71.2358879">
        <ele>4535.1</ele>
        <time>2026-06-01T15:31:27Z</time>
        <hdop>3</hdop>
        <extensions>
          <osmand:speed>0.9</osmand:speed>
        </extensions>
      </trkpt>
      <trkpt lat="-13.5672075" lon="-71.2360011">
        <ele>4537.2</ele>
        <time>2026-06-01T15:31:42Z</time>
        <hdop>3</hdop>
        <extensions>
          <osmand:speed>0.8</osmand:speed>
        </extensions>
      </trkpt>
      <trkpt lat="-13.5671569" lon="-71.2360478">
        <ele>4539.3</ele>
        <time>2026-06-01T15:31:57Z</time>
        <hdop>3</hdop>
        <extensions>
          <osmand:speed>0.6</osmand:speed>
        </extensions>
      </trkpt>
      <trkpt lat="-13.5671704" lon="-71.2360418">
        <ele>4539</ele>
        <time>2026-06-01T15:32:13Z</time>
        <hdop>3</hdop>
        <extensions>
          <osmand:speed>0.1</osmand:speed>
        </extensions>
      </trkpt>
      <trkpt lat="-13.5671698" lon="-71.2360398">
        <ele>4539</ele>
        <time>2026-06-01T15:32:29Z</time>
        <hdop>3</hdop>
        <extensions>
          <osmand:speed>0.1</osmand:speed>
        </extensions>
      </trkpt>
      <trkpt lat="-13.5671707" lon="-71.2360397">
        <ele>4539</ele>
        <time>2026-06-01T15:32:45Z</time>
        <hdop>3</hdop>
        <extensions>
          <osmand:speed>0.1</osmand:speed>
        </extensions>
      </trkpt>
      <trkpt lat="-13.5671718" lon="-71.2360409">
        <ele>4539</ele>
        <time>2026-06-01T15:33:01Z</time>
        <hdop>3</hdop>
        <extensions>
          <osmand:speed>0.1</osmand:speed>
        </extensions>
      </trkpt>
      <trkpt lat="-13.5671431" lon="-71.2360601">
        <ele>4537.1</ele>
        <time>2026-06-01T15:33:16Z</time>
        <hdop>3</hdop>
        <extensions>
          <osmand:speed>0.4</osmand:speed>
        </extensions>
      </trkpt>
      <trkpt lat="-13.567043" lon="-71.2361174">
        <ele>4538.4</ele>
        <time>2026-06-01T15:33:32Z</time>
        <hdop>3</hdop>
        <extensions>
          <osmand:speed>0.7</osmand:speed>
        </extensions>
      </trkpt>
      <trkpt lat="-13.56697" lon="-71.2361725">
        <ele>4539.6</ele>
        <time>2026-06-01T15:33:47Z</time>
        <hdop>3</hdop>
        <extensions>
          <osmand:speed>0.8</osmand:speed>
        </extensions>
      </trkpt>
      <trkpt lat="-13.5668667" lon="-71.236215">
        <ele>4539.1</ele>
        <time>2026-06-01T15:34:02Z</time>
        <hdop>3</hdop>
        <extensions>
          <osmand:speed>0.9</osmand:speed>
        </extensions>
      </trkpt>
      <trkpt lat="-13.5667681" lon="-71.2363099">
        <ele>4539.5</ele>
        <time>2026-06-01T15:34:17Z</time>
        <hdop>3</hdop>
        <extensions>
          <osmand:speed>0.9</osmand:speed>
        </extensions>
      </trkpt>
      <trkpt lat="-13.5666879" lon="-71.2363934">
        <ele>4539.1</ele>
        <time>2026-06-01T15:34:32Z</time>
        <hdop>3</hdop>
        <extensions>
          <osmand:speed>0.9</osmand:speed>
        </extensions>
      </trkpt>
      <trkpt lat="-13.5665931" lon="-71.2364614">
        <ele>4538.8</ele>
        <time>2026-06-01T15:34:48Z</time>
        <hdop>3</hdop>
        <extensions>
          <osmand:speed>0.9</osmand:speed>
        </extensions>
      </trkpt>
      <trkpt lat="-13.5664846" lon="-71.2365414">
        <ele>4541.1</ele>
        <time>2026-06-01T15:35:03Z</time>
        <hdop>3</hdop>
        <extensions>
          <osmand:speed>1</osmand:speed>
        </extensions>
      </trkpt>
      <trkpt lat="-13.5663693" lon="-71.2366141">
        <ele>4542.6</ele>
        <time>2026-06-01T15:35:18Z</time>
        <hdop>3</hdop>
        <extensions>
          <osmand:speed>0.9</osmand:speed>
        </extensions>
      </trkpt>
      <trkpt lat="-13.5662523" lon="-71.2366985">
        <ele>4541.9</ele>
        <time>2026-06-01T15:35:33Z</time>
        <hdop>3</hdop>
        <extensions>
          <osmand:speed>1.1</osmand:speed>
        </extensions>
      </trkpt>
      <trkpt lat="-13.5661585" lon="-71.2367972">
        <ele>4539.9</ele>
        <time>2026-06-01T15:35:49Z</time>
        <hdop>3</hdop>
        <extensions>
          <osmand:speed>1</osmand:speed>
        </extensions>
      </trkpt>
      <trkpt lat="-13.5660644" lon="-71.2368891">
        <ele>4537.7</ele>
        <time>2026-06-01T15:36:04Z</time>
        <hdop>3</hdop>
        <extensions>
          <osmand:speed>0.9</osmand:speed>
        </extensions>
      </trkpt>
      <trkpt lat="-13.5659558" lon="-71.2369954">
        <ele>4538.6</ele>
        <time>2026-06-01T15:36:20Z</time>
        <hdop>3</hdop>
        <extensions>
          <osmand:speed>1.1</osmand:speed>
        </extensions>
      </trkpt>
      <trkpt lat="-13.565892" lon="-71.2370982">
        <ele>4541</ele>
        <time>2026-06-01T15:36:35Z</time>
        <hdop>3</hdop>
        <extensions>
          <osmand:speed>0.8</osmand:speed>
        </extensions>
      </trkpt>
      <trkpt lat="-13.5658471" lon="-71.2371958">
        <ele>4540.5</ele>
        <time>2026-06-01T15:36:51Z</time>
        <hdop>3</hdop>
        <extensions>
          <osmand:speed>0.7</osmand:speed>
        </extensions>
      </trkpt>
      <trkpt lat="-13.5657909" lon="-71.2372871">
        <ele>4542.2</ele>
        <time>2026-06-01T15:37:06Z</time>
        <hdop>3</hdop>
        <extensions>
          <osmand:speed>0.8</osmand:speed>
        </extensions>
      </trkpt>
      <trkpt lat="-13.5657094" lon="-71.2373614">
        <ele>4542.1</ele>
        <time>2026-06-01T15:37:21Z</time>
        <hdop>3</hdop>
        <extensions>
          <osmand:speed>1</osmand:speed>
        </extensions>
      </trkpt>
      <trkpt lat="-13.5655973" lon="-71.2374">
        <ele>4540.9</ele>
        <time>2026-06-01T15:37:37Z</time>
        <hdop>3</hdop>
        <extensions>
          <osmand:speed>1</osmand:speed>
        </extensions>
      </trkpt>
      <trkpt lat="-13.5654723" lon="-71.2374789">
        <ele>4542.1</ele>
        <time>2026-06-01T15:37:52Z</time>
        <hdop>3</hdop>
        <extensions>
          <osmand:speed>1.1</osmand:speed>
        </extensions>
      </trkpt>
      <trkpt lat="-13.5653896" lon="-71.2375921">
        <ele>4542.2</ele>
        <time>2026-06-01T15:38:07Z</time>
        <hdop>3</hdop>
        <extensions>
          <osmand:speed>1</osmand:speed>
        </extensions>
      </trkpt>
      <trkpt lat="-13.5652594" lon="-71.2376946">
        <ele>4541</ele>
        <time>2026-06-01T15:38:23Z</time>
        <hdop>3</hdop>
        <extensions>
          <osmand:speed>1</osmand:speed>
        </extensions>
      </trkpt>
      <trkpt lat="-13.5651613" lon="-71.2377844">
        <ele>4540.1</ele>
        <time>2026-06-01T15:38:38Z</time>
        <hdop>3</hdop>
        <extensions>
          <osmand:speed>0.9</osmand:speed>
        </extensions>
      </trkpt>
      <trkpt lat="-13.5650458" lon="-71.2378737">
        <ele>4542.1</ele>
        <time>2026-06-01T15:38:53Z</time>
        <hdop>3</hdop>
        <extensions>
          <osmand:speed>0.9</osmand:speed>
        </extensions>
      </trkpt>
      <trkpt lat="-13.5649666" lon="-71.2379645">
        <ele>4542.2</ele>
        <time>2026-06-01T15:39:09Z</time>
        <hdop>3</hdop>
        <extensions>
          <osmand:speed>0.9</osmand:speed>
        </extensions>
      </trkpt>
      <trkpt lat="-13.5648654" lon="-71.238029">
        <ele>4540.1</ele>
        <time>2026-06-01T15:39:24Z</time>
        <hdop>3</hdop>
        <extensions>
          <osmand:speed>0.9</osmand:speed>
        </extensions>
      </trkpt>
      <trkpt lat="-13.5647328" lon="-71.2380813">
        <ele>4542.1</ele>
        <time>2026-06-01T15:39:39Z</time>
        <hdop>3</hdop>
        <extensions>
          <osmand:speed>1.1</osmand:speed>
        </extensions>
      </trkpt>
      <trkpt lat="-13.5646312" lon="-71.2381521">
        <ele>4541</ele>
        <time>2026-06-01T15:39:55Z</time>
        <hdop>3</hdop>
        <extensions>
          <osmand:speed>0.9</osmand:speed>
        </extensions>
      </trkpt>
      <trkpt lat="-13.5645341" lon="-71.2382149">
        <ele>4543.8</ele>
        <time>2026-06-01T15:40:10Z</time>
        <hdop>3</hdop>
        <extensions>
          <osmand:speed>0.8</osmand:speed>
        </extensions>
      </trkpt>
      <trkpt lat="-13.5644538" lon="-71.2382838">
        <ele>4544.5</ele>
        <time>2026-06-01T15:40:25Z</time>
        <hdop>3</hdop>
        <extensions>
          <osmand:speed>0.8</osmand:speed>
        </extensions>
      </trkpt>
      <trkpt lat="-13.5643677" lon="-71.2383609">
        <ele>4545.2</ele>
        <time>2026-06-01T15:40:40Z</time>
        <hdop>3</hdop>
        <extensions>
          <osmand:speed>0.8</osmand:speed>
        </extensions>
      </trkpt>
      <trkpt lat="-13.5642806" lon="-71.2384182">
        <ele>4545.3</ele>
        <time>2026-06-01T15:40:56Z</time>
        <hdop>3</hdop>
        <extensions>
          <osmand:speed>1</osmand:speed>
        </extensions>
      </trkpt>
      <trkpt lat="-13.5641534" lon="-71.2384661">
        <ele>4545.5</ele>
        <time>2026-06-01T15:41:11Z</time>
        <hdop>3</hdop>
        <extensions>
          <osmand:speed>0.9</osmand:speed>
        </extensions>
      </trkpt>
      <trkpt lat="-13.564033" lon="-71.2385211">
        <ele>4549.2</ele>
        <time>2026-06-01T15:41:26Z</time>
        <hdop>3</hdop>
        <extensions>
          <osmand:speed>0.9</osmand:speed>
        </extensions>
      </trkpt>
      <trkpt lat="-13.563907" lon="-71.2385553">
        <ele>4548.4</ele>
        <time>2026-06-01T15:41:42Z</time>
        <hdop>3</hdop>
        <extensions>
          <osmand:speed>0.9</osmand:speed>
        </extensions>
      </trkpt>
      <trkpt lat="-13.5637756" lon="-71.2386102">
        <ele>4551</ele>
        <time>2026-06-01T15:41:57Z</time>
        <hdop>3</hdop>
        <extensions>
          <osmand:speed>0.9</osmand:speed>
        </extensions>
      </trkpt>
      <trkpt lat="-13.5636777" lon="-71.2386738">
        <ele>4551.9</ele>
        <time>2026-06-01T15:42:12Z</time>
        <hdop>3</hdop>
        <extensions>
          <osmand:speed>1</osmand:speed>
        </extensions>
      </trkpt>
      <trkpt lat="-13.5635614" lon="-71.2387373">
        <ele>4550.4</ele>
        <time>2026-06-01T15:42:28Z</time>
        <hdop>3</hdop>
        <extensions>
          <osmand:speed>1</osmand:speed>
        </extensions>
      </trkpt>
      <trkpt lat="-13.5634514" lon="-71.2387934">
        <ele>4551.3</ele>
        <time>2026-06-01T15:42:43Z</time>
        <hdop>3</hdop>
        <extensions>
          <osmand:speed>0.9</osmand:speed>
        </extensions>
      </trkpt>
      <trkpt lat="-13.5633656" lon="-71.2388672">
        <ele>4553.9</ele>
        <time>2026-06-01T15:42:58Z</time>
        <hdop>3</hdop>
        <extensions>
          <osmand:speed>0.8</osmand:speed>
        </extensions>
      </trkpt>
      <trkpt lat="-13.5632634" lon="-71.2389225">
        <ele>4553.8</ele>
        <time>2026-06-01T15:43:13Z</time>
        <hdop>3</hdop>
        <extensions>
          <osmand:speed>1</osmand:speed>
        </extensions>
      </trkpt>
      <trkpt lat="-13.5631471" lon="-71.2389744">
        <ele>4553.3</ele>
        <time>2026-06-01T15:43:28Z</time>
        <hdop>3</hdop>
        <extensions>
          <osmand:speed>0.7</osmand:speed>
        </extensions>
      </trkpt>
      <trkpt lat="-13.563054" lon="-71.2390102">
        <ele>4553</ele>
        <time>2026-06-01T15:43:44Z</time>
        <hdop>3</hdop>
        <extensions>
          <osmand:speed>0.8</osmand:speed>
        </extensions>
      </trkpt>
      <trkpt lat="-13.5629567" lon="-71.2390635">
        <ele>4553.9</ele>
        <time>2026-06-01T15:43:59Z</time>
        <hdop>3</hdop>
        <extensions>
          <osmand:speed>0.8</osmand:speed>
        </extensions>
      </trkpt>
      <trkpt lat="-13.5628646" lon="-71.239118">
        <ele>4554.5</ele>
        <time>2026-06-01T15:44:15Z</time>
        <hdop>3</hdop>
        <extensions>
          <osmand:speed>0.7</osmand:speed>
        </extensions>
      </trkpt>
      <trkpt lat="-13.562792" lon="-71.2391724">
        <ele>4556.9</ele>
        <time>2026-06-01T15:44:30Z</time>
        <hdop>3</hdop>
        <extensions>
          <osmand:speed>0.8</osmand:speed>
        </extensions>
      </trkpt>
      <trkpt lat="-13.5626906" lon="-71.2392391">
        <ele>4556</ele>
        <time>2026-06-01T15:44:46Z</time>
        <hdop>3</hdop>
        <extensions>
          <osmand:speed>0.9</osmand:speed>
        </extensions>
      </trkpt>
      <trkpt lat="-13.5625579" lon="-71.2393357">
        <ele>4558.2</ele>
        <time>2026-06-01T15:45:01Z</time>
        <hdop>3</hdop>
        <extensions>
          <osmand:speed>1.1</osmand:speed>
        </extensions>
      </trkpt>
      <trkpt lat="-13.5624191" lon="-71.2393882">
        <ele>4559.6</ele>
        <time>2026-06-01T15:45:16Z</time>
        <hdop>3</hdop>
        <extensions>
          <osmand:speed>1</osmand:speed>
        </extensions>
      </trkpt>
      <trkpt lat="-13.5622815" lon="-71.2394594">
        <ele>4558.5</ele>
        <time>2026-06-01T15:45:31Z</time>
        <hdop>3</hdop>
        <extensions>
          <osmand:speed>1.1</osmand:speed>
        </extensions>
      </trkpt>
      <trkpt lat="-13.56218" lon="-71.2394957">
        <ele>4558.6</ele>
        <time>2026-06-01T15:45:47Z</time>
        <hdop>3</hdop>
        <extensions>
          <osmand:speed>0.7</osmand:speed>
        </extensions>
      </trkpt>
      <trkpt lat="-13.5621407" lon="-71.2394944">
        <ele>4557.9</ele>
        <time>2026-06-01T15:46:02Z</time>
        <hdop>3</hdop>
        <extensions>
          <osmand:speed>0.2</osmand:speed>
        </extensions>
      </trkpt>
      <trkpt lat="-13.5620215" lon="-71.2395373">
        <ele>4556.6</ele>
        <time>2026-06-01T15:46:18Z</time>
        <hdop>3</hdop>
        <extensions>
          <osmand:speed>1</osmand:speed>
        </extensions>
      </trkpt>
      <trkpt lat="-13.5618741" lon="-71.2395905">
        <ele>4558.8</ele>
        <time>2026-06-01T15:46:33Z</time>
        <hdop>3</hdop>
        <extensions>
          <osmand:speed>1.1</osmand:speed>
        </extensions>
      </trkpt>
      <trkpt lat="-13.5617853" lon="-71.2396432">
        <ele>4559.3</ele>
        <time>2026-06-01T15:46:48Z</time>
        <hdop>3</hdop>
        <extensions>
          <osmand:speed>0.8</osmand:speed>
        </extensions>
      </trkpt>
      <trkpt lat="-13.5616578" lon="-71.2396744">
        <ele>4560.8</ele>
        <time>2026-06-01T15:47:03Z</time>
        <hdop>3</hdop>
        <extensions>
          <osmand:speed>0.9</osmand:speed>
        </extensions>
      </trkpt>
      <trkpt lat="-13.5615952" lon="-71.239695">
        <ele>4560.4</ele>
        <time>2026-06-01T15:47:19Z</time>
        <hdop>3</hdop>
        <extensions>
          <osmand:speed>0.4</osmand:speed>
        </extensions>
      </trkpt>
      <trkpt lat="-13.5615881" lon="-71.2396976">
        <ele>4560</ele>
        <time>2026-06-01T15:47:34Z</time>
        <hdop>3</hdop>
        <extensions>
          <osmand:speed>0</osmand:speed>
        </extensions>
      </trkpt>
      <trkpt lat="-13.5615896" lon="-71.2396961">
        <ele>4560</ele>
        <time>2026-06-01T15:47:50Z</time>
        <hdop>3</hdop>
        <extensions>
          <osmand:speed>0.1</osmand:speed>
        </extensions>
      </trkpt>
      <trkpt lat="-13.5615895" lon="-71.2396945">
        <ele>4560</ele>
        <time>2026-06-01T15:48:05Z</time>
        <hdop>3</hdop>
        <extensions>
          <osmand:speed>0.1</osmand:speed>
        </extensions>
      </trkpt>
      <trkpt lat="-13.5615878" lon="-71.2396966">
        <ele>4560</ele>
        <time>2026-06-01T15:48:21Z</time>
        <hdop>3</hdop>
        <extensions>
          <osmand:speed>0.1</osmand:speed>
        </extensions>
      </trkpt>
      <trkpt lat="-13.5614559" lon="-71.2396748">
        <ele>4559.5</ele>
        <time>2026-06-01T15:48:36Z</time>
        <hdop>3</hdop>
        <extensions>
          <osmand:speed>0.9</osmand:speed>
        </extensions>
      </trkpt>
      <trkpt lat="-13.5613625" lon="-71.2396994">
        <ele>4561.8</ele>
        <time>2026-06-01T15:48:51Z</time>
        <hdop>3</hdop>
        <extensions>
          <osmand:speed>0.7</osmand:speed>
        </extensions>
      </trkpt>
      <trkpt lat="-13.5612516" lon="-71.2397158">
        <ele>4562.6</ele>
        <time>2026-06-01T15:49:07Z</time>
        <hdop>3</hdop>
        <extensions>
          <osmand:speed>0.5</osmand:speed>
        </extensions>
      </trkpt>
      <trkpt lat="-13.5611537" lon="-71.2397887">
        <ele>4562.6</ele>
        <time>2026-06-01T15:49:22Z</time>
        <hdop>3</hdop>
        <extensions>
          <osmand:speed>0.9</osmand:speed>
        </extensions>
      </trkpt>
      <trkpt lat="-13.5610249" lon="-71.239804">
        <ele>4562</ele>
        <time>2026-06-01T15:49:38Z</time>
        <hdop>3</hdop>
        <extensions>
          <osmand:speed>0.9</osmand:speed>
        </extensions>
      </trkpt>
      <trkpt lat="-13.5609034" lon="-71.2398462">
        <ele>4564.7</ele>
        <time>2026-06-01T15:49:53Z</time>
        <hdop>3</hdop>
        <extensions>
          <osmand:speed>1</osmand:speed>
        </extensions>
      </trkpt>
      <trkpt lat="-13.5607656" lon="-71.2398685">
        <ele>4564.8</ele>
        <time>2026-06-01T15:50:08Z</time>
        <hdop>3</hdop>
        <extensions>
          <osmand:speed>0.9</osmand:speed>
        </extensions>
      </trkpt>
      <trkpt lat="-13.5606509" lon="-71.2398933">
        <ele>4566.1</ele>
        <time>2026-06-01T15:50:23Z</time>
        <hdop>3</hdop>
        <extensions>
          <osmand:speed>0.9</osmand:speed>
        </extensions>
      </trkpt>
      <trkpt lat="-13.5605237" lon="-71.2399414">
        <ele>4566</ele>
        <time>2026-06-01T15:50:38Z</time>
        <hdop>3</hdop>
        <extensions>
          <osmand:speed>1</osmand:speed>
        </extensions>
      </trkpt>
      <trkpt lat="-13.5603957" lon="-71.2400134">
        <ele>4566</ele>
        <time>2026-06-01T15:50:53Z</time>
        <hdop>3</hdop>
        <extensions>
          <osmand:speed>1</osmand:speed>
        </extensions>
      </trkpt>
      <trkpt lat="-13.5602496" lon="-71.2400447">
        <ele>4562.4</ele>
        <time>2026-06-01T15:51:09Z</time>
        <hdop>3</hdop>
        <extensions>
          <osmand:speed>1</osmand:speed>
        </extensions>
      </trkpt>
      <trkpt lat="-13.5601203" lon="-71.240077">
        <ele>4565.5</ele>
        <time>2026-06-01T15:51:25Z</time>
        <hdop>3</hdop>
        <extensions>
          <osmand:speed>1</osmand:speed>
        </extensions>
      </trkpt>
      <trkpt lat="-13.5599836" lon="-71.2400571">
        <ele>4567.1</ele>
        <time>2026-06-01T15:51:40Z</time>
        <hdop>3</hdop>
        <extensions>
          <osmand:speed>1</osmand:speed>
        </extensions>
      </trkpt>
      <trkpt lat="-13.5598503" lon="-71.2400576">
        <ele>4568.2</ele>
        <time>2026-06-01T15:51:55Z</time>
        <hdop>3</hdop>
        <extensions>
          <osmand:speed>1</osmand:speed>
        </extensions>
      </trkpt>
      <trkpt lat="-13.5597199" lon="-71.2400808">
        <ele>4567</ele>
        <time>2026-06-01T15:52:10Z</time>
        <hdop>3</hdop>
        <extensions>
          <osmand:speed>1</osmand:speed>
        </extensions>
      </trkpt>
      <trkpt lat="-13.5595834" lon="-71.240144">
        <ele>4567.7</ele>
        <time>2026-06-01T15:52:25Z</time>
        <hdop>3</hdop>
        <extensions>
          <osmand:speed>1</osmand:speed>
        </extensions>
      </trkpt>
      <trkpt lat="-13.5594596" lon="-71.2402244">
        <ele>4568.8</ele>
        <time>2026-06-01T15:52:40Z</time>
        <hdop>3</hdop>
        <extensions>
          <osmand:speed>1.1</osmand:speed>
        </extensions>
      </trkpt>
      <trkpt lat="-13.5593736" lon="-71.2402888">
        <ele>4569.1</ele>
        <time>2026-06-01T15:52:55Z</time>
        <hdop>3</hdop>
        <extensions>
          <osmand:speed>0.7</osmand:speed>
        </extensions>
      </trkpt>
      <trkpt lat="-13.559264" lon="-71.2403107">
        <ele>4568.9</ele>
        <time>2026-06-01T15:53:10Z</time>
        <hdop>3</hdop>
        <extensions>
          <osmand:speed>0.9</osmand:speed>
        </extensions>
      </trkpt>
      <trkpt lat="-13.5591643" lon="-71.240394">
        <ele>4566.9</ele>
        <time>2026-06-01T15:53:25Z</time>
        <hdop>3</hdop>
        <extensions>
          <osmand:speed>0.9</osmand:speed>
        </extensions>
      </trkpt>
      <trkpt lat="-13.5590537" lon="-71.2404359">
        <ele>4568.4</ele>
        <time>2026-06-01T15:53:40Z</time>
        <hdop>3</hdop>
        <extensions>
          <osmand:speed>1</osmand:speed>
        </extensions>
      </trkpt>
      <trkpt lat="-13.558933" lon="-71.240455">
        <ele>4570.3</ele>
        <time>2026-06-01T15:53:55Z</time>
        <hdop>3</hdop>
        <extensions>
          <osmand:speed>0.9</osmand:speed>
        </extensions>
      </trkpt>
      <trkpt lat="-13.5588295" lon="-71.240476">
        <ele>4570.7</ele>
        <time>2026-06-01T15:54:11Z</time>
        <hdop>3</hdop>
        <extensions>
          <osmand:speed>0.6</osmand:speed>
        </extensions>
      </trkpt>
      <trkpt lat="-13.5587503" lon="-71.2405203">
        <ele>4571.5</ele>
        <time>2026-06-01T15:54:26Z</time>
        <hdop>3</hdop>
        <extensions>
          <osmand:speed>0.9</osmand:speed>
        </extensions>
      </trkpt>
      <trkpt lat="-13.5586612" lon="-71.2405465">
        <ele>4572.3</ele>
        <time>2026-06-01T15:54:41Z</time>
        <hdop>3</hdop>
        <extensions>
          <osmand:speed>0.8</osmand:speed>
        </extensions>
      </trkpt>
      <trkpt lat="-13.5585796" lon="-71.2406197">
        <ele>4572.2</ele>
        <time>2026-06-01T15:54:57Z</time>
        <hdop>3</hdop>
        <extensions>
          <osmand:speed>0.8</osmand:speed>
        </extensions>
      </trkpt>
      <trkpt lat="-13.5585014" lon="-71.2406945">
        <ele>4573.5</ele>
        <time>2026-06-01T15:55:12Z</time>
        <hdop>3</hdop>
        <extensions>
          <osmand:speed>0.8</osmand:speed>
        </extensions>
      </trkpt>
      <trkpt lat="-13.5583911" lon="-71.24077">
        <ele>4572</ele>
        <time>2026-06-01T15:55:27Z</time>
        <hdop>3</hdop>
        <extensions>
          <osmand:speed>1.1</osmand:speed>
        </extensions>
      </trkpt>
      <trkpt lat="-13.5582609" lon="-71.2408249">
        <ele>4570.3</ele>
        <time>2026-06-01T15:55:42Z</time>
        <hdop>3</hdop>
        <extensions>
          <osmand:speed>1</osmand:speed>
        </extensions>
      </trkpt>
      <trkpt lat="-13.5581211" lon="-71.2408786">
        <ele>4571.8</ele>
        <time>2026-06-01T15:55:58Z</time>
        <hdop>3</hdop>
        <extensions>
          <osmand:speed>1</osmand:speed>
        </extensions>
      </trkpt>
      <trkpt lat="-13.5579879" lon="-71.2409138">
        <ele>4573.1</ele>
        <time>2026-06-01T15:56:13Z</time>
        <hdop>3</hdop>
        <extensions>
          <osmand:speed>1</osmand:speed>
        </extensions>
      </trkpt>
      <trkpt lat="-13.5578717" lon="-71.2409293">
        <ele>4575.4</ele>
        <time>2026-06-01T15:56:28Z</time>
        <hdop>3</hdop>
        <extensions>
          <osmand:speed>1</osmand:speed>
        </extensions>
      </trkpt>
      <trkpt lat="-13.557747" lon="-71.2409057">
        <ele>4574.3</ele>
        <time>2026-06-01T15:56:44Z</time>
        <hdop>3</hdop>
        <extensions>
          <osmand:speed>0.9</osmand:speed>
        </extensions>
      </trkpt>
      <trkpt lat="-13.557612" lon="-71.2408996">
        <ele>4576.4</ele>
        <time>2026-06-01T15:56:59Z</time>
        <hdop>3</hdop>
        <extensions>
          <osmand:speed>1</osmand:speed>
        </extensions>
      </trkpt>
      <trkpt lat="-13.5574846" lon="-71.2409048">
        <ele>4576.6</ele>
        <time>2026-06-01T15:57:14Z</time>
        <hdop>3</hdop>
        <extensions>
          <osmand:speed>1</osmand:speed>
        </extensions>
      </trkpt>
      <trkpt lat="-13.5573434" lon="-71.2408887">
        <ele>4577.2</ele>
        <time>2026-06-01T15:57:29Z</time>
        <hdop>3</hdop>
        <extensions>
          <osmand:speed>1</osmand:speed>
        </extensions>
      </trkpt>
      <trkpt lat="-13.5572061" lon="-71.2408887">
        <ele>4579.6</ele>
        <time>2026-06-01T15:57:45Z</time>
        <hdop>3</hdop>
        <extensions>
          <osmand:speed>1</osmand:speed>
        </extensions>
      </trkpt>
      <trkpt lat="-13.557082" lon="-71.2408667">
        <ele>4580.1</ele>
        <time>2026-06-01T15:58:00Z</time>
        <hdop>3</hdop>
        <extensions>
          <osmand:speed>1</osmand:speed>
        </extensions>
      </trkpt>
      <trkpt lat="-13.5569652" lon="-71.2408633">
        <ele>4579.2</ele>
        <time>2026-06-01T15:58:15Z</time>
        <hdop>3</hdop>
        <extensions>
          <osmand:speed>0.8</osmand:speed>
        </extensions>
      </trkpt>
      <trkpt lat="-13.5568319" lon="-71.2408498">
        <ele>4580.8</ele>
        <time>2026-06-01T15:58:30Z</time>
        <hdop>3</hdop>
        <extensions>
          <osmand:speed>1</osmand:speed>
        </extensions>
      </trkpt>
      <trkpt lat="-13.5567178" lon="-71.2408458">
        <ele>4581.8</ele>
        <time>2026-06-01T15:58:46Z</time>
        <hdop>3</hdop>
        <extensions>
          <osmand:speed>0.9</osmand:speed>
        </extensions>
      </trkpt>
      <trkpt lat="-13.5566153" lon="-71.2408561">
        <ele>4580.6</ele>
        <time>2026-06-01T15:59:01Z</time>
        <hdop>3</hdop>
        <extensions>
          <osmand:speed>0.7</osmand:speed>
        </extensions>
      </trkpt>
      <trkpt lat="-13.5565842" lon="-71.2408685">
        <ele>4581.9</ele>
        <time>2026-06-01T15:59:17Z</time>
        <hdop>3</hdop>
        <extensions>
          <osmand:speed>0</osmand:speed>
        </extensions>
      </trkpt>
      <trkpt lat="-13.5565832" lon="-71.2408699">
        <ele>4581.9</ele>
        <time>2026-06-01T15:59:32Z</time>
        <hdop>3</hdop>
        <extensions>
          <osmand:speed>0.1</osmand:speed>
        </extensions>
      </trkpt>
      <trkpt lat="-13.5565827" lon="-71.2408696">
        <ele>4581.9</ele>
        <time>2026-06-01T15:59:48Z</time>
        <hdop>3</hdop>
        <extensions>
          <osmand:speed>0.1</osmand:speed>
        </extensions>
      </trkpt>
      <trkpt lat="-13.5565831" lon="-71.2408713">
        <ele>4581.9</ele>
        <time>2026-06-01T16:00:04Z</time>
        <hdop>3</hdop>
        <extensions>
          <osmand:speed>0.1</osmand:speed>
        </extensions>
      </trkpt>
      <trkpt lat="-13.5565843" lon="-71.2408703">
        <ele>4581.9</ele>
        <time>2026-06-01T16:00:20Z</time>
        <hdop>3</hdop>
        <extensions>
          <osmand:speed>0.1</osmand:speed>
        </extensions>
      </trkpt>
      <trkpt lat="-13.5565005" lon="-71.2408868">
        <ele>4583.6</ele>
        <time>2026-06-01T16:00:35Z</time>
        <hdop>3</hdop>
        <extensions>
          <osmand:speed>0.8</osmand:speed>
        </extensions>
      </trkpt>
      <trkpt lat="-13.5564047" lon="-71.240919">
        <ele>4583.6</ele>
        <time>2026-06-01T16:00:51Z</time>
        <hdop>3</hdop>
        <extensions>
          <osmand:speed>0.9</osmand:speed>
        </extensions>
      </trkpt>
      <trkpt lat="-13.5562999" lon="-71.2409556">
        <ele>4584.7</ele>
        <time>2026-06-01T16:01:06Z</time>
        <hdop>3</hdop>
        <extensions>
          <osmand:speed>0.9</osmand:speed>
        </extensions>
      </trkpt>
      <trkpt lat="-13.5561829" lon="-71.2409729">
        <ele>4585.6</ele>
        <time>2026-06-01T16:01:21Z</time>
        <hdop>3</hdop>
        <extensions>
          <osmand:speed>0.9</osmand:speed>
        </extensions>
      </trkpt>
      <trkpt lat="-13.5560631" lon="-71.2409803">
        <ele>4586.3</ele>
        <time>2026-06-01T16:01:36Z</time>
        <hdop>3</hdop>
        <extensions>
          <osmand:speed>0.9</osmand:speed>
        </extensions>
      </trkpt>
      <trkpt lat="-13.5559487" lon="-71.2409776">
        <ele>4585.2</ele>
        <time>2026-06-01T16:01:52Z</time>
        <hdop>3</hdop>
        <extensions>
          <osmand:speed>0.9</osmand:speed>
        </extensions>
      </trkpt>
      <trkpt lat="-13.5558613" lon="-71.2409404">
        <ele>4584.1</ele>
        <time>2026-06-01T16:02:07Z</time>
        <hdop>3</hdop>
        <extensions>
          <osmand:speed>0.9</osmand:speed>
        </extensions>
      </trkpt>
      <trkpt lat="-13.5557095" lon="-71.2409576">
        <ele>4586.4</ele>
        <time>2026-06-01T16:02:22Z</time>
        <hdop>3</hdop>
        <extensions>
          <osmand:speed>1</osmand:speed>
        </extensions>
      </trkpt>
      <trkpt lat="-13.555568" lon="-71.2409424">
        <ele>4586.3</ele>
        <time>2026-06-01T16:02:37Z</time>
        <hdop>3</hdop>
        <extensions>
          <osmand:speed>1</osmand:speed>
        </extensions>
      </trkpt>
      <trkpt lat="-13.5554349" lon="-71.2409568">
        <ele>4586.2</ele>
        <time>2026-06-01T16:02:53Z</time>
        <hdop>3</hdop>
        <extensions>
          <osmand:speed>1</osmand:speed>
        </extensions>
      </trkpt>
      <trkpt lat="-13.5553092" lon="-71.240967">
        <ele>4584</ele>
        <time>2026-06-01T16:03:08Z</time>
        <hdop>3</hdop>
        <extensions>
          <osmand:speed>1</osmand:speed>
        </extensions>
      </trkpt>
      <trkpt lat="-13.555169" lon="-71.2409839">
        <ele>4586.2</ele>
        <time>2026-06-01T16:03:23Z</time>
        <hdop>3</hdop>
        <extensions>
          <osmand:speed>1</osmand:speed>
        </extensions>
      </trkpt>
      <trkpt lat="-13.5550343" lon="-71.2409846">
        <ele>4588.7</ele>
        <time>2026-06-01T16:03:38Z</time>
        <hdop>3</hdop>
        <extensions>
          <osmand:speed>1</osmand:speed>
        </extensions>
      </trkpt>
      <trkpt lat="-13.5549045" lon="-71.2410024">
        <ele>4589.5</ele>
        <time>2026-06-01T16:03:53Z</time>
        <hdop>3</hdop>
        <extensions>
          <osmand:speed>0.9</osmand:speed>
        </extensions>
      </trkpt>
      <trkpt lat="-13.5548458" lon="-71.2410257">
        <ele>4590</ele>
        <time>2026-06-01T16:04:09Z</time>
        <hdop>3</hdop>
        <extensions>
          <osmand:speed>0.1</osmand:speed>
        </extensions>
      </trkpt>
      <trkpt lat="-13.5548487" lon="-71.2410229">
        <ele>4590.6</ele>
        <time>2026-06-01T16:04:24Z</time>
        <hdop>3</hdop>
        <extensions>
          <osmand:speed>0</osmand:speed>
        </extensions>
      </trkpt>
      <trkpt lat="-13.5548444" lon="-71.2410413">
        <ele>4590.4</ele>
        <time>2026-06-01T16:04:39Z</time>
        <hdop>3</hdop>
        <extensions>
          <osmand:speed>0.1</osmand:speed>
        </extensions>
      </trkpt>
      <trkpt lat="-13.5547908" lon="-71.2410696">
        <ele>4594.3</ele>
        <time>2026-06-01T16:04:54Z</time>
        <hdop>3</hdop>
        <extensions>
          <osmand:speed>0.7</osmand:speed>
        </extensions>
      </trkpt>
      <trkpt lat="-13.5547911" lon="-71.2410675">
        <ele>4594.8</ele>
        <time>2026-06-01T16:05:10Z</time>
        <hdop>3</hdop>
        <extensions>
          <osmand:speed>0.1</osmand:speed>
        </extensions>
      </trkpt>
      <trkpt lat="-13.5547911" lon="-71.2410672">
        <ele>4594.8</ele>
        <time>2026-06-01T16:05:25Z</time>
        <hdop>3</hdop>
        <extensions>
          <osmand:speed>0</osmand:speed>
        </extensions>
      </trkpt>
      <trkpt lat="-13.5546654" lon="-71.2411063">
        <ele>4592.2</ele>
        <time>2026-06-01T16:05:40Z</time>
        <hdop>3</hdop>
        <extensions>
          <osmand:speed>1.1</osmand:speed>
        </extensions>
      </trkpt>
      <trkpt lat="-13.5545611" lon="-71.2411785">
        <ele>4594.3</ele>
        <time>2026-06-01T16:05:56Z</time>
        <hdop>3</hdop>
        <extensions>
          <osmand:speed>0.9</osmand:speed>
        </extensions>
      </trkpt>
      <trkpt lat="-13.5544422" lon="-71.2411933">
        <ele>4596.1</ele>
        <time>2026-06-01T16:06:11Z</time>
        <hdop>3</hdop>
        <extensions>
          <osmand:speed>1</osmand:speed>
        </extensions>
      </trkpt>
      <trkpt lat="-13.5543315" lon="-71.2412415">
        <ele>4597.5</ele>
        <time>2026-06-01T16:06:26Z</time>
        <hdop>3</hdop>
        <extensions>
          <osmand:speed>0.9</osmand:speed>
        </extensions>
      </trkpt>
      <trkpt lat="-13.5542176" lon="-71.2412776">
        <ele>4598.5</ele>
        <time>2026-06-01T16:06:41Z</time>
        <hdop>3</hdop>
        <extensions>
          <osmand:speed>0.9</osmand:speed>
        </extensions>
      </trkpt>
      <trkpt lat="-13.5541112" lon="-71.2412901">
        <ele>4601.3</ele>
        <time>2026-06-01T16:06:57Z</time>
        <hdop>3</hdop>
        <extensions>
          <osmand:speed>0.9</osmand:speed>
        </extensions>
      </trkpt>
      <trkpt lat="-13.5540206" lon="-71.2412364">
        <ele>4605.4</ele>
        <time>2026-06-01T16:07:12Z</time>
        <hdop>3</hdop>
        <extensions>
          <osmand:speed>0.9</osmand:speed>
        </extensions>
      </trkpt>
      <trkpt lat="-13.553922" lon="-71.2411865">
        <ele>4605.3</ele>
        <time>2026-06-01T16:07:28Z</time>
        <hdop>3</hdop>
        <extensions>
          <osmand:speed>0.9</osmand:speed>
        </extensions>
      </trkpt>
      <trkpt lat="-13.5538222" lon="-71.2411118">
        <ele>4605.1</ele>
        <time>2026-06-01T16:07:43Z</time>
        <hdop>3</hdop>
        <extensions>
          <osmand:speed>1</osmand:speed>
        </extensions>
      </trkpt>
      <trkpt lat="-13.5537134" lon="-71.2410444">
        <ele>4603.7</ele>
        <time>2026-06-01T16:07:58Z</time>
        <hdop>3</hdop>
        <extensions>
          <osmand:speed>0.9</osmand:speed>
        </extensions>
      </trkpt>
      <trkpt lat="-13.5536308" lon="-71.24101">
        <ele>4601.8</ele>
        <time>2026-06-01T16:08:14Z</time>
        <hdop>3</hdop>
        <extensions>
          <osmand:speed>0.8</osmand:speed>
        </extensions>
      </trkpt>
      <trkpt lat="-13.5535475" lon="-71.2409899">
        <ele>4600.6</ele>
        <time>2026-06-01T16:08:29Z</time>
        <hdop>3</hdop>
        <extensions>
          <osmand:speed>0.7</osmand:speed>
        </extensions>
      </trkpt>
      <trkpt lat="-13.5534504" lon="-71.2409851">
        <ele>4602.1</ele>
        <time>2026-06-01T16:08:45Z</time>
        <hdop>3</hdop>
        <extensions>
          <osmand:speed>0.7</osmand:speed>
        </extensions>
      </trkpt>
      <trkpt lat="-13.553346" lon="-71.2409872">
        <ele>4604.9</ele>
        <time>2026-06-01T16:09:00Z</time>
        <hdop>3</hdop>
        <extensions>
          <osmand:speed>0.9</osmand:speed>
        </extensions>
      </trkpt>
      <trkpt lat="-13.5532262" lon="-71.2410062">
        <ele>4606.7</ele>
        <time>2026-06-01T16:09:15Z</time>
        <hdop>3</hdop>
        <extensions>
          <osmand:speed>0.9</osmand:speed>
        </extensions>
      </trkpt>
      <trkpt lat="-13.5531472" lon="-71.2409654">
        <ele>4609</ele>
        <time>2026-06-01T16:09:31Z</time>
        <hdop>3</hdop>
        <extensions>
          <osmand:speed>0.8</osmand:speed>
        </extensions>
      </trkpt>
      <trkpt lat="-13.5530628" lon="-71.2409121">
        <ele>4611.3</ele>
        <time>2026-06-01T16:09:46Z</time>
        <hdop>3</hdop>
        <extensions>
          <osmand:speed>0.8</osmand:speed>
        </extensions>
      </trkpt>
      <trkpt lat="-13.552964" lon="-71.2408742">
        <ele>4612.7</ele>
        <time>2026-06-01T16:10:01Z</time>
        <hdop>3</hdop>
        <extensions>
          <osmand:speed>0.9</osmand:speed>
        </extensions>
      </trkpt>
      <trkpt lat="-13.5528789" lon="-71.240789">
        <ele>4617.2</ele>
        <time>2026-06-01T16:10:16Z</time>
        <hdop>3</hdop>
        <extensions>
          <osmand:speed>0.8</osmand:speed>
        </extensions>
      </trkpt>
      <trkpt lat="-13.5528063" lon="-71.2407495">
        <ele>4618.8</ele>
        <time>2026-06-01T16:10:32Z</time>
        <hdop>3</hdop>
        <extensions>
          <osmand:speed>0.4</osmand:speed>
        </extensions>
      </trkpt>
      <trkpt lat="-13.5527275" lon="-71.2407132">
        <ele>4617.6</ele>
        <time>2026-06-01T16:10:47Z</time>
        <hdop>3</hdop>
        <extensions>
          <osmand:speed>0.7</osmand:speed>
        </extensions>
      </trkpt>
      <trkpt lat="-13.552667" lon="-71.2406941">
        <ele>4616.9</ele>
        <time>2026-06-01T16:11:02Z</time>
        <hdop>3</hdop>
        <extensions>
          <osmand:speed>0.6</osmand:speed>
        </extensions>
      </trkpt>
      <trkpt lat="-13.5525616" lon="-71.2406337">
        <ele>4617.3</ele>
        <time>2026-06-01T16:11:17Z</time>
        <hdop>3</hdop>
        <extensions>
          <osmand:speed>0.9</osmand:speed>
        </extensions>
      </trkpt>
      <trkpt lat="-13.5524631" lon="-71.2405733">
        <ele>4617.3</ele>
        <time>2026-06-01T16:11:33Z</time>
        <hdop>3</hdop>
        <extensions>
          <osmand:speed>0.8</osmand:speed>
        </extensions>
      </trkpt>
      <trkpt lat="-13.5523716" lon="-71.2405146">
        <ele>4617</ele>
        <time>2026-06-01T16:11:48Z</time>
        <hdop>3</hdop>
        <extensions>
          <osmand:speed>0.8</osmand:speed>
        </extensions>
      </trkpt>
      <trkpt lat="-13.5522807" lon="-71.2404679">
        <ele>4618</ele>
        <time>2026-06-01T16:12:03Z</time>
        <hdop>3</hdop>
        <extensions>
          <osmand:speed>0.7</osmand:speed>
        </extensions>
      </trkpt>
      <trkpt lat="-13.5521908" lon="-71.2404335">
        <ele>4617.2</ele>
        <time>2026-06-01T16:12:19Z</time>
        <hdop>3</hdop>
        <extensions>
          <osmand:speed>0.8</osmand:speed>
        </extensions>
      </trkpt>
      <trkpt lat="-13.5520794" lon="-71.240403">
        <ele>4617.4</ele>
        <time>2026-06-01T16:12:34Z</time>
        <hdop>3</hdop>
        <extensions>
          <osmand:speed>0.8</osmand:speed>
        </extensions>
      </trkpt>
      <trkpt lat="-13.5519511" lon="-71.2403975">
        <ele>4617.2</ele>
        <time>2026-06-01T16:12:49Z</time>
        <hdop>3</hdop>
        <extensions>
          <osmand:speed>0.9</osmand:speed>
        </extensions>
      </trkpt>
      <trkpt lat="-13.5518634" lon="-71.2404022">
        <ele>4618.2</ele>
        <time>2026-06-01T16:13:05Z</time>
        <hdop>3</hdop>
        <extensions>
          <osmand:speed>0.7</osmand:speed>
        </extensions>
      </trkpt>
      <trkpt lat="-13.5517553" lon="-71.2403703">
        <ele>4616.8</ele>
        <time>2026-06-01T16:13:20Z</time>
        <hdop>3</hdop>
        <extensions>
          <osmand:speed>1</osmand:speed>
        </extensions>
      </trkpt>
      <trkpt lat="-13.5516731" lon="-71.2403118">
        <ele>4616.6</ele>
        <time>2026-06-01T16:13:35Z</time>
        <hdop>3</hdop>
        <extensions>
          <osmand:speed>0.7</osmand:speed>
        </extensions>
      </trkpt>
      <trkpt lat="-13.5515864" lon="-71.2402805">
        <ele>4616.6</ele>
        <time>2026-06-01T16:13:51Z</time>
        <hdop>3</hdop>
        <extensions>
          <osmand:speed>0.6</osmand:speed>
        </extensions>
      </trkpt>
      <trkpt lat="-13.5515346" lon="-71.2402376">
        <ele>4618.2</ele>
        <time>2026-06-01T16:14:06Z</time>
        <hdop>3</hdop>
        <extensions>
          <osmand:speed>0.1</osmand:speed>
        </extensions>
      </trkpt>
      <trkpt lat="-13.5515315" lon="-71.2402317">
        <ele>4618.2</ele>
        <time>2026-06-01T16:14:22Z</time>
        <hdop>3</hdop>
        <extensions>
          <osmand:speed>0.1</osmand:speed>
        </extensions>
      </trkpt>
      <trkpt lat="-13.5515294" lon="-71.240231">
        <ele>4618.2</ele>
        <time>2026-06-01T16:14:37Z</time>
        <hdop>3</hdop>
        <extensions>
          <osmand:speed>0.1</osmand:speed>
        </extensions>
      </trkpt>
      <trkpt lat="-13.5515308" lon="-71.2402314">
        <ele>4618.2</ele>
        <time>2026-06-01T16:14:53Z</time>
        <hdop>3</hdop>
        <extensions>
          <osmand:speed>0</osmand:speed>
        </extensions>
      </trkpt>
      <trkpt lat="-13.5515301" lon="-71.2402305">
        <ele>4618.2</ele>
        <time>2026-06-01T16:15:09Z</time>
        <hdop>3</hdop>
        <extensions>
          <osmand:speed>0.1</osmand:speed>
        </extensions>
      </trkpt>
      <trkpt lat="-13.5514258" lon="-71.2402184">
        <ele>4623.6</ele>
        <time>2026-06-01T16:15:25Z</time>
        <hdop>3</hdop>
        <extensions>
          <osmand:speed>0.1</osmand:speed>
        </extensions>
      </trkpt>
      <trkpt lat="-13.5514241" lon="-71.2402175">
        <ele>4623.6</ele>
        <time>2026-06-01T16:15:40Z</time>
        <hdop>3</hdop>
        <extensions>
          <osmand:speed>0.1</osmand:speed>
        </extensions>
      </trkpt>
      <trkpt lat="-13.5513654" lon="-71.2401992">
        <ele>4626.3</ele>
        <time>2026-06-01T16:15:56Z</time>
        <hdop>3</hdop>
        <extensions>
          <osmand:speed>0</osmand:speed>
        </extensions>
      </trkpt>
      <trkpt lat="-13.5513648" lon="-71.2401985">
        <ele>4626.3</ele>
        <time>2026-06-01T16:16:12Z</time>
        <hdop>3</hdop>
        <extensions>
          <osmand:speed>0.1</osmand:speed>
        </extensions>
      </trkpt>
      <trkpt lat="-13.5513634" lon="-71.2401985">
        <ele>4626.3</ele>
        <time>2026-06-01T16:16:27Z</time>
        <hdop>3</hdop>
        <extensions>
          <osmand:speed>0.1</osmand:speed>
        </extensions>
      </trkpt>
      <trkpt lat="-13.551364" lon="-71.2402001">
        <ele>4626.3</ele>
        <time>2026-06-01T16:16:43Z</time>
        <hdop>3</hdop>
        <extensions>
          <osmand:speed>0.1</osmand:speed>
        </extensions>
      </trkpt>
      <trkpt lat="-13.5513635" lon="-71.2402004">
        <ele>4626.3</ele>
        <time>2026-06-01T16:16:59Z</time>
        <hdop>3</hdop>
        <extensions>
          <osmand:speed>0.1</osmand:speed>
        </extensions>
      </trkpt>
      <trkpt lat="-13.5512756" lon="-71.2401507">
        <ele>4630.3</ele>
        <time>2026-06-01T16:17:14Z</time>
        <hdop>3</hdop>
        <extensions>
          <osmand:speed>0.1</osmand:speed>
        </extensions>
      </trkpt>
      <trkpt lat="-13.5512749" lon="-71.2401501">
        <ele>4630.3</ele>
        <time>2026-06-01T16:17:30Z</time>
        <hdop>3</hdop>
        <extensions>
          <osmand:speed>0.1</osmand:speed>
        </extensions>
      </trkpt>
      <trkpt lat="-13.551276" lon="-71.2401511">
        <ele>4630.3</ele>
        <time>2026-06-01T16:17:46Z</time>
        <hdop>3</hdop>
        <extensions>
          <osmand:speed>0.1</osmand:speed>
        </extensions>
      </trkpt>
      <trkpt lat="-13.5512" lon="-71.2400365">
        <ele>4630.1</ele>
        <time>2026-06-01T16:18:02Z</time>
        <hdop>3</hdop>
        <extensions>
          <osmand:speed>0.5</osmand:speed>
        </extensions>
      </trkpt>
      <trkpt lat="-13.5510904" lon="-71.2399963">
        <ele>4631.4</ele>
        <time>2026-06-01T16:18:17Z</time>
        <hdop>3</hdop>
        <extensions>
          <osmand:speed>0.8</osmand:speed>
        </extensions>
      </trkpt>
      <trkpt lat="-13.5510493" lon="-71.2399373">
        <ele>4629.2</ele>
        <time>2026-06-01T16:18:32Z</time>
        <hdop>3</hdop>
        <extensions>
          <osmand:speed>0.1</osmand:speed>
        </extensions>
      </trkpt>
      <trkpt lat="-13.5510476" lon="-71.2399223">
        <ele>4628.5</ele>
        <time>2026-06-01T16:18:48Z</time>
        <hdop>3</hdop>
        <extensions>
          <osmand:speed>0</osmand:speed>
        </extensions>
      </trkpt>
      <trkpt lat="-13.5510205" lon="-71.239836">
        <ele>4630.1</ele>
        <time>2026-06-01T16:19:03Z</time>
        <hdop>3</hdop>
        <extensions>
          <osmand:speed>0.6</osmand:speed>
        </extensions>
      </trkpt>
      <trkpt lat="-13.5509695" lon="-71.2397609">
        <ele>4630.3</ele>
        <time>2026-06-01T16:19:19Z</time>
        <hdop>3</hdop>
        <extensions>
          <osmand:speed>0.5</osmand:speed>
        </extensions>
      </trkpt>
      <trkpt lat="-13.5508607" lon="-71.2397303">
        <ele>4631.4</ele>
        <time>2026-06-01T16:19:34Z</time>
        <hdop>3</hdop>
        <extensions>
          <osmand:speed>0.8</osmand:speed>
        </extensions>
      </trkpt>
      <trkpt lat="-13.5508164" lon="-71.239698">
        <ele>4631.4</ele>
        <time>2026-06-01T16:19:49Z</time>
        <hdop>3</hdop>
        <extensions>
          <osmand:speed>0.1</osmand:speed>
        </extensions>
      </trkpt>
      <trkpt lat="-13.5507828" lon="-71.239667">
        <ele>4632.8</ele>
        <time>2026-06-01T16:20:05Z</time>
        <hdop>3</hdop>
        <extensions>
          <osmand:speed>0.1</osmand:speed>
        </extensions>
      </trkpt>
      <trkpt lat="-13.5506919" lon="-71.239554">
        <ele>4636.7</ele>
        <time>2026-06-01T16:20:20Z</time>
        <hdop>3</hdop>
        <extensions>
          <osmand:speed>0.8</osmand:speed>
        </extensions>
      </trkpt>
      <trkpt lat="-13.5506489" lon="-71.2395275">
        <ele>4640.1</ele>
        <time>2026-06-01T16:20:36Z</time>
        <hdop>3</hdop>
        <extensions>
          <osmand:speed>0.4</osmand:speed>
        </extensions>
      </trkpt>
      <trkpt lat="-13.5505379" lon="-71.2394399">
        <ele>4641.6</ele>
        <time>2026-06-01T16:20:51Z</time>
        <hdop>3</hdop>
        <extensions>
          <osmand:speed>1</osmand:speed>
        </extensions>
      </trkpt>
      <trkpt lat="-13.5504692" lon="-71.2393755">
        <ele>4640.8</ele>
        <time>2026-06-01T16:21:06Z</time>
        <hdop>3</hdop>
        <extensions>
          <osmand:speed>0.7</osmand:speed>
        </extensions>
      </trkpt>
      <trkpt lat="-13.5504613" lon="-71.2393714">
        <ele>4639.4</ele>
        <time>2026-06-01T16:21:22Z</time>
        <hdop>3</hdop>
        <extensions>
          <osmand:speed>0</osmand:speed>
        </extensions>
      </trkpt>
      <trkpt lat="-13.5504604" lon="-71.2393733">
        <ele>4639.4</ele>
        <time>2026-06-01T16:21:37Z</time>
        <hdop>3</hdop>
        <extensions>
          <osmand:speed>0.1</osmand:speed>
        </extensions>
      </trkpt>
      <trkpt lat="-13.5504489" lon="-71.2393418">
        <ele>4639.2</ele>
        <time>2026-06-01T16:21:53Z</time>
        <hdop>3</hdop>
        <extensions>
          <osmand:speed>0.1</osmand:speed>
        </extensions>
      </trkpt>
      <trkpt lat="-13.5503905" lon="-71.2392712">
        <ele>4638.3</ele>
        <time>2026-06-01T16:22:08Z</time>
        <hdop>3</hdop>
        <extensions>
          <osmand:speed>0.9</osmand:speed>
        </extensions>
      </trkpt>
      <trkpt lat="-13.5502906" lon="-71.2392164">
        <ele>4637.6</ele>
        <time>2026-06-01T16:22:23Z</time>
        <hdop>3</hdop>
        <extensions>
          <osmand:speed>0.9</osmand:speed>
        </extensions>
      </trkpt>
      <trkpt lat="-13.550216" lon="-71.2391745">
        <ele>4638.2</ele>
        <time>2026-06-01T16:22:39Z</time>
        <hdop>3</hdop>
        <extensions>
          <osmand:speed>0.1</osmand:speed>
        </extensions>
      </trkpt>
      <trkpt lat="-13.5502226" lon="-71.2391771">
        <ele>4638.2</ele>
        <time>2026-06-01T16:22:54Z</time>
        <hdop>3</hdop>
        <extensions>
          <osmand:speed>0</osmand:speed>
        </extensions>
      </trkpt>
      <trkpt lat="-13.5501022" lon="-71.2391544">
        <ele>4644.6</ele>
        <time>2026-06-01T16:23:10Z</time>
        <hdop>3</hdop>
        <extensions>
          <osmand:speed>0.6</osmand:speed>
        </extensions>
      </trkpt>
      <trkpt lat="-13.5500078" lon="-71.2391162">
        <ele>4645.2</ele>
        <time>2026-06-01T16:23:25Z</time>
        <hdop>3</hdop>
        <extensions>
          <osmand:speed>0.8</osmand:speed>
        </extensions>
      </trkpt>
      <trkpt lat="-13.549938" lon="-71.2390727">
        <ele>4646.9</ele>
        <time>2026-06-01T16:23:40Z</time>
        <hdop>3</hdop>
        <extensions>
          <osmand:speed>0.8</osmand:speed>
        </extensions>
      </trkpt>
      <trkpt lat="-13.5498723" lon="-71.2390025">
        <ele>4647</ele>
        <time>2026-06-01T16:23:55Z</time>
        <hdop>3</hdop>
        <extensions>
          <osmand:speed>0.6</osmand:speed>
        </extensions>
      </trkpt>
      <trkpt lat="-13.549799" lon="-71.2389214">
        <ele>4646.7</ele>
        <time>2026-06-01T16:24:11Z</time>
        <hdop>3</hdop>
        <extensions>
          <osmand:speed>0.8</osmand:speed>
        </extensions>
      </trkpt>
      <trkpt lat="-13.5497691" lon="-71.2388619">
        <ele>4648.3</ele>
        <time>2026-06-01T16:24:26Z</time>
        <hdop>3</hdop>
        <extensions>
          <osmand:speed>0.2</osmand:speed>
        </extensions>
      </trkpt>
      <trkpt lat="-13.5497451" lon="-71.2388433">
        <ele>4648.4</ele>
        <time>2026-06-01T16:24:42Z</time>
        <hdop>3</hdop>
        <extensions>
          <osmand:speed>0</osmand:speed>
        </extensions>
      </trkpt>
      <trkpt lat="-13.5497439" lon="-71.2388421">
        <ele>4648.4</ele>
        <time>2026-06-01T16:24:58Z</time>
        <hdop>3</hdop>
        <extensions>
          <osmand:speed>0.1</osmand:speed>
        </extensions>
      </trkpt>
      <trkpt lat="-13.549743" lon="-71.238842">
        <ele>4648.4</ele>
        <time>2026-06-01T16:25:14Z</time>
        <hdop>3</hdop>
        <extensions>
          <osmand:speed>0.1</osmand:speed>
        </extensions>
      </trkpt>
      <trkpt lat="-13.549687" lon="-71.2388058">
        <ele>4654.2</ele>
        <time>2026-06-01T16:25:30Z</time>
        <hdop>3.2</hdop>
        <extensions>
          <osmand:speed>0.1</osmand:speed>
        </extensions>
      </trkpt>
      <trkpt lat="-13.5496914" lon="-71.2387761">
        <ele>4655.9</ele>
        <time>2026-06-01T16:25:45Z</time>
        <hdop>3</hdop>
        <extensions>
          <osmand:speed>0.1</osmand:speed>
        </extensions>
      </trkpt>
      <trkpt lat="-13.5496687" lon="-71.238752">
        <ele>4656.6</ele>
        <time>2026-06-01T16:26:01Z</time>
        <hdop>3</hdop>
        <extensions>
          <osmand:speed>0</osmand:speed>
        </extensions>
      </trkpt>
      <trkpt lat="-13.5496686" lon="-71.2387507">
        <ele>4656.6</ele>
        <time>2026-06-01T16:26:16Z</time>
        <hdop>3</hdop>
        <extensions>
          <osmand:speed>0.1</osmand:speed>
        </extensions>
      </trkpt>
      <trkpt lat="-13.5496378" lon="-71.238706">
        <ele>4657.2</ele>
        <time>2026-06-01T16:26:31Z</time>
        <hdop>3.2</hdop>
        <extensions>
          <osmand:speed>0.6</osmand:speed>
        </extensions>
      </trkpt>
      <trkpt lat="-13.5495586" lon="-71.2386179">
        <ele>4655.7</ele>
        <time>2026-06-01T16:26:46Z</time>
        <hdop>3</hdop>
        <extensions>
          <osmand:speed>0.7</osmand:speed>
        </extensions>
      </trkpt>
      <trkpt lat="-13.5494649" lon="-71.2385405">
        <ele>4657.6</ele>
        <time>2026-06-01T16:27:02Z</time>
        <hdop>3</hdop>
        <extensions>
          <osmand:speed>0.8</osmand:speed>
        </extensions>
      </trkpt>
      <trkpt lat="-13.5493952" lon="-71.2384697">
        <ele>4659.1</ele>
        <time>2026-06-01T16:27:17Z</time>
        <hdop>3</hdop>
        <extensions>
          <osmand:speed>0.8</osmand:speed>
        </extensions>
      </trkpt>
      <trkpt lat="-13.5493508" lon="-71.2383997">
        <ele>4658.1</ele>
        <time>2026-06-01T16:27:32Z</time>
        <hdop>3</hdop>
        <extensions>
          <osmand:speed>0.6</osmand:speed>
        </extensions>
      </trkpt>
      <trkpt lat="-13.5492962" lon="-71.2383325">
        <ele>4657.1</ele>
        <time>2026-06-01T16:27:48Z</time>
        <hdop>3</hdop>
        <extensions>
          <osmand:speed>0.7</osmand:speed>
        </extensions>
      </trkpt>
      <trkpt lat="-13.54923" lon="-71.2382557">
        <ele>4658.7</ele>
        <time>2026-06-01T16:28:03Z</time>
        <hdop>3</hdop>
        <extensions>
          <osmand:speed>0.9</osmand:speed>
        </extensions>
      </trkpt>
      <trkpt lat="-13.5491964" lon="-71.2381929">
        <ele>4659.1</ele>
        <time>2026-06-01T16:28:18Z</time>
        <hdop>3</hdop>
        <extensions>
          <osmand:speed>0.7</osmand:speed>
        </extensions>
      </trkpt>
      <trkpt lat="-13.5491346" lon="-71.2381223">
        <ele>4660.4</ele>
        <time>2026-06-01T16:28:34Z</time>
        <hdop>3</hdop>
        <extensions>
          <osmand:speed>0.7</osmand:speed>
        </extensions>
      </trkpt>
      <trkpt lat="-13.5490868" lon="-71.2380717">
        <ele>4662.9</ele>
        <time>2026-06-01T16:28:49Z</time>
        <hdop>3</hdop>
        <extensions>
          <osmand:speed>0.2</osmand:speed>
        </extensions>
      </trkpt>
      <trkpt lat="-13.5490143" lon="-71.2379877">
        <ele>4666.1</ele>
        <time>2026-06-01T16:29:04Z</time>
        <hdop>3</hdop>
        <extensions>
          <osmand:speed>0.8</osmand:speed>
        </extensions>
      </trkpt>
      <trkpt lat="-13.5489512" lon="-71.2379223">
        <ele>4666.5</ele>
        <time>2026-06-01T16:29:19Z</time>
        <hdop>3</hdop>
        <extensions>
          <osmand:speed>0.8</osmand:speed>
        </extensions>
      </trkpt>
      <trkpt lat="-13.5488601" lon="-71.2378695">
        <ele>4667.5</ele>
        <time>2026-06-01T16:29:34Z</time>
        <hdop>3</hdop>
        <extensions>
          <osmand:speed>0.7</osmand:speed>
        </extensions>
      </trkpt>
      <trkpt lat="-13.5488114" lon="-71.2378242">
        <ele>4669.6</ele>
        <time>2026-06-01T16:29:50Z</time>
        <hdop>3</hdop>
        <extensions>
          <osmand:speed>0.7</osmand:speed>
        </extensions>
      </trkpt>
      <trkpt lat="-13.5487804" lon="-71.2377881">
        <ele>4670.7</ele>
        <time>2026-06-01T16:30:05Z</time>
        <hdop>3</hdop>
        <extensions>
          <osmand:speed>0.1</osmand:speed>
        </extensions>
      </trkpt>
      <trkpt lat="-13.5487235" lon="-71.2377345">
        <ele>4670.8</ele>
        <time>2026-06-01T16:30:20Z</time>
        <hdop>3.1</hdop>
        <extensions>
          <osmand:speed>0.6</osmand:speed>
        </extensions>
      </trkpt>
      <trkpt lat="-13.5487079" lon="-71.2377192">
        <ele>4671.7</ele>
        <time>2026-06-01T16:30:36Z</time>
        <hdop>3</hdop>
        <extensions>
          <osmand:speed>0</osmand:speed>
        </extensions>
      </trkpt>
      <trkpt lat="-13.5487064" lon="-71.2377188">
        <ele>4671.7</ele>
        <time>2026-06-01T16:30:52Z</time>
        <hdop>3</hdop>
        <extensions>
          <osmand:speed>0.1</osmand:speed>
        </extensions>
      </trkpt>
      <trkpt lat="-13.5486511" lon="-71.237633">
        <ele>4673.7</ele>
        <time>2026-06-01T16:31:07Z</time>
        <hdop>3</hdop>
        <extensions>
          <osmand:speed>0.2</osmand:speed>
        </extensions>
      </trkpt>
      <trkpt lat="-13.5485963" lon="-71.2375964">
        <ele>4675.7</ele>
        <time>2026-06-01T16:31:23Z</time>
        <hdop>3</hdop>
        <extensions>
          <osmand:speed>0.5</osmand:speed>
        </extensions>
      </trkpt>
      <trkpt lat="-13.5485696" lon="-71.237582">
        <ele>4676.9</ele>
        <time>2026-06-01T16:31:39Z</time>
        <hdop>3</hdop>
        <extensions>
          <osmand:speed>0</osmand:speed>
        </extensions>
      </trkpt>
      <trkpt lat="-13.5485702" lon="-71.2375827">
        <ele>4676.9</ele>
        <time>2026-06-01T16:31:54Z</time>
        <hdop>3</hdop>
        <extensions>
          <osmand:speed>0.1</osmand:speed>
        </extensions>
      </trkpt>
      <trkpt lat="-13.5485437" lon="-71.2375431">
        <ele>4679</ele>
        <time>2026-06-01T16:32:10Z</time>
        <hdop>3</hdop>
        <extensions>
          <osmand:speed>0.1</osmand:speed>
        </extensions>
      </trkpt>
      <trkpt lat="-13.5485208" lon="-71.2375367">
        <ele>4679</ele>
        <time>2026-06-01T16:32:25Z</time>
        <hdop>3</hdop>
        <extensions>
          <osmand:speed>0.1</osmand:speed>
        </extensions>
      </trkpt>
      <trkpt lat="-13.5485197" lon="-71.2375373">
        <ele>4679</ele>
        <time>2026-06-01T16:32:41Z</time>
        <hdop>3</hdop>
        <extensions>
          <osmand:speed>0</osmand:speed>
        </extensions>
      </trkpt>
      <trkpt lat="-13.54852" lon="-71.2375372">
        <ele>4679</ele>
        <time>2026-06-01T16:32:56Z</time>
        <hdop>3</hdop>
        <extensions>
          <osmand:speed>0.1</osmand:speed>
        </extensions>
      </trkpt>
      <trkpt lat="-13.5484771" lon="-71.2374849">
        <ele>4680.1</ele>
        <time>2026-06-01T16:33:12Z</time>
        <hdop>3.1</hdop>
        <extensions>
          <osmand:speed>0.2</osmand:speed>
        </extensions>
      </trkpt>
      <trkpt lat="-13.5484044" lon="-71.2373774">
        <ele>4679.5</ele>
        <time>2026-06-01T16:33:27Z</time>
        <hdop>3</hdop>
        <extensions>
          <osmand:speed>0.2</osmand:speed>
        </extensions>
      </trkpt>
      <trkpt lat="-13.5483993" lon="-71.2373749">
        <ele>4678.6</ele>
        <time>2026-06-01T16:33:42Z</time>
        <hdop>3</hdop>
        <extensions>
          <osmand:speed>0.1</osmand:speed>
        </extensions>
      </trkpt>
      <trkpt lat="-13.5483805" lon="-71.2373352">
        <ele>4677.2</ele>
        <time>2026-06-01T16:33:58Z</time>
        <hdop>3</hdop>
        <extensions>
          <osmand:speed>0.1</osmand:speed>
        </extensions>
      </trkpt>
      <trkpt lat="-13.5483414" lon="-71.2373431">
        <ele>4677.8</ele>
        <time>2026-06-01T16:34:14Z</time>
        <hdop>3</hdop>
        <extensions>
          <osmand:speed>0.4</osmand:speed>
        </extensions>
      </trkpt>
      <trkpt lat="-13.5483069" lon="-71.2373709">
        <ele>4678</ele>
        <time>2026-06-01T16:34:29Z</time>
        <hdop>3</hdop>
        <extensions>
          <osmand:speed>0.1</osmand:speed>
        </extensions>
      </trkpt>
      <trkpt lat="-13.5482702" lon="-71.2373863">
        <ele>4675.9</ele>
        <time>2026-06-01T16:34:44Z</time>
        <hdop>3</hdop>
        <extensions>
          <osmand:speed>0.1</osmand:speed>
        </extensions>
      </trkpt>
      <trkpt lat="-13.5482176" lon="-71.2373955">
        <ele>4678.2</ele>
        <time>2026-06-01T16:34:59Z</time>
        <hdop>3</hdop>
        <extensions>
          <osmand:speed>0.1</osmand:speed>
        </extensions>
      </trkpt>
      <trkpt lat="-13.5482108" lon="-71.2373915">
        <ele>4679.1</ele>
        <time>2026-06-01T16:35:14Z</time>
        <hdop>3</hdop>
        <extensions>
          <osmand:speed>0.3</osmand:speed>
        </extensions>
      </trkpt>
      <trkpt lat="-13.5481477" lon="-71.2373328">
        <ele>4677.7</ele>
        <time>2026-06-01T16:35:30Z</time>
        <hdop>3</hdop>
        <extensions>
          <osmand:speed>0.1</osmand:speed>
        </extensions>
      </trkpt>
      <trkpt lat="-13.5481307" lon="-71.2372606">
        <ele>4676.4</ele>
        <time>2026-06-01T16:35:45Z</time>
        <hdop>3</hdop>
        <extensions>
          <osmand:speed>0.5</osmand:speed>
        </extensions>
      </trkpt>
      <trkpt lat="-13.5481026" lon="-71.2372281">
        <ele>4674.9</ele>
        <time>2026-06-01T16:36:01Z</time>
        <hdop>3</hdop>
        <extensions>
          <osmand:speed>0</osmand:speed>
        </extensions>
      </trkpt>
      <trkpt lat="-13.5480439" lon="-71.2371741">
        <ele>4674.2</ele>
        <time>2026-06-01T16:36:16Z</time>
        <hdop>3</hdop>
        <extensions>
          <osmand:speed>0.7</osmand:speed>
        </extensions>
      </trkpt>
      <trkpt lat="-13.5479904" lon="-71.2371013">
        <ele>4675</ele>
        <time>2026-06-01T16:36:31Z</time>
        <hdop>3</hdop>
        <extensions>
          <osmand:speed>0.6</osmand:speed>
        </extensions>
      </trkpt>
      <trkpt lat="-13.5479335" lon="-71.237031">
        <ele>4676.5</ele>
        <time>2026-06-01T16:36:47Z</time>
        <hdop>3</hdop>
        <extensions>
          <osmand:speed>0.8</osmand:speed>
        </extensions>
      </trkpt>
      <trkpt lat="-13.547884" lon="-71.2369331">
        <ele>4675.4</ele>
        <time>2026-06-01T16:37:02Z</time>
        <hdop>3</hdop>
        <extensions>
          <osmand:speed>0.7</osmand:speed>
        </extensions>
      </trkpt>
      <trkpt lat="-13.5478355" lon="-71.2368334">
        <ele>4675.8</ele>
        <time>2026-06-01T16:37:17Z</time>
        <hdop>3</hdop>
        <extensions>
          <osmand:speed>0.9</osmand:speed>
        </extensions>
      </trkpt>
      <trkpt lat="-13.5477803" lon="-71.2367383">
        <ele>4673.7</ele>
        <time>2026-06-01T16:37:32Z</time>
        <hdop>3</hdop>
        <extensions>
          <osmand:speed>0.7</osmand:speed>
        </extensions>
      </trkpt>
      <trkpt lat="-13.5476826" lon="-71.2366769">
        <ele>4673.5</ele>
        <time>2026-06-01T16:37:48Z</time>
        <hdop>3</hdop>
        <extensions>
          <osmand:speed>0.7</osmand:speed>
        </extensions>
      </trkpt>
      <trkpt lat="-13.5476126" lon="-71.2365884">
        <ele>4676</ele>
        <time>2026-06-01T16:38:03Z</time>
        <hdop>3</hdop>
        <extensions>
          <osmand:speed>0.2</osmand:speed>
        </extensions>
      </trkpt>
      <trkpt lat="-13.5475686" lon="-71.2364938">
        <ele>4678</ele>
        <time>2026-06-01T16:38:18Z</time>
        <hdop>3</hdop>
        <extensions>
          <osmand:speed>0.7</osmand:speed>
        </extensions>
      </trkpt>
      <trkpt lat="-13.5474778" lon="-71.2364268">
        <ele>4678.4</ele>
        <time>2026-06-01T16:38:33Z</time>
        <hdop>3</hdop>
        <extensions>
          <osmand:speed>0.9</osmand:speed>
        </extensions>
      </trkpt>
      <trkpt lat="-13.5474243" lon="-71.2363225">
        <ele>4679.2</ele>
        <time>2026-06-01T16:38:49Z</time>
        <hdop>3</hdop>
        <extensions>
          <osmand:speed>0.6</osmand:speed>
        </extensions>
      </trkpt>
      <trkpt lat="-13.5473407" lon="-71.2363274">
        <ele>4679.8</ele>
        <time>2026-06-01T16:39:04Z</time>
        <hdop>3</hdop>
        <extensions>
          <osmand:speed>0.8</osmand:speed>
        </extensions>
      </trkpt>
      <trkpt lat="-13.547251" lon="-71.2363667">
        <ele>4681</ele>
        <time>2026-06-01T16:39:19Z</time>
        <hdop>3</hdop>
        <extensions>
          <osmand:speed>0.8</osmand:speed>
        </extensions>
      </trkpt>
      <trkpt lat="-13.5471457" lon="-71.2364104">
        <ele>4683.4</ele>
        <time>2026-06-01T16:39:35Z</time>
        <hdop>3</hdop>
        <extensions>
          <osmand:speed>0.8</osmand:speed>
        </extensions>
      </trkpt>
      <trkpt lat="-13.5470862" lon="-71.2364745">
        <ele>4683.8</ele>
        <time>2026-06-01T16:39:50Z</time>
        <hdop>3</hdop>
        <extensions>
          <osmand:speed>0.7</osmand:speed>
        </extensions>
      </trkpt>
      <trkpt lat="-13.547088" lon="-71.2365534">
        <ele>4681.9</ele>
        <time>2026-06-01T16:40:05Z</time>
        <hdop>3</hdop>
        <extensions>
          <osmand:speed>0.6</osmand:speed>
        </extensions>
      </trkpt>
      <trkpt lat="-13.5470913" lon="-71.2365961">
        <ele>4684.8</ele>
        <time>2026-06-01T16:40:21Z</time>
        <hdop>3</hdop>
        <extensions>
          <osmand:speed>0</osmand:speed>
        </extensions>
      </trkpt>
      <trkpt lat="-13.5471237" lon="-71.2366253">
        <ele>4684.8</ele>
        <time>2026-06-01T16:40:37Z</time>
        <hdop>3</hdop>
        <extensions>
          <osmand:speed>0.1</osmand:speed>
        </extensions>
      </trkpt>
      <trkpt lat="-13.5471242" lon="-71.2366276">
        <ele>4684.8</ele>
        <time>2026-06-01T16:40:53Z</time>
        <hdop>3</hdop>
        <extensions>
          <osmand:speed>0.1</osmand:speed>
        </extensions>
      </trkpt>
      <trkpt lat="-13.5471235" lon="-71.2366277">
        <ele>4684.8</ele>
        <time>2026-06-01T16:41:08Z</time>
        <hdop>3</hdop>
        <extensions>
          <osmand:speed>0</osmand:speed>
        </extensions>
      </trkpt>
      <trkpt lat="-13.5471251" lon="-71.2366264">
        <ele>4684.8</ele>
        <time>2026-06-01T16:41:24Z</time>
        <hdop>3</hdop>
        <extensions>
          <osmand:speed>0.1</osmand:speed>
        </extensions>
      </trkpt>
      <trkpt lat="-13.5471245" lon="-71.2366257">
        <ele>4684.8</ele>
        <time>2026-06-01T16:41:39Z</time>
        <hdop>3</hdop>
        <extensions>
          <osmand:speed>0.1</osmand:speed>
        </extensions>
      </trkpt>
      <trkpt lat="-13.5471237" lon="-71.2366279">
        <ele>4684.8</ele>
        <time>2026-06-01T16:41:54Z</time>
        <hdop>3</hdop>
        <extensions>
          <osmand:speed>0.2</osmand:speed>
        </extensions>
      </trkpt>
      <trkpt lat="-13.5470976" lon="-71.236695">
        <ele>4685</ele>
        <time>2026-06-01T16:42:09Z</time>
        <hdop>3</hdop>
        <extensions>
          <osmand:speed>0.7</osmand:speed>
        </extensions>
      </trkpt>
      <trkpt lat="-13.5470006" lon="-71.2367518">
        <ele>4686.6</ele>
        <time>2026-06-01T16:42:25Z</time>
        <hdop>3</hdop>
        <extensions>
          <osmand:speed>0.9</osmand:speed>
        </extensions>
      </trkpt>
      <trkpt lat="-13.5468879" lon="-71.2368243">
        <ele>4684.5</ele>
        <time>2026-06-01T16:42:40Z</time>
        <hdop>3</hdop>
        <extensions>
          <osmand:speed>1.1</osmand:speed>
        </extensions>
      </trkpt>
      <trkpt lat="-13.5467693" lon="-71.2368948">
        <ele>4684.1</ele>
        <time>2026-06-01T16:42:56Z</time>
        <hdop>3</hdop>
        <extensions>
          <osmand:speed>0.8</osmand:speed>
        </extensions>
      </trkpt>
      <trkpt lat="-13.5466823" lon="-71.2369145">
        <ele>4686.2</ele>
        <time>2026-06-01T16:43:11Z</time>
        <hdop>3</hdop>
        <extensions>
          <osmand:speed>0.7</osmand:speed>
        </extensions>
      </trkpt>
      <trkpt lat="-13.5466226" lon="-71.2369733">
        <ele>4685.2</ele>
        <time>2026-06-01T16:43:26Z</time>
        <hdop>3</hdop>
        <extensions>
          <osmand:speed>0.6</osmand:speed>
        </extensions>
      </trkpt>
      <trkpt lat="-13.5465765" lon="-71.2370947">
        <ele>4684.8</ele>
        <time>2026-06-01T16:43:41Z</time>
        <hdop>3</hdop>
        <extensions>
          <osmand:speed>0.7</osmand:speed>
        </extensions>
      </trkpt>
      <trkpt lat="-13.5466091" lon="-71.2371777">
        <ele>4687</ele>
        <time>2026-06-01T16:43:56Z</time>
        <hdop>3</hdop>
        <extensions>
          <osmand:speed>0.8</osmand:speed>
        </extensions>
      </trkpt>
      <trkpt lat="-13.5466744" lon="-71.2373061">
        <ele>4686.8</ele>
        <time>2026-06-01T16:44:12Z</time>
        <hdop>3</hdop>
        <extensions>
          <osmand:speed>1</osmand:speed>
        </extensions>
      </trkpt>
      <trkpt lat="-13.5467459" lon="-71.2374271">
        <ele>4687.6</ele>
        <time>2026-06-01T16:44:27Z</time>
        <hdop>3</hdop>
        <extensions>
          <osmand:speed>1.1</osmand:speed>
        </extensions>
      </trkpt>
      <trkpt lat="-13.5468189" lon="-71.2375703">
        <ele>4685.2</ele>
        <time>2026-06-01T16:44:42Z</time>
        <hdop>3</hdop>
        <extensions>
          <osmand:speed>1.1</osmand:speed>
        </extensions>
      </trkpt>
      <trkpt lat="-13.5469093" lon="-71.2376816">
        <ele>4683.7</ele>
        <time>2026-06-01T16:44:58Z</time>
        <hdop>3</hdop>
        <extensions>
          <osmand:speed>0.7</osmand:speed>
        </extensions>
      </trkpt>
      <trkpt lat="-13.5469368" lon="-71.2377329">
        <ele>4683.5</ele>
        <time>2026-06-01T16:45:13Z</time>
        <hdop>3</hdop>
        <extensions>
          <osmand:speed>0.4</osmand:speed>
        </extensions>
      </trkpt>
      <trkpt lat="-13.54711" lon="-71.2377786">
        <ele>4684.7</ele>
        <time>2026-06-01T16:45:28Z</time>
        <hdop>3</hdop>
        <extensions>
          <osmand:speed>1.1</osmand:speed>
        </extensions>
      </trkpt>
      <trkpt lat="-13.5472522" lon="-71.2378161">
        <ele>4683.7</ele>
        <time>2026-06-01T16:45:43Z</time>
        <hdop>3</hdop>
        <extensions>
          <osmand:speed>1</osmand:speed>
        </extensions>
      </trkpt>
      <trkpt lat="-13.547368" lon="-71.2378542">
        <ele>4684</ele>
        <time>2026-06-01T16:45:58Z</time>
        <hdop>3</hdop>
        <extensions>
          <osmand:speed>1</osmand:speed>
        </extensions>
      </trkpt>
      <trkpt lat="-13.5474818" lon="-71.2379025">
        <ele>4684.4</ele>
        <time>2026-06-01T16:46:13Z</time>
        <hdop>3</hdop>
        <extensions>
          <osmand:speed>1</osmand:speed>
        </extensions>
      </trkpt>
      <trkpt lat="-13.5476424" lon="-71.2379051">
        <ele>4682.5</ele>
        <time>2026-06-01T16:46:29Z</time>
        <hdop>3</hdop>
        <extensions>
          <osmand:speed>1</osmand:speed>
        </extensions>
      </trkpt>
      <trkpt lat="-13.5477451" lon="-71.2379259">
        <ele>4680.7</ele>
        <time>2026-06-01T16:46:44Z</time>
        <hdop>3</hdop>
        <extensions>
          <osmand:speed>0.8</osmand:speed>
        </extensions>
      </trkpt>
      <trkpt lat="-13.5478308" lon="-71.2379591">
        <ele>4677.6</ele>
        <time>2026-06-01T16:46:59Z</time>
        <hdop>3</hdop>
        <extensions>
          <osmand:speed>0.9</osmand:speed>
        </extensions>
      </trkpt>
      <trkpt lat="-13.5479327" lon="-71.2379849">
        <ele>4677.6</ele>
        <time>2026-06-01T16:47:14Z</time>
        <hdop>3</hdop>
        <extensions>
          <osmand:speed>0.9</osmand:speed>
        </extensions>
      </trkpt>
      <trkpt lat="-13.5480136" lon="-71.2380135">
        <ele>4676.1</ele>
        <time>2026-06-01T16:47:29Z</time>
        <hdop>3</hdop>
        <extensions>
          <osmand:speed>0.7</osmand:speed>
        </extensions>
      </trkpt>
      <trkpt lat="-13.5481264" lon="-71.2380505">
        <ele>4675</ele>
        <time>2026-06-01T16:47:44Z</time>
        <hdop>3</hdop>
        <extensions>
          <osmand:speed>1</osmand:speed>
        </extensions>
      </trkpt>
      <trkpt lat="-13.5482583" lon="-71.2380702">
        <ele>4670.1</ele>
        <time>2026-06-01T16:48:00Z</time>
        <hdop>3</hdop>
        <extensions>
          <osmand:speed>1</osmand:speed>
        </extensions>
      </trkpt>
      <trkpt lat="-13.5483857" lon="-71.2381199">
        <ele>4670.6</ele>
        <time>2026-06-01T16:48:15Z</time>
        <hdop>3</hdop>
        <extensions>
          <osmand:speed>1.1</osmand:speed>
        </extensions>
      </trkpt>
      <trkpt lat="-13.5484838" lon="-71.238196">
        <ele>4670</ele>
        <time>2026-06-01T16:48:30Z</time>
        <hdop>3</hdop>
        <extensions>
          <osmand:speed>0.9</osmand:speed>
        </extensions>
      </trkpt>
      <trkpt lat="-13.5485836" lon="-71.2382691">
        <ele>4669.7</ele>
        <time>2026-06-01T16:48:45Z</time>
        <hdop>3.2</hdop>
        <extensions>
          <osmand:speed>0.9</osmand:speed>
        </extensions>
      </trkpt>
      <trkpt lat="-13.5487071" lon="-71.2383296">
        <ele>4667.1</ele>
        <time>2026-06-01T16:49:01Z</time>
        <hdop>3</hdop>
        <extensions>
          <osmand:speed>1.1</osmand:speed>
        </extensions>
      </trkpt>
      <trkpt lat="-13.5488165" lon="-71.2384246">
        <ele>4665.1</ele>
        <time>2026-06-01T16:49:16Z</time>
        <hdop>3</hdop>
        <extensions>
          <osmand:speed>0.9</osmand:speed>
        </extensions>
      </trkpt>
    </trkseg>
  </trk>
</gpx>